5.2241,5.0829,4.8554,-0.0428,-0.1960,-0.0301,9.7444,0.5363,0.0551,-0.1845,-0.2491,0.0253,point_left_1
5.5474,4.8219,4.6711,-0.0041,-0.1575,-0.1156,9.9742,0.1724,0.3759,-0.1585,-0.1062,-0.1085,point_left_1
5.5522,4.7429,5.4803,-0.0089,-0.0670,-0.2697,10.4794,0.4764,0.3112,-0.2133,-0.1081,-0.2475,point_left_1
5.9376,5.1930,5.7988,0.1721,-0.0578,-0.3770,11.5305,0.6800,0.0455,-0.0410,-0.2394,-0.4874,point_left_1
7.4651,4.6950,5.1523,0.3921,-0.0494,-0.8649,13.2758,-0.0359,-0.3400,-0.1415,-0.3913,-1.0848,point_left_1
7.4627,5.2792,3.6488,0.5373,0.8732,-1.6863,13.6350,0.3304,0.3160,0.0549,0.4839,-2.1558,point_left_1
5.7916,5.2936,4.9560,0.6332,1.7289,-2.3021,12.7012,1.0367,-1.1157,-0.0185,1.4713,-2.9764,point_left_1
5.3271,4.5274,4.9033,0.7409,1.1345,-2.9913,12.3469,1.4605,-2.5594,-0.8107,0.4430,-4.1366,point_left_1
2.7701,5.2098,3.8140,0.5537,1.5496,-3.2518,7.2520,1.3719,0.6871,-0.8731,1.3324,-4.2106,point_left_1
0.9098,4.8578,3.2537,0.5772,1.5024,-3.6262,7.8458,2.8252,-1.4605,-1.4534,1.2704,-4.3657,point_left_1
-0.8906,5.4396,2.9305,0.0561,1.0693,-3.9297,3.9145,2.7054,1.6807,-1.6891,1.1628,-4.3657,point_left_1
-3.1316,4.7453,4.2090,0.2603,1.8033,-3.7190,2.6767,4.0223,2.1476,-1.6341,2.1650,-3.4334,point_left_1
-3.5506,4.7956,2.8635,-0.1895,0.7216,-3.5550,4.3167,4.4269,2.6528,-1.8274,0.7120,-3.6596,point_left_1
-5.4588,5.6455,3.0167,-0.3809,1.6028,-3.0382,-2.4014,4.8411,4.0989,-1.5938,2.2152,-2.7917,point_left_1
-7.4771,5.5282,4.1875,-0.3645,1.4977,-2.5544,-0.6177,5.9041,6.0956,-1.3560,1.7965,-2.0841,point_left_1
-8.0900,6.2369,3.6559,-0.3580,0.3068,-1.6947,-2.2841,6.5170,6.5170,-0.9741,0.5860,-1.6386,point_left_1
-7.6686,5.8849,4.1659,-0.3088,0.2695,-1.0070,-0.9385,6.8929,6.4572,-0.8723,0.4359,-0.6426,point_left_1
-7.2544,5.5689,4.0630,-0.2282,-0.0969,-0.4615,-0.4717,6.7229,6.4476,-0.4149,-0.0582,-0.3134,point_left_1
-7.2042,5.0350,4.7692,-0.2578,0.3824,-0.2807,0.1341,6.7445,7.5369,-0.1462,0.5243,-0.2579,point_left_1
-8.0685,5.3175,4.4388,-0.0032,0.3372,-0.0606,-1.3312,6.9073,7.0437,-0.0176,0.3559,-0.3002,point_left_1
-7.6878,5.3271,3.6105,-0.0917,-0.0224,0.1852,-1.2139,6.8690,6.4763,0.0200,-0.1131,0.0493,point_left_1
-6.8187,4.7836,4.1444,-0.0831,0.0268,0.3182,-0.3328,6.7062,5.8562,0.1366,-0.0084,0.1844,point_left_1
-6.5122,4.9033,3.5075,0.0305,-0.1021,0.1877,-0.2705,6.4212,6.0430,0.1358,-0.1761,0.0393,point_left_1
-6.7325,5.0254,3.4309,0.0798,0.0191,0.2591,-0.5459,6.6200,5.6431,0.2010,-0.0278,0.1278,point_left_1
-6.7852,4.9967,3.9480,0.0929,-0.0735,0.3028,-0.3041,6.4045,6.3734,0.2931,-0.1514,0.2361,point_left_1
-8.2552,5.3822,4.4436,0.1147,-0.3822,1.0239,-1.5419,6.7421,7.1443,0.6611,-0.5814,1.0046,point_left_1
-8.7293,6.1004,3.6440,0.2955,-0.7440,2.0259,-2.7725,6.7469,5.9304,1.0385,-0.9606,1.8077,point_left_1
-7.4029,6.2177,3.2753,0.1699,-1.3206,2.7411,-1.8244,6.3422,4.3144,1.2405,-1.6731,2.7514,point_left_1
-5.5258,5.8969,2.8515,0.1311,-1.4409,3.1249,1.0319,5.4133,4.0917,1.3844,-1.8867,3.2762,point_left_1
-4.1396,5.6144,2.7438,0.1523,-1.3254,3.4567,2.2338,4.4293,2.9664,1.5700,-1.5605,3.5125,point_left_1
-1.4006,4.5346,2.9784,-0.0488,-1.4627,3.9079,2.4612,2.6743,0.7398,1.6943,-1.7413,4.0168,point_left_1
0.0407,4.4748,1.1803,-0.3902,-1.2300,4.1495,3.9672,1.1516,-0.0168,1.7523,-1.3852,4.3493,point_left_1
4.4963,3.2154,3.5219,-0.7270,-1.5840,4.1937,8.2935,-0.0479,-3.0287,1.4442,-1.6025,4.3656,point_left_1
5.9855,4.2282,1.6520,-1.0062,-1.4693,3.2575,12.2128,0.0311,-2.2577,0.7605,-1.4220,3.8782,point_left_1
7.7644,3.8978,3.6895,-1.2889,-1.1734,2.6401,13.3309,0.1484,-2.9449,0.4253,-0.5221,3.0358,point_left_1
7.8697,4.7214,4.7477,-0.9350,-0.8324,1.4693,13.2160,0.5818,-2.1691,-0.1015,-0.3958,1.9819,point_left_1
8.3438,4.7190,4.1180,-0.7548,-0.7512,0.8807,13.9893,-0.1125,-0.8547,-0.2661,-0.2603,1.3578,point_left_1
7.9152,4.6615,6.0501,-0.6861,0.0778,0.1879,13.9199,0.3160,0.1580,-0.2365,0.4286,0.5013,point_left_1
6.2297,5.2385,5.3989,-0.2289,0.2526,-0.1719,11.1737,0.4022,0.5219,-0.1102,0.4590,-0.1419,point_left_1
5.2648,5.5091,5.6120,-0.2297,0.4305,-0.2490,10.5896,1.1396,0.3807,-0.0907,0.5223,-0.2242,point_left_1
5.0230,5.2481,5.8849,-0.1128,0.1007,-0.1577,9.4930,0.8882,0.8140,-0.0782,0.1779,-0.1812,point_left_1
5.4492,5.3582,5.1954,-0.0265,-0.0016,-0.1362,10.1586,1.1061,0.3950,-0.1038,0.0361,-0.1775,point_left_1
4.6543,5.1691,5.8059,-0.0076,0.0982,-0.0629,9.9264,0.9553,1.0798,-0.0087,0.0625,-0.1251,point_left_1
5.5474,5.2577,4.8914,0.1272,0.1498,-0.0969,10.5105,0.8547,0.9242,0.1812,-0.0145,-0.2431,point_left_1
5.5522,5.3103,5.1619,0.1583,0.2451,-0.2757,10.5465,1.0582,0.0742,0.0489,0.1419,-0.4327,point_left_1
6.1435,5.3223,5.7245,0.1958,0.0040,-0.3182,11.3006,1.0774,-0.6776,-0.0052,-0.1319,-0.4258,point_left_1
7.2736,5.2170,4.5969,0.1936,0.2702,-0.7679,13.3908,0.7901,-0.0192,-0.1168,-0.1311,-0.8652,point_left_1
6.9863,5.2194,5.5689,0.3769,0.9637,-1.3019,12.5001,0.5890,0.8835,-0.0593,0.8691,-1.5022,point_left_1
7.1228,4.9392,6.0406,0.8127,1.8138,-2.2833,15.0069,1.4509,-0.4980,0.0842,1.2272,-2.8301,point_left_1
3.6871,5.7389,5.0422,1.0661,1.8827,-2.8401,10.4052,2.1165,-0.6895,-0.5253,1.7495,-3.7691,point_left_1
2.4062,5.4396,5.0015,0.9976,1.6331,-2.9268,6.1627,1.9010,1.6999,-0.3929,1.1867,-3.5412,point_left_1
0.6704,5.0254,4.9488,0.9234,1.1602,-3.0742,9.0237,3.1412,0.4381,-0.7204,0.7454,-3.5694,point_left_1
0.6656,5.2625,3.5530,0.8800,0.2657,-3.4366,6.5841,3.0933,-0.2562,-1.0589,-0.1559,-4.2070,point_left_1
-0.6321,5.3654,2.3535,0.5476,1.0180,-3.4274,2.4636,2.7318,1.5610,-1.3979,1.4440,-3.5120,point_left_1
-2.3200,5.2289,2.2601,0.3989,1.0521,-3.1520,3.4046,4.0342,1.1588,-1.2299,1.1547,-3.2857,point_left_1
-3.9313,4.9967,1.6927,0.2657,0.9721,-2.9976,1.1444,4.8530,2.3679,-1.3145,1.3931,-2.8117,point_left_1
-6.2321,5.1571,1.8723,0.0225,1.2159,-2.5043,-0.8906,5.7317,3.5793,-1.1583,1.7726,-2.5165,point_left_1
-7.5872,5.8849,2.1332,-0.2077,0.7278,-2.0661,-2.8778,6.6367,4.8363,-1.0936,1.0591,-2.0788,point_left_1
-9.6271,6.9121,2.7749,-0.2527,0.1140,-1.2428,-4.1827,7.1347,7.1395,-0.9413,0.3725,-1.0451,point_left_1
-7.9464,6.6846,2.8036,-0.2265,-0.1719,-0.6183,-0.6033,8.0182,5.3175,-0.6686,-0.1210,-0.4147,point_left_1
-7.6519,6.1459,4.1084,-0.2009,-0.0851,-0.3206,-0.0694,7.4101,7.3334,-0.3272,0.0384,-0.1194,point_left_1
-6.7397,6.3279,2.6288,-0.0787,0.0674,-0.0719,0.6991,7.4915,6.0645,-0.0420,-0.0961,-0.0508,point_left_1
-7.2616,6.3662,4.2138,-0.1990,0.3568,0.0889,-0.0599,7.4651,6.1363,-0.0180,0.5577,0.0532,point_left_1
-6.4979,5.9687,4.1132,0.0183,-0.0638,0.2892,1.0846,7.3885,5.4229,0.1560,-0.2879,0.1721,point_left_1
-5.7676,5.7389,3.2968,0.0785,-0.1339,0.2514,0.8643,7.0342,5.1260,0.1940,-0.1663,0.1515,point_left_1
-5.8778,5.6503,2.6671,0.0722,0.1458,0.1589,0.3496,7.1611,4.5849,0.2433,-0.0301,0.0484,point_left_1
-7.0126,5.8849,2.6552,-0.0334,0.0446,0.2802,-1.3168,6.9528,5.0326,0.2277,0.0274,0.2825,point_left_1
-6.6080,5.5545,3.5027,0.0809,-0.1263,0.4335,0.2873,6.9983,5.6695,0.3657,-0.2703,0.4473,point_left_1
-7.8961,6.4907,2.1739,0.0105,0.0883,0.7020,-2.0327,7.6136,5.4420,0.5488,0.0520,0.6670,point_left_1
-8.7891,6.7301,2.9856,-0.1034,-0.3681,1.2682,-2.8371,7.2664,6.2728,0.5985,-0.3692,1.4250,point_left_1
-8.0924,6.7732,3.1292,-0.1188,-0.8715,1.9833,-1.0223,7.2089,5.0829,0.8278,-1.1754,2.2252,point_left_1
-7.0150,6.5984,3.0335,-0.0958,-1.1151,2.6846,-0.8332,6.2273,4.4987,1.0869,-1.2867,2.7896,point_left_1
-5.6719,6.0334,2.5426,-0.0369,-1.4544,3.3473,0.3376,4.9536,3.5291,1.3342,-1.8183,3.5078,point_left_1
-2.9880,5.3702,1.6185,-0.1154,-1.3115,3.9243,2.4876,3.5985,1.7645,1.5792,-1.8266,4.1605,point_left_1
-1.9010,4.9105,1.4868,-0.3886,-1.2704,4.2411,3.7158,2.0327,0.7374,1.6282,-1.4208,4.3656,point_left_1
1.6831,3.7206,1.9728,-0.8218,-1.0083,4.3656,6.6942,0.6321,-1.8459,1.7035,-1.5436,4.3656,point_left_1
3.9073,3.9648,3.2537,-1.1338,-1.3382,3.4991,10.9439,0.4884,-3.2010,0.9072,-1.2376,4.2974,point_left_1
8.1618,3.3399,3.5458,-1.0956,-1.7997,3.0220,12.3900,-0.6416,-3.3375,0.6027,-1.3948,3.9243,point_left_1
8.9064,4.9991,2.1093,-0.9803,-0.5025,1.8041,15.7131,0.2610,-2.0183,0.3271,-0.6844,2.4023,point_left_1
8.3103,5.6479,5.1188,-1.1097,-0.0230,0.8075,14.4107,1.0654,-1.9968,-0.1407,0.8769,1.2353,point_left_1
6.9025,5.8371,5.8514,-0.8497,0.1170,0.2425,12.7108,0.4094,0.8835,-0.2597,0.3345,0.7108,point_left_1
5.2122,6.1028,7.5034,-0.4546,0.2541,0.1408,12.0237,0.7518,1.7813,-0.0053,0.5200,0.2815,point_left_1
5.6168,5.7365,6.4643,-0.1344,0.0416,0.1952,11.4874,0.7685,0.4717,0.0553,-0.0994,0.1351,point_left_1
5.6072,5.8682,5.3391,-0.0466,0.0509,0.0234,10.7045,0.8906,0.1149,0.0099,0.0670,-0.0057,point_left_1
5.2146,5.7030,5.3247,0.0085,0.0380,-0.0738,10.6255,0.9960,0.1173,-0.0036,-0.0997,-0.1126,point_left_1
4.8387,5.8442,5.0805,0.0397,0.0975,-0.1171,9.9862,1.0798,0.4214,0.0237,0.0293,-0.1623,point_left_1
4.4987,5.8802,5.0925,0.0400,0.0569,-0.1114,9.7636,1.2498,0.2370,-0.0179,-0.0453,-0.1478,point_left_1
4.6136,5.7078,5.2744,0.0938,-0.1179,-0.0544,9.7947,1.1444,0.1125,-0.0053,-0.2044,-0.1033,point_left_1
5.0901,5.5737,4.8866,0.1023,-0.1788,-0.1688,10.3358,0.9409,-0.0527,-0.1816,-0.2517,-0.1685,point_left_1
5.2098,5.6527,4.8219,0.1003,-0.0746,-0.2839,10.5489,0.9385,0.0766,-0.1172,-0.0918,-0.3403,point_left_1
5.6623,5.5761,5.3726,0.1416,-0.0942,-0.4579,11.2480,0.9673,-0.5722,-0.2141,-0.2254,-0.5291,point_left_1
6.6726,5.3151,7.0102,0.1470,-0.7385,-0.9510,13.5512,0.8882,-2.4349,-0.9714,-0.9422,-1.1202,point_left_1
7.8075,5.5498,5.4396,0.3047,-1.2877,-1.3275,11.9088,0.0383,-1.1756,-1.2209,-1.2000,-1.4807,point_left_1
7.8458,5.7581,3.1388,0.3948,-0.4211,-2.1013,14.6453,0.6943,-1.5299,-1.3745,-0.5444,-2.0530,point_left_1
6.5242,5.1619,3.9169,0.1490,-0.3405,-3.0161,13.0197,1.0654,-2.0279,-1.6737,-0.0771,-3.1459,point_left_1
4.1396,5.2792,2.1668,0.2128,0.7906,-3.5445,8.9591,1.5323,-0.9529,-1.6383,0.9667,-3.7839,point_left_1
1.0750,5.0685,1.5562,0.0370,1.2377,-4.0302,8.1618,2.3439,-1.7693,-1.8855,1.2263,-4.3508,point_left_1
-0.5746,4.8363,1.7885,-0.1599,1.2213,-4.3576,4.5418,3.0239,0.0263,-1.9009,1.4694,-4.3420,point_left_1
-1.1827,3.7685,-1.5945,-0.2216,2.9845,-4.3657,6.3087,3.4740,-1.3336,-1.6537,2.9942,-4.3657,point_left_1
-5.4444,4.0797,-2.7509,-0.9321,3.8261,-4.3657,0.7805,2.3152,1.3982,-1.9654,4.3656,-4.3657,point_left_1
-10.6877,4.3814,5.9544,-1.1784,4.3656,-3.7529,-9.3470,4.3718,3.6655,-1.1603,4.3656,-3.3670,point_left_1
-11.2264,4.5993,4.0534,-0.1601,1.0796,-2.3430,-5.5138,6.5218,5.1260,-1.0633,0.6402,-1.9337,point_left_1
-11.4012,5.6024,2.8299,-0.3432,-0.8752,-1.0778,-7.2496,5.9903,8.2432,-1.0155,-0.8255,-0.7237,point_left_1
-7.6207,4.0606,4.2090,-0.1086,-0.5247,-0.2836,0.3855,7.2496,5.7126,-0.4710,-0.5452,-0.0161,point_left_1
-8.2672,4.9249,2.8228,-0.2898,-0.4383,-0.3167,-1.6903,6.8187,6.9264,-0.3553,-0.3665,-0.2522,point_left_1
-8.3989,4.9321,3.7661,-0.1314,-0.1607,0.1442,-1.5347,6.6487,7.1802,-0.1731,-0.1142,0.0779,point_left_1
-6.7086,4.4796,3.0957,0.0228,-0.2216,0.1412,0.5914,7.1419,5.2170,-0.0280,-0.4990,0.0301,point_left_1
-7.6998,5.1571,2.3822,-0.1054,0.0071,0.1166,-1.7286,6.8498,5.6814,-0.1175,0.3214,-0.0368,point_left_1
-7.4531,4.4987,4.1539,-0.0109,-0.1216,0.3384,-0.2538,6.9384,5.2936,0.1092,-0.3222,0.2381,point_left_1
-7.5800,4.9488,2.4995,0.0332,-0.2527,0.3890,-1.1349,7.0581,5.5330,0.1512,-0.2946,0.2609,point_left_1
-9.4164,5.2026,3.1460,0.0542,-0.4315,1.0223,-2.7940,7.3167,6.1483,0.4173,-0.5965,0.8791,point_left_1
-8.9807,5.0302,3.2202,-0.0436,-0.7537,1.4670,-2.6432,7.0294,6.5457,0.5247,-0.9342,1.4305,point_left_1
-8.7412,5.4875,2.6456,0.1663,-0.9002,1.9685,-1.9130,7.2185,5.9903,0.7979,-1.1556,1.6936,point_left_1
-6.9025,5.9089,1.7358,0.0336,-0.9246,2.1561,0.3017,7.0605,5.4516,1.0218,-1.2625,1.8969,point_left_1
-6.8953,6.1363,2.7749,-0.1832,-0.2200,2.4681,-0.5962,6.2489,5.1787,1.3903,-0.3122,2.3798,point_left_1
-7.1443,5.4324,3.7110,-0.2623,-0.3174,3.4038,-1.7406,4.1372,5.5809,1.7537,-0.5332,3.2860,point_left_1
-3.8618,4.3359,3.1915,0.1059,-0.7262,4.3122,1.3288,2.5618,1.7645,2.2579,-1.3530,4.3435,point_left_1
-2.0662,4.0438,1.5538,-0.8661,-0.8645,4.3656,1.4341,-0.2729,1.4246,2.2957,-0.7378,4.3656,point_left_1
1.7095,1.2570,1.8507,-1.8996,-1.0970,4.3656,7.3023,-2.0470,-2.3822,2.1666,-1.1835,4.3656,point_left_1
7.5058,2.5546,3.0095,-0.8388,-1.4673,3.6893,16.1680,-0.4405,-4.5921,1.0344,-1.4987,4.3656,point_left_1
9.0644,3.6320,2.2218,-1.1635,-0.9759,2.6164,14.5687,-0.8619,-3.3710,0.7654,-0.2694,2.9707,point_left_1
9.5265,4.7429,4.9536,-1.2020,0.0727,1.3775,14.7507,0.5890,-2.9113,0.1468,0.6229,1.6846,point_left_1
6.6463,5.6096,6.3015,-0.8588,-0.3865,0.6211,12.0261,0.8021,-0.5746,-0.3317,0.2778,1.0560,point_left_1
6.7780,5.9089,5.7413,-0.7240,-0.3218,0.2836,13.2902,1.4126,-0.6823,-0.5833,-0.0785,0.6101,point_left_1
5.1763,5.7988,7.1802,-0.6010,-0.1667,-0.0241,11.0660,0.8763,1.6113,-0.5544,0.4146,0.2852,point_left_1
5.4947,5.5785,6.3925,-0.1949,-0.2068,-0.0514,12.1793,0.6345,2.1332,-0.2124,-0.1700,-0.0068,point_left_1
5.2672,5.5929,5.9687,0.0053,0.2040,-0.1929,11.1115,1.3623,0.8164,-0.0807,0.2277,-0.2733,point_left_1
3.9696,6.0142,5.5234,0.0117,0.1544,-0.2541,9.4164,1.9082,0.7805,-0.0741,0.0477,-0.2930,point_left_1
3.8738,5.7269,6.3087,0.0273,0.0418,-0.0325,9.4332,1.5921,1.3384,0.0699,-0.0301,-0.0488,point_left_1
4.1946,5.5402,5.5282,0.1664,-0.1871,-0.0349,9.3230,1.1133,1.6041,-0.0157,-0.2418,-0.1507,point_left_1
4.6112,5.3630,5.1236,0.2498,-0.1095,-0.0573,9.8282,1.4126,0.4980,-0.0035,-0.2004,-0.2108,point_left_1
4.7573,5.3271,5.1404,0.1131,-0.0125,-0.2185,9.7683,1.4533,0.2346,-0.1043,-0.0626,-0.2438,point_left_1
4.6017,5.4229,5.3415,0.1324,-0.1167,-0.2924,10.0676,1.4269,0.7254,-0.1615,-0.1583,-0.3567,point_left_1
4.7429,5.4875,6.0669,0.2490,0.0041,-0.3728,10.7452,1.6496,0.4549,-0.0492,-0.1324,-0.4798,point_left_1
6.5960,5.2241,4.8794,0.3316,-0.4253,-0.7510,12.7156,1.6281,-0.9290,-0.3824,-0.5930,-1.0295,point_left_1
5.6455,5.1116,5.3774,0.1502,-0.0334,-1.1517,11.7244,1.0678,-0.9433,-0.5037,0.0861,-1.5127,point_left_1
6.4907,4.8076,5.2601,0.5295,-0.7105,-2.1901,13.1753,1.3862,-1.8004,-1.1858,-0.9759,-2.6923,point_left_1
4.8147,5.2648,4.2856,0.6472,-0.0923,-3.0866,10.3382,1.8531,-1.3695,-1.4815,-0.1387,-2.8794,point_left_1
4.6280,5.7078,2.6145,0.1779,0.4167,-3.4629,11.7914,3.0287,-3.1819,-1.7497,0.3171,-3.3374,point_left_1
0.7302,5.9640,1.9513,0.0127,0.8605,-4.3172,7.9487,2.2098,1.0989,-2.0252,1.1187,-4.2112,point_left_1
-1.9034,5.5952,4.3527,0.3471,2.2980,-4.1014,5.4660,3.8164,1.7957,-1.2532,2.5868,-3.5222,point_left_1
-2.3439,4.8842,4.5586,0.2204,0.8222,-3.8377,5.5354,4.5442,-0.2538,-1.7110,0.2246,-3.9181,point_left_1
-3.4979,4.8842,0.8787,0.2402,1.0239,-4.0368,1.1995,2.9712,3.8235,-1.8381,1.7597,-3.7766,point_left_1
-4.6759,3.9768,1.7142,-0.0501,1.7814,-3.6669,2.2721,5.0422,0.9792,-1.5364,1.6598,-3.3685,point_left_1
-8.1954,6.0645,0.2969,-0.6626,1.4566,-3.3685,-3.5937,5.0973,5.0230,-1.7225,2.5197,-3.2688,point_left_1
-9.6391,4.8147,4.8123,-0.3573,1.9721,-2.0478,-2.5738,6.7995,6.0334,-0.9197,2.4686,-1.2845,point_left_1
-9.2440,5.2840,3.2346,-0.1855,-0.0079,-1.3110,-2.8252,7.0749,6.4212,-0.7695,-0.1468,-0.9803,point_left_1
-8.8035,5.0398,3.6871,-0.1283,-0.3104,-0.6784,-1.3216,7.2832,6.6439,-0.6165,-0.1267,-0.4851,point_left_1
-8.5688,4.8914,3.3088,-0.1821,-0.4739,-0.3445,-0.8475,7.2951,6.4476,-0.4000,-0.4990,-0.1973,point_left_1
-7.7979,4.5203,3.9289,-0.1919,-0.0887,-0.1951,-0.5411,6.8043,6.7373,-0.2821,0.0493,-0.0851,point_left_1
-7.4029,4.4221,3.8331,0.0124,-0.1364,-0.0392,-0.2179,7.0701,5.7916,-0.0570,-0.2475,-0.1355,point_left_1
-7.8410,4.7118,2.9329,-0.0679,0.0241,0.1030,-1.0702,6.7780,6.3925,0.0560,0.0867,-0.0043,point_left_1
-7.8602,4.4652,3.6799,0.1260,0.0144,0.1992,-0.5986,6.7732,6.3973,0.1677,-0.0729,0.0726,point_left_1
-7.9823,4.8459,3.0933,0.0954,-0.1749,0.4061,-1.2091,7.0366,5.9424,0.2122,-0.2198,0.2325,point_left_1
-8.4994,4.9105,3.7469,0.1543,-0.2397,0.7738,-2.0183,6.8833,6.4739,0.4056,-0.3627,0.6226,point_left_1
-8.4635,4.9728,3.8211,0.2643,-0.6455,1.2103,-1.5897,7.0820,5.7581,0.5854,-0.9310,1.0015,point_left_1
-8.1355,5.4013,2.7078,0.3264,-0.8219,1.6192,-1.5443,7.2161,5.3965,0.7854,-1.0669,1.3999,point_left_1
-7.6758,5.8730,2.6695,0.1460,-0.8299,2.0916,-0.9840,6.4715,6.0454,0.9844,-1.0204,1.9642,point_left_1
-5.9664,5.6072,4.4604,0.0954,-0.9309,2.5123,1.0822,6.5434,3.9073,1.1936,-1.2993,2.5406,point_left_1
-6.4404,6.7588,1.9034,0.1051,-1.0690,3.1508,0.2394,5.3917,4.7501,1.3887,-1.3584,3.0061,point_left_1
-4.4317,5.8323,4.0127,-0.2503,-0.9265,3.7437,2.8946,4.4939,2.8204,1.7240,-1.4707,3.8502,point_left_1
-1.2833,4.6663,4.6783,-0.4505,-1.3953,4.3400,3.5195,3.1723,0.8188,1.7657,-1.4599,4.3411,point_left_1
-2.1045,5.5713,-0.1820,-0.7643,-0.9505,4.3656,3.7996,1.7765,0.7949,1.6633,-1.1996,4.3656,point_left_1
4.2066,3.3184,3.9959,-1.0657,-1.2701,4.3569,8.8705,1.2498,-2.2122,1.4370,-1.0357,4.3656,point_left_1
4.3144,4.1228,1.6712,-1.3070,-1.1591,3.4724,10.0796,0.6680,-2.1524,0.8264,-0.6466,4.0702,point_left_1
6.4955,3.5506,4.0677,-1.4987,-1.3671,2.8394,12.1889,-0.1341,-2.0638,0.3371,-0.6314,3.4668,point_left_1
8.1187,4.1970,5.1667,-0.8503,-0.7077,1.5118,15.0811,0.5650,-1.3862,0.1236,-0.4967,1.8854,point_left_1
6.2632,5.3295,5.5186,-0.6590,-0.1010,0.9928,12.0069,0.6033,0.2538,0.0177,0.4423,1.1377,point_left_1
6.4859,5.3870,6.1076,-0.4612,-0.1795,0.6058,12.4163,0.8332,-0.6129,-0.0309,-0.1447,0.7051,point_left_1
6.0525,5.5330,5.5881,-0.4126,-0.1943,0.3012,11.1091,0.4310,0.6919,-0.0937,0.1198,0.3784,point_left_1
5.6527,5.0422,6.0286,-0.1653,-0.0236,0.2216,10.9966,-0.0096,0.6847,0.0121,0.0115,0.1947,point_left_1
6.1435,4.9799,5.8395,-0.0584,0.0541,0.0396,11.2384,0.1149,0.6895,0.0389,0.0822,-0.0802,point_left_1
5.2577,5.1044,6.2153,0.0809,0.0910,-0.0125,10.5919,0.5387,0.6967,0.0746,0.0815,-0.1406,point_left_1
5.3343,5.3247,4.8123,0.1585,0.0041,-0.0602,10.2089,0.8236,-0.0742,0.0345,-0.1460,-0.1653,point_left_1
5.0685,5.2529,4.9105,-0.0161,0.0815,-0.1471,9.7827,0.8021,0.5148,0.0157,0.1275,-0.2021,point_left_1
4.7525,5.3367,5.0470,0.0414,0.0152,-0.0815,9.8330,0.9577,0.2538,0.0117,-0.0807,-0.1128,point_left_1
5.1715,5.1427,5.2601,0.0353,0.0180,-0.1271,9.9982,0.8236,0.0072,-0.0376,-0.0308,-0.0947,point_left_1
5.4516,5.0374,5.7126,0.0637,-0.0681,-0.2166,10.5896,0.5531,0.2753,-0.0901,-0.1356,-0.2378,point_left_1
6.1866,4.9297,5.5976,0.3047,-0.0320,-0.4603,12.2439,0.3256,0.1748,-0.1266,-0.2322,-0.6055,point_left_1
7.0294,4.7932,5.2672,0.5051,0.3864,-0.8832,13.2854,0.1652,-0.4214,-0.0446,0.0093,-1.1490,point_left_1
7.2113,5.1092,4.4221,0.7641,0.7041,-1.5439,12.8162,0.4836,-1.2737,-0.1372,0.3463,-2.1406,point_left_1
6.0478,5.4684,3.7134,0.5264,1.3311,-2.0053,11.0732,1.0606,-1.5275,-0.3343,1.0102,-2.3109,point_left_1
4.1492,5.4109,5.0542,0.4647,1.0677,-2.4197,9.9575,1.9393,-1.8244,-0.7152,1.0525,-2.6364,point_left_1
3.3782,5.5545,3.9313,0.7565,-0.0204,-2.9339,9.3541,1.8675,0.6440,-1.2228,-0.0982,-3.3160,point_left_1
2.2769,5.4037,3.3064,0.5985,1.3555,-3.2603,9.3972,2.8850,0.1508,-1.0869,1.2594,-3.0369,point_left_1
0.9433,4.6232,3.1220,0.2982,0.9583,-3.9520,10.5177,3.6990,-1.5131,-1.7046,0.6695,-4.1648,point_left_1
-2.1763,5.0805,2.0830,0.1583,1.9895,-3.9169,2.2098,1.8699,1.9225,-2.0816,2.4252,-4.3657,point_left_1
-3.7541,4.2737,3.2178,0.7582,3.4668,-3.5639,5.1092,3.2226,5.4133,-0.2258,3.4238,-3.3223,point_left_1
-6.0142,5.2146,1.7980,0.7040,2.4630,-3.3620,1.0463,5.3558,1.3240,-0.2858,2.3257,-4.1548,point_left_1
-9.7181,6.6990,2.3750,0.1563,1.8766,-2.5812,-6.2991,6.8833,2.8515,-0.7973,2.8583,-2.9392,point_left_1
-9.3901,6.0382,2.1500,0.1569,-0.1263,-1.7817,-2.6217,7.6088,4.2713,-0.8811,-0.1322,-1.2777,point_left_1
-8.6215,5.9161,1.7023,0.0169,-0.5216,-1.0845,-1.3886,7.4819,5.9664,-0.7448,-0.4525,-0.7095,point_left_1
-8.2313,5.5713,1.7478,-0.2557,-0.1021,-0.6991,-0.9649,7.6160,5.5545,-0.4786,0.1026,-0.5329,point_left_1
-7.9152,5.3965,2.9712,-0.3756,-0.2852,-0.3985,-0.8045,7.5465,5.6360,-0.4716,-0.0897,-0.1418,point_left_1
-7.7979,5.2194,3.3399,-0.2401,-0.2709,-0.2537,-0.6393,7.1323,6.2680,-0.3281,-0.1015,-0.1071,point_left_1
-7.4340,5.4492,3.1460,-0.1268,-0.0725,0.0698,-0.2059,7.2089,5.6886,-0.0903,-0.1006,0.1142,point_left_1
-6.8738,5.0422,3.5386,-0.1539,-0.1744,0.1069,0.0934,6.9336,5.5498,-0.0609,-0.0853,0.0883,point_left_1
-7.1371,5.3558,2.7821,-0.0432,-0.2050,0.1993,-0.2322,6.9743,5.5378,-0.0175,-0.2407,0.1805,point_left_1
-7.2880,5.4037,2.7821,-0.1556,-0.1960,0.3258,-0.3735,7.1228,5.0470,-0.0293,-0.1424,0.3163,point_left_1
-8.1355,5.4588,3.0023,-0.0731,-0.3461,0.5185,-0.9649,7.2329,5.9328,0.0814,-0.3812,0.4692,point_left_1
-8.6143,5.9280,2.1356,-0.2395,-0.4890,0.9848,-2.1452,7.4819,5.5378,0.1867,-0.6051,1.0750,point_left_1
-8.5880,6.1268,2.0183,-0.4521,-0.8296,1.4639,-1.7573,7.5609,5.2960,0.1524,-0.7993,1.5481,point_left_1
-8.5736,5.8826,2.6288,-0.7040,-0.9224,2.1274,-1.7310,6.4500,6.9384,0.4257,-0.8783,2.2432,point_left_1
-6.7924,5.2672,3.8379,-0.4245,-1.1022,2.8282,0.1269,5.5354,4.7309,0.8684,-1.2694,2.8573,point_left_1
-4.0558,5.2888,2.4301,-0.4764,-1.2614,2.8694,2.6121,5.0470,3.2585,0.8390,-1.6816,2.9928,point_left_1
-4.1683,4.8147,4.7884,-0.8271,-1.3604,3.2859,1.2953,3.0430,3.9265,0.9201,-1.0151,3.6725,point_left_1
-2.2817,4.5562,4.7357,-0.3605,-1.9838,3.7121,4.5203,2.6695,2.0853,1.2188,-2.4621,4.1089,point_left_1
-1.3336,4.7094,2.5809,-0.4367,-1.7048,4.1010,4.1013,1.2570,1.6352,1.2885,-1.7223,4.3656,point_left_1
1.9968,4.0725,2.6791,-1.0666,-1.4131,4.1760,8.7747,0.8595,-1.0870,1.3274,-1.3634,4.3656,point_left_1
3.2561,4.0701,3.3471,-1.2750,-2.0362,3.6082,9.9311,0.6560,-2.2218,0.4182,-1.5579,4.2110,point_left_1
6.7301,3.8188,3.7469,-1.3776,-1.7555,2.5558,12.9407,0.0311,-1.8747,-0.1038,-1.3700,3.3829,point_left_1
7.0270,4.1252,4.4652,-1.4089,-1.0649,1.6635,13.1418,-0.6728,0.4310,-0.3509,-0.1613,2.3337,point_left_1
7.6830,3.6224,6.3686,-1.0341,-0.6940,0.9216,13.5392,-0.8547,0.5890,-0.3857,-0.0187,1.5354,point_left_1
6.7516,4.1061,6.4069,-0.7655,-0.0514,0.5105,12.2559,-1.0558,1.5155,-0.1576,0.3413,0.7629,point_left_1
6.6702,4.0893,7.0126,-0.4498,0.0076,0.2558,11.2623,-1.2522,1.7454,-0.1086,0.2483,0.3880,point_left_1
6.4811,4.1108,6.9456,-0.1251,0.0717,0.1885,12.0404,-0.9840,0.9816,0.1379,0.0613,0.1190,point_left_1
6.4165,4.3263,5.6096,-0.0687,0.1464,0.0085,11.0660,-0.8787,0.8475,0.1051,0.0787,-0.0713,point_left_1
5.4492,4.5059,6.7540,-0.0727,0.0213,-0.0654,9.6750,-0.4836,0.7829,-0.1707,0.1705,-0.1591,point_left_1
5.7964,4.3670,6.0310,0.0298,-0.3436,-0.0398,10.9774,-0.5291,0.9577,-0.1957,-0.4742,-0.0874,point_left_1
6.1746,4.0654,5.7030,0.0600,-0.0077,-0.1568,11.3365,-0.5914,0.6584,-0.0630,-0.0762,-0.1801,point_left_1
5.5306,4.4269,5.4803,0.0963,0.3214,-0.3746,10.2831,-0.4214,1.4700,0.0636,0.1877,-0.5361,point_left_1
5.2313,4.2617,5.8419,0.3159,0.3312,-0.3700,10.4722,-0.1437,1.3934,0.1693,0.0810,-0.5756,point_left_1
6.1028,3.5985,5.8897,0.5299,0.4946,-0.6165,12.0189,-0.6393,1.3001,0.2028,0.0835,-0.9594,point_left_1
6.5936,3.6607,4.7740,0.7425,1.6257,-1.3656,14.3844,-1.0726,1.2641,0.5101,0.7412,-2.3110,point_left_1
5.9328,4.3191,7.7261,0.7839,1.9768,-1.6994,10.8338,-0.0575,-0.0551,0.3852,1.7393,-2.6173,point_left_1
5.1068,5.2194,7.1275,1.1958,1.3502,-2.0579,10.7236,1.0487,0.3496,0.1362,0.2398,-2.9111,point_left_1
4.2138,5.8993,4.8363,1.1459,1.5351,-2.6962,11.4826,1.9944,0.0910,-0.3461,1.2319,-3.3742,point_left_1
1.8531,5.5426,4.0199,1.3338,1.2605,-3.3975,10.0580,2.8515,0.3280,-0.8755,0.6344,-4.2333,point_left_1
-0.3472,5.4516,4.5322,0.9911,1.4839,-3.3033,4.3407,3.4477,0.8045,-0.7678,1.6104,-3.5914,point_left_1
-1.9537,4.7716,3.8954,0.8379,1.1167,-3.5462,6.0837,3.5602,2.3846,-0.9663,0.9181,-3.7213,point_left_1
-3.6152,5.3678,2.7485,0.8455,0.8799,-3.5101,2.8347,3.8116,3.3639,-1.1049,0.9272,-3.9562,point_left_1
-4.5921,4.4580,4.2784,0.7043,1.4116,-3.0201,1.2761,4.5681,3.1149,-0.7549,1.7172,-3.0675,point_left_1
-4.8914,4.6591,0.9649,0.6556,0.3749,-2.9933,2.4157,5.0230,2.3056,-1.1658,0.0862,-3.3318,point_left_1
-7.0485,5.5091,1.7071,-0.1423,0.9374,-2.2934,-6.4045,4.5011,3.6416,-1.2604,1.7673,-2.3048,point_left_1
-7.3191,5.0470,2.1308,-0.1352,0.5768,-1.8951,0.7302,6.2273,4.2569,-1.2187,0.4838,-1.3146,point_left_1
-7.9152,5.6431,1.8986,-0.4493,-0.2200,-1.4003,-1.0127,6.4428,5.8849,-1.0463,-0.0689,-0.9711,point_left_1
-8.2025,5.3893,3.1532,-0.5786,0.1300,-0.7530,-1.1396,7.0054,6.5745,-0.6851,0.5063,-0.4271,point_left_1
-8.5018,5.3103,4.0965,-0.3019,-0.1977,-0.5159,-0.2227,6.9432,7.1994,-0.4988,-0.0312,-0.3372,point_left_1
-7.4172,5.3223,3.5051,-0.2065,-0.2350,-0.1675,0.3448,6.8905,6.6176,-0.3452,-0.1643,0.0445,point_left_1
-7.3598,5.0637,4.1515,-0.2161,0.0104,-0.1082,0.5387,6.1507,8.2959,-0.1263,0.1831,-0.1191,point_left_1
-7.2425,5.1667,4.0797,0.0488,-0.0954,0.1459,-0.1437,6.7995,6.1962,0.0452,-0.1671,0.0249,point_left_1
-6.9935,4.8985,3.6152,-0.0296,-0.1327,0.1990,0.5076,6.5625,6.0693,-0.0004,-0.1041,0.1503,point_left_1
-7.6902,5.0470,3.9337,0.0440,-0.0124,0.3704,-0.6895,6.4979,6.4596,0.2629,-0.1067,0.2562,point_left_1
-7.7979,5.0494,4.0486,0.0951,-0.3000,0.6246,-0.8523,6.8307,5.9711,0.2896,-0.4098,0.5265,point_left_1
-8.0517,5.5091,3.0646,0.0693,-0.5124,0.8889,-1.1013,6.7373,6.6631,0.3368,-0.6269,0.7999,point_left_1
-8.9112,5.5593,4.4484,0.0855,-0.6420,1.4141,-1.6209,6.9959,6.4596,0.5804,-0.8391,1.2806,point_left_1
-7.8027,5.8921,3.5458,0.1720,-1.5521,2.0936,-1.4988,6.4643,5.4923,0.7250,-1.9827,2.0912,point_left_1
-6.3375,6.0190,2.1500,-0.0076,-1.4248,2.4900,1.3886,5.8945,5.5186,0.9614,-1.9168,2.5726,point_left_1
-4.6280,5.6360,2.5546,-0.4783,-0.8071,2.8614,1.7095,4.3670,6.0765,1.4706,-0.8705,3.0158,point_left_1
-4.3167,5.4660,3.6320,-0.5163,-0.2298,3.4852,2.3415,4.0055,3.3974,1.6681,-0.3801,3.7952,point_left_1
-4.3981,4.9536,1.8387,-1.2894,-0.0534,4.3656,1.3886,1.5107,2.9425,1.7901,-0.0849,4.3656,point_left_1
0.4836,2.9233,4.9608,-1.0355,-0.8688,4.2787,7.9176,1.1277,-1.0439,1.4766,-1.1558,4.3656,point_left_1
1.8004,3.0765,3.9361,-1.3638,-1.9117,3.4989,7.1611,0.5219,-0.2370,0.5099,-0.9967,4.3104,point_left_1
4.5945,3.2106,3.7613,-0.9718,-1.7385,2.7616,11.0061,-0.4118,-0.8643,-0.0703,-1.4564,3.7293,point_left_1
5.8945,3.7373,4.6855,-0.9214,-1.6309,1.9039,12.3708,-0.4357,-0.6488,-0.3388,-1.1265,2.6778,point_left_1
6.2896,4.5250,4.6783,-0.8172,-0.8848,1.2404,12.3900,-0.2538,-0.2442,-0.2517,-0.3580,1.8017,point_left_1
6.4979,4.6615,5.2313,-0.8023,-0.6873,0.6219,12.5863,-0.8906,1.8842,-0.2557,-0.2172,1.3191,point_left_1
5.2984,4.7788,7.1467,-0.6526,0.4932,0.1114,12.6079,-0.7709,2.5402,-0.0918,0.8247,0.4151,point_left_1
5.3223,4.8818,7.6926,-0.4561,0.4691,0.0212,11.9734,-0.6129,2.3822,0.0666,0.6318,0.2034,point_left_1
4.3311,5.1404,8.1547,-0.1170,0.4052,-0.0187,10.5560,-0.2825,2.0806,0.0699,0.3056,0.0199,point_left_1
4.4269,5.2337,6.8761,-0.0264,-0.0144,0.0513,10.3142,0.1604,1.1660,0.1098,-0.0854,0.0338,point_left_1
4.7788,4.8866,6.3422,0.0576,-0.0389,0.0131,10.9990,-0.2131,1.8842,0.0853,-0.1178,0.0012,point_left_1
4.1013,4.9057,6.5745,0.1450,0.3215,-0.0568,9.8928,-0.2753,2.5379,0.2927,0.2010,-0.2341,point_left_1
3.8499,4.9297,5.8778,0.2561,0.1298,-0.0184,9.3709,0.3089,1.2378,0.2056,-0.0919,-0.1940,point_left_1
3.0335,5.1811,6.1914,-0.0055,0.0426,0.0055,8.0349,0.4118,0.9816,0.0028,0.0554,0.0474,point_left_1
3.9193,5.0015,5.7341,0.0244,-0.4096,0.0109,9.7659,0.0718,1.9393,-0.1709,-0.4547,0.0448,point_left_1
5.0446,4.7597,6.2417,0.0155,-0.1601,-0.1356,11.3461,-0.2514,1.6496,-0.2064,-0.1795,-0.0871,point_left_1
5.8778,4.3574,7.4843,0.2908,-0.1577,-0.5233,12.9502,-0.8308,1.4269,-0.2513,-0.4301,-0.6543,point_left_1
6.7756,4.7764,5.4516,0.8407,-0.0657,-1.2826,13.0843,-1.5945,2.7031,-0.1819,-0.4490,-1.9732,point_left_1
6.7086,4.4819,5.1643,0.8166,1.1975,-2.1281,15.2582,-0.0479,-1.0439,-0.2678,0.7008,-2.9528,point_left_1
3.5147,4.7645,4.6471,0.5856,1.4541,-2.6586,8.7987,0.1221,0.2107,-0.5666,1.5383,-3.4843,point_left_1
1.1732,4.9919,4.8123,0.6948,1.2977,-2.6061,6.5074,1.1971,1.4102,-0.5685,1.1582,-3.4491,point_left_1
1.5467,5.0111,3.7709,0.6306,0.8516,-2.9937,8.9471,2.9640,-0.2658,-0.8339,0.3163,-3.4450,point_left_1
-1.1301,5.5689,3.0023,0.3019,0.6170,-3.4102,3.9121,1.8268,4.4125,-1.2288,1.2796,-4.1713,point_left_1
-1.8220,4.5107,4.7908,0.7456,1.4658,-3.2502,9.0812,3.9768,1.8340,-0.8751,1.3294,-3.6395,point_left_1
-2.6073,4.0869,3.4764,0.4455,0.4057,-3.8676,5.9496,3.5171,1.1851,-1.3904,0.0224,-4.3657,point_left_1
-4.7333,5.3415,3.1939,0.3271,1.3286,-3.7750,-1.7119,3.5793,5.0063,-1.3670,2.1914,-4.1813,point_left_1
-6.6224,4.8267,4.4676,0.3164,2.0478,-3.0577,1.1779,5.5330,4.5993,-1.0179,1.9618,-2.8750,point_left_1
-7.8673,5.4684,2.0135,0.0779,0.3640,-2.6211,-0.9553,5.5761,5.9759,-1.2268,0.7718,-2.9663,point_left_1
-9.4355,5.4588,4.0486,-0.0044,0.9735,-1.3051,-4.2186,5.9400,7.1443,-0.6074,1.3511,-0.8962,point_left_1
-7.9368,5.0063,3.3950,-0.1479,-0.1903,-0.8092,-0.6225,6.5601,6.1459,-0.6845,-0.0983,-0.7464,point_left_1
-7.9392,4.8650,3.9792,-0.0947,-0.1262,-0.3544,-0.7374,6.5170,6.7349,-0.3445,-0.0778,-0.2491,point_left_1
-7.2113,4.8004,3.5195,-0.2625,-0.1998,-0.1615,-0.2945,6.7181,5.9256,-0.2874,-0.1693,-0.0667,point_left_1
-7.1658,4.6974,3.6368,-0.1486,-0.1480,-0.0628,0.3424,6.4452,6.6607,-0.1619,-0.0834,-0.0048,point_left_1
-7.2089,4.7405,4.0989,-0.0765,-0.0730,0.0436,0.0599,6.3087,6.6607,0.0080,-0.0362,0.0055,point_left_1
-6.5793,4.7621,3.7062,0.0033,-0.0861,0.2189,1.2067,6.3758,6.2896,0.0721,-0.2457,0.1128,point_left_1
-7.2784,4.7118,4.6040,0.0356,0.0272,0.2328,0.5507,6.3159,6.9576,0.2184,-0.0085,0.1110,point_left_1
-7.6495,5.1068,3.7876,0.1865,-0.1282,0.4767,-0.0192,6.5003,6.9935,0.3758,-0.4006,0.2461,point_left_1
-8.0948,5.3774,4.4029,0.2028,-0.2281,0.7124,-0.4836,6.6774,7.1850,0.4743,-0.3961,0.5435,point_left_1
-7.9559,5.4779,4.4939,0.3381,-0.4054,1.1474,0.1891,6.5266,7.7069,0.7302,-0.7947,0.8920,point_left_1
-8.1499,6.1962,4.3096,0.6123,-0.5159,1.8327,-1.1923,6.6655,6.5601,1.2032,-0.9749,1.3652,point_left_1
-9.5624,6.2273,5.3606,0.8100,-0.8274,2.9056,-2.3032,5.2984,8.2983,1.6156,-1.5042,2.7510,point_left_1
-6.6918,5.7437,1.8938,0.8861,-1.0673,4.3228,-2.1883,3.8259,3.9911,2.9051,-2.2300,4.3656,point_left_1
-3.8451,6.2130,-0.3328,-0.0734,-0.9359,4.3656,4.5777,4.5681,0.1269,2.3318,-1.7228,4.3656,point_left_1
-2.0375,5.1380,1.1636,-0.4230,-1.0412,3.9484,6.6104,3.9816,-0.3496,1.5796,-1.1518,4.2074,point_left_1
-0.0910,4.7405,2.4325,-0.4808,-1.0223,3.7184,6.1746,2.5259,-0.9840,1.7231,-1.1616,4.0124,point_left_1
1.6855,4.6591,0.9074,-0.8199,-0.9228,3.3245,7.0749,2.2051,-1.5395,1.0123,-0.7829,3.6191,point_left_1
1.5227,4.3862,3.9935,-0.9173,-1.1542,3.0874,6.5936,1.0511,-1.0032,0.6512,-0.6114,3.5344,point_left_1
3.0263,4.1228,4.1922,-0.9763,-1.8399,3.1239,8.2600,-1.1516,-1.4126,0.5429,-1.6232,3.8447,point_left_1
6.4739,3.8379,3.9576,-0.8547,-2.7296,2.9207,11.4994,-1.4892,-2.9018,-0.3144,-2.3094,3.7172,point_left_1
9.1243,4.3551,1.7645,-0.6584,-1.8135,1.9364,15.8951,-1.2689,-2.3224,-0.2316,-1.8004,2.4598,point_left_1
8.8873,5.1667,3.1412,-0.6384,-0.2012,0.9806,14.1138,-1.1756,-1.6903,0.1380,0.2931,1.0686,point_left_1
7.5537,5.5426,5.6479,-0.5119,0.0974,0.5100,12.0716,-1.0918,-1.1085,0.0859,0.2703,0.6103,point_left_1
8.0876,5.4564,4.6759,-0.1246,0.0937,0.2625,12.9790,-1.5514,-0.7422,0.1374,0.0284,0.2611,point_left_1
7.6806,5.4947,5.0853,-0.0147,0.2232,0.0854,11.9662,-1.2474,-1.6137,0.2010,0.1625,0.0043,point_left_1
7.0629,5.2792,4.7764,0.0373,0.1789,-0.0917,11.1378,-1.2330,-1.1660,0.0633,0.0814,-0.1236,point_left_1
6.8738,5.2241,4.5825,0.1059,0.1183,-0.1186,10.8816,-0.9553,-1.9896,0.0787,-0.0425,-0.2004,point_left_1
7.1587,4.8698,4.0247,0.1464,0.0774,-0.3111,11.1881,-1.2282,-0.8787,-0.0340,-0.0742,-0.3621,point_left_1
6.6080,5.0589,4.4436,0.1940,0.1817,-0.3768,10.7045,-1.0319,-1.3144,0.0085,0.0108,-0.4623,point_left_1
7.4603,4.8147,4.3981,0.2891,0.0640,-0.6494,12.0285,-0.8978,-2.0686,-0.1768,-0.2377,-0.7814,point_left_1
8.0110,4.8028,3.8355,0.2783,0.2707,-1.0524,12.5193,-0.9385,-2.5259,-0.2814,0.0452,-1.2083,point_left_1
8.4874,4.7190,3.9193,0.2698,0.6286,-1.8401,13.9869,-0.3903,-2.6504,-0.5301,0.4274,-2.2050,point_left_1
6.4332,5.1763,2.8276,0.2899,1.1189,-2.4580,12.0811,-0.3400,-3.8547,-1.1442,0.8816,-3.1666,point_left_1
5.3079,4.9847,3.8666,0.1339,1.5732,-3.1076,10.5656,-0.9816,0.1437,-1.1511,1.8887,-3.6343,point_left_1
2.1117,6.0789,3.1340,0.4696,1.5256,-3.5244,9.9503,1.5850,0.3376,-0.8320,1.2348,-4.1619,point_left_1
1.0582,6.0501,4.2713,0.2498,2.0921,-3.4828,7.0988,2.7581,-0.1365,-0.6540,2.3279,-3.8453,point_left_1
-0.5052,5.9185,3.2106,0.3060,1.4060,-3.6296,6.7780,3.7421,-0.6369,-1.3508,1.8895,-4.0196,point_left_1
-4.2306,6.5864,4.2449,-0.1300,1.0765,-3.0999,-1.7238,2.7940,5.3917,-1.1699,1.8249,-3.4648,point_left_1
-2.3224,5.2553,4.8052,0.6267,1.3916,-2.8693,8.3151,5.9592,0.2610,-1.0531,0.8916,-2.6075,point_left_1
-3.0239,6.0621,-0.6823,0.0926,0.2104,-3.1605,3.2896,5.1188,1.6640,-1.6157,0.3012,-3.6762,point_left_1
-4.8746,5.0949,3.0837,-0.1957,1.5071,-2.5703,-0.8882,4.8985,3.5745,-1.6762,3.0321,-2.1040,point_left_1
-7.3502,5.6838,2.4469,-0.0394,0.6761,-2.3140,-0.0551,6.8642,3.6871,-0.7344,0.8685,-2.3114,point_left_1
-8.0325,6.7014,3.1915,-0.4983,0.4884,-1.4894,-3.8810,6.5505,6.5577,-0.9951,1.2426,-1.0824,point_left_1
-7.8195,6.0501,3.7876,-0.3250,0.1067,-1.0078,0.0287,7.1970,6.5505,-0.6777,0.3031,-0.7376,point_left_1
-8.2408,6.1531,4.0701,-0.3746,-0.1073,-0.5229,-1.2402,6.8570,7.1515,-0.5508,0.2876,-0.3455,point_left_1
-6.4524,5.1547,4.1539,-0.0181,-0.2733,-0.1752,1.5634,7.0773,6.0693,-0.1407,-0.2951,-0.1037,point_left_1
-7.8554,5.7221,3.3471,-0.1800,0.1128,-0.0203,-1.4413,6.7947,6.4428,-0.0983,0.4014,0.0236,point_left_1
-6.8833,5.3798,3.2274,0.0312,-0.1655,0.2539,0.4190,6.8690,5.7652,0.1596,-0.3147,0.1907,point_left_1
-6.9168,5.7461,2.7821,-0.0751,-0.0689,0.2848,-0.1317,6.9408,5.5617,0.1611,-0.0100,0.2771,point_left_1
-7.2233,5.6503,3.6727,-0.1132,-0.1887,0.4854,-0.0527,7.0485,5.2816,0.2248,-0.3192,0.6350,point_left_1
-7.5729,5.7054,3.9217,0.0099,-0.5702,0.8611,-0.1293,6.8738,5.6599,0.2502,-0.6371,0.9843,point_left_1
-7.0916,6.0669,4.0941,-0.1127,-0.8432,1.1831,0.2514,6.7852,5.7365,0.2358,-0.9174,1.0906,point_left_1
-8.0565,6.1555,6.4859,-0.0349,-1.8370,2.0150,-1.2450,6.3734,5.0494,0.2233,-1.9072,2.0716,point_left_1
-4.6950,6.1004,3.3495,0.1799,-2.4492,2.4042,3.3998,5.8969,5.1212,0.6518,-3.4077,2.5743,point_left_1
-4.8914,6.1938,3.6009,0.1045,-1.9084,2.5702,1.8627,5.5091,3.6631,0.6109,-1.6791,2.6850,point_left_1
-2.3846,6.0932,2.0973,-0.0496,-1.9510,2.9291,4.2066,4.0917,3.0981,0.8731,-2.5351,3.3108,point_left_1
-1.2330,5.7197,3.5051,-0.4021,-1.4453,3.2217,5.7604,4.0151,1.3695,1.0465,-1.3883,3.3232,point_left_1
-0.5794,6.1028,2.3774,-0.2920,-1.3326,3.2527,5.4348,2.3870,2.7294,0.8992,-1.3246,3.3662,point_left_1
1.2043,5.5498,3.7206,-0.5331,-1.1469,3.1288,9.4164,2.6432,-0.4190,1.0689,-1.4372,3.5482,point_left_1
3.9002,4.6232,4.2832,-0.7167,-1.5200,2.9511,9.0740,0.8045,1.4844,1.0834,-1.1824,3.3827,point_left_1
3.9528,4.6400,5.0733,-0.2517,-0.7210,2.4909,10.4627,0.8068,0.0622,1.1635,-0.8896,2.6652,point_left_1
5.0206,4.4556,3.7278,-0.3740,-0.9326,2.2793,10.5297,-0.0694,0.3400,1.0288,-0.9342,2.5844,point_left_1
6.2704,4.2713,6.0956,-0.2237,-0.3965,1.9180,11.2982,-0.8643,-1.4509,1.0123,-0.4358,1.7541,point_left_1
7.7859,4.5059,4.5107,-0.1331,-1.2031,1.4631,12.2799,-0.7518,-1.5586,0.4283,-1.1880,1.5579,point_left_1
8.5042,4.9728,2.9856,-0.1528,0.0312,0.4553,14.0133,-0.4046,-1.2426,0.1925,-0.2963,0.4120,point_left_1
6.2728,5.3295,4.6136,-0.1434,0.4090,0.0897,10.8290,0.2705,-1.1612,0.3645,0.9288,0.0497,point_left_1
5.5354,5.7892,5.4372,-0.2372,0.5435,-0.1593,10.0772,0.6656,-1.3623,0.0360,0.4170,-0.0815,point_left_1
4.7812,5.4827,6.2058,-0.2437,-0.2892,-0.0180,9.7420,0.0072,0.8547,-0.3175,0.0522,0.1921,point_left_1
6.0597,5.1212,5.1643,0.0268,-0.0679,-0.0221,11.5472,-0.0431,0.7015,-0.1155,-0.3162,-0.1220,point_left_1
6.0478,5.0494,4.8530,0.1338,0.1192,-0.1725,10.9128,-0.2035,0.4693,0.0400,0.0233,-0.3143,point_left_1
5.5905,5.2505,5.3870,0.1539,0.2280,-0.2425,10.0317,0.2203,-0.8691,0.0533,0.0304,-0.4399,point_left_1
6.5960,5.2289,4.1875,0.1783,0.0426,-0.4389,11.1354,-0.1460,-0.6249,-0.0709,-0.1402,-0.6053,point_left_1
6.6870,5.0326,5.4181,0.2297,0.4021,-0.9197,12.6510,0.0670,-0.6009,-0.1827,0.3361,-1.1724,point_left_1
6.3973,5.1643,4.5681,0.4281,0.6791,-1.2236,12.1027,0.3519,-0.4549,0.0116,0.1773,-1.7221,point_left_1
6.7852,4.6878,4.4388,0.4863,1.1587,-1.9083,13.4794,0.3998,-0.2801,-0.1667,0.6908,-2.5325,point_left_1
4.0725,5.5067,3.1867,0.5036,2.1742,-2.4135,9.6079,0.8475,-0.0168,-0.1556,1.8453,-3.2010,point_left_1
2.8323,5.7030,4.4053,0.3279,2.1910,-2.5947,8.2408,2.5666,-2.7916,-0.8228,1.8278,-3.3402,point_left_1
1.2546,5.2864,3.8475,0.2767,1.0757,-3.1196,8.4683,2.9664,-0.3160,-1.0569,0.8913,-3.5705,point_left_1
-0.0910,6.4691,1.5874,-0.0749,2.6111,-3.1956,5.1427,3.3160,2.0231,-1.1706,2.4468,-3.5577,point_left_1
-2.9544,6.1196,3.8164,0.1378,1.3542,-2.4812,3.0143,4.8123,3.1747,-0.9699,1.2003,-2.8964,point_left_1
-4.1108,5.8466,3.6655,-0.0835,1.6016,-2.3903,3.0071,4.7381,4.2234,-1.4947,2.3270,-2.6208,point_left_1
-4.4173,5.3439,4.6998,-0.0751,1.1699,-2.0444,3.2250,5.2481,5.1404,-0.4979,1.0745,-2.3705,point_left_1
-5.3103,5.5665,3.3974,0.1649,1.2209,-1.8611,0.7661,5.7221,4.4029,-0.6624,1.4310,-2.2874,point_left_1
-6.4739,5.6551,3.3567,0.1447,0.6322,-1.5679,-0.9290,6.0980,5.2960,-0.6552,0.9104,-1.8574,point_left_1
-7.2856,5.7461,2.8156,-0.0264,0.5596,-1.1554,-1.4078,6.9168,4.7669,-0.4967,0.5749,-1.1976,point_left_1
-7.9607,5.8802,3.1173,-0.0991,0.2990,-0.7959,-1.8747,6.6511,6.7516,-0.4077,0.6046,-0.8074,point_left_1
-7.7524,5.6575,2.7725,-0.0985,-0.0264,-0.3625,-1.0319,7.2065,6.0908,-0.2851,-0.1131,-0.3729,point_left_1
-8.0445,5.6671,3.5602,-0.1050,-0.1254,-0.1531,-0.9002,7.1946,6.0837,-0.0694,0.0129,-0.1619,point_left_1
-7.0940,5.4851,3.7685,-0.0918,-0.2152,0.0163,-0.2418,6.9336,6.8043,-0.0743,-0.2541,0.0466,point_left_1
-7.2999,5.5857,3.8379,-0.0646,-0.1027,0.3340,-0.1149,7.1012,6.2153,0.0500,-0.1111,0.2960,point_left_1
-7.1563,5.5665,4.1324,0.0159,-0.2803,0.5267,-0.1772,6.9336,6.3542,0.2934,-0.3764,0.4446,point_left_1
-6.8666,5.7628,3.4189,0.0352,-0.2641,0.7224,-0.1700,7.1275,6.0789,0.4076,-0.4169,0.6638,point_left_1
-7.4723,6.0118,3.6799,0.0215,-0.2298,0.9689,-1.3982,6.9480,6.1986,0.6374,-0.3051,1.0844,point_left_1
-7.1347,6.2273,3.1077,-0.0033,-0.5037,1.3841,-0.2993,7.1347,5.1380,0.7404,-0.8383,1.6224,point_left_1
-7.4579,6.3015,3.4500,-0.1051,-0.7236,1.7565,-0.6991,6.8570,4.7262,0.7397,-0.7208,2.0025,point_left_1
-6.1579,6.2130,3.7278,-0.1857,-1.1024,2.1657,0.7398,6.4667,3.8858,0.8210,-1.4352,2.4335,point_left_1
-4.3886,6.1363,2.9640,-0.1689,-1.5745,2.4532,2.2194,5.7174,2.9904,0.7993,-1.8330,2.9276,point_left_1
-3.6392,5.8562,4.0462,-0.3489,-1.8111,2.7081,2.6264,4.4077,2.8060,0.6949,-1.6790,3.3021,point_left_1
-1.2617,5.2026,3.9504,-0.1997,-2.6381,2.9471,5.3822,3.0933,0.2203,0.9230,-2.8762,3.9949,point_left_1
0.9146,5.4492,2.5833,-0.5232,-2.6717,2.8946,8.3510,2.1261,-0.1077,0.8395,-2.5422,3.7203,point_left_1
3.7709,4.5586,3.1603,-0.6723,-1.9172,2.6440,10.3430,1.2498,0.7853,0.7818,-1.0873,3.3067,point_left_1
4.1611,5.2864,3.0311,-0.0890,-0.8941,2.0943,10.8601,1.4916,0.6800,0.9850,-0.8424,2.2958,point_left_1
4.2497,5.5186,4.6040,-0.1639,-0.2979,1.8297,10.1155,1.7095,-1.6640,0.9782,-0.0891,2.2565,point_left_1
5.2409,5.5019,4.4005,-0.3265,-0.7414,1.6978,9.5888,1.3312,-1.6735,0.6650,-0.5933,2.2282,point_left_1
5.2361,5.9711,3.6033,-0.3291,-0.5440,1.1615,11.6502,1.3408,-0.8787,0.2064,-0.3481,1.6270,point_left_1
5.4995,5.9711,4.8291,-0.3563,-0.5518,0.7482,11.9830,1.3838,-0.8882,-0.0368,-0.1462,1.1367,point_left_1
5.8012,5.7437,5.5857,-0.3295,-0.0867,0.3749,12.8617,1.2091,-0.4310,-0.0057,-0.0470,0.6410,point_left_1
4.7309,6.1770,5.5234,-0.2001,0.0209,0.1258,10.1849,1.0032,0.5602,0.0045,0.1284,0.1741,point_left_1
4.5538,6.1962,5.3822,-0.1232,0.0679,-0.0101,10.4076,1.0247,0.7207,-0.0923,0.1428,-0.0326,point_left_1
4.3574,6.1387,5.7964,-0.0093,0.0200,0.0657,10.3932,1.1133,0.3687,0.0634,-0.0023,0.0099,point_left_1
4.5418,6.0741,5.2768,0.0124,-0.0566,0.0446,10.0317,0.6871,0.9242,-0.0163,-0.0564,-0.0589,point_left_1
5.2433,5.8778,4.4939,0.1104,-0.0052,-0.0024,10.5512,0.8021,-0.5483,-0.0019,-0.0991,-0.1259,point_left_1
4.9344,5.6144,5.3079,0.1034,0.0093,-0.1026,10.4339,0.6009,-0.1173,-0.0083,-0.0425,-0.1835,point_left_1
5.5186,5.6767,4.6448,0.1516,-0.0397,-0.2643,10.8793,0.6416,-0.9936,-0.1532,-0.3162,-0.4317,point_left_1
6.5745,5.5905,4.0606,0.2751,-0.4784,-0.5284,11.1330,0.2251,-0.9337,-0.3056,-0.5798,-0.7398,point_left_1
6.4452,5.5522,3.7445,0.0346,0.2411,-1.1767,12.0476,0.7781,-1.5467,-0.6149,0.2077,-1.0725,point_left_1
5.5186,5.3870,4.2473,0.0814,0.5982,-1.8299,13.4746,1.2354,-1.2785,-0.7667,0.3429,-2.0033,point_left_1
4.4412,6.3949,2.2553,0.1563,0.7421,-2.3515,10.1658,1.0391,1.4174,-0.7394,0.7524,-3.1400,point_left_1
2.7845,6.1076,5.2385,0.1823,1.8330,-2.5699,10.6805,3.3591,-1.6544,-0.7991,1.6118,-2.9199,point_left_1
1.0630,5.8275,4.5514,0.1086,0.9651,-2.9030,9.2895,3.3016,-1.1827,-1.1770,0.7492,-3.5011,point_left_1
1.8747,5.5043,3.4285,-0.1478,0.8993,-3.2103,7.9655,2.8156,-0.0766,-1.7142,0.6011,-4.1094,point_left_1
-2.0877,5.6527,3.5003,-0.5440,2.1983,-3.3221,4.5705,3.0861,2.2314,-1.7215,2.6337,-4.3657,point_left_1
-3.1675,5.0350,3.5674,-0.2457,1.2708,-3.1849,2.8204,4.5370,0.6057,-2.0115,0.9767,-3.8108,point_left_1
-4.1731,5.3271,2.9497,-0.7421,1.2918,-3.1690,0.2945,3.8571,5.8107,-2.0971,1.4845,-3.0694,point_left_1
-6.5434,5.0398,4.9512,-0.5640,1.3019,-2.4742,-1.4150,5.1188,5.4420,-1.5448,2.1761,-2.0857,point_left_1
-6.4380,5.1451,4.1396,-0.3968,1.0820,-1.8626,0.8068,5.8131,5.1954,-1.2754,0.8676,-1.4945,point_left_1
-7.5776,5.2026,5.2984,-0.2590,-0.0163,-1.4469,0.0479,6.3015,6.1746,-0.8837,0.4894,-1.1387,point_left_1
-6.6990,5.3846,4.0869,-0.3853,0.5557,-0.8701,0.8260,6.4739,7.2065,-0.5818,0.5252,-0.4832,point_left_1
-7.2065,4.9943,4.9632,-0.4146,0.6908,-0.7250,0.9697,6.7804,6.5841,-0.5596,1.3245,-0.7184,point_left_1
-7.5441,4.8411,5.3917,-0.2570,0.4323,-0.4887,0.2586,6.3590,7.7357,-0.1565,0.3325,-0.4568,point_left_1
-7.5729,4.8219,4.5825,0.0268,-0.1416,-0.0412,-0.7111,6.4260,6.8642,0.0135,-0.2245,-0.1432,point_left_1
-6.7038,4.4029,4.5131,0.1699,-0.3493,0.1087,0.7207,6.3590,6.2417,0.0498,-0.4531,0.0606,point_left_1
-6.5027,4.7094,3.8164,0.1132,-0.2046,0.2048,0.5124,6.4165,5.8897,0.0504,-0.2702,0.1498,point_left_1
-6.8570,4.8100,4.1539,0.0434,0.0749,0.2675,0.3160,6.3446,6.8546,0.1903,0.1138,0.1972,point_left_1
-7.1060,4.8914,4.6974,0.1549,-0.1589,0.5241,0.1820,6.5936,6.4165,0.3616,-0.2931,0.4050,point_left_1
-7.5082,5.5617,4.6759,0.1487,-0.4186,0.8395,-0.7446,6.5817,6.7995,0.4864,-0.4576,0.8992,point_left_1
-7.4675,5.4684,5.2744,0.1667,-0.8908,1.3783,-0.5531,6.4787,6.3853,0.7686,-1.0580,1.6165,point_left_1
-6.8426,5.4827,4.6160,0.3198,-1.3519,2.0210,-0.7159,5.6000,5.9903,1.2410,-1.6308,2.4634,point_left_1
-5.3510,5.8155,2.9640,0.3420,-1.3604,2.5226,2.2051,5.3079,4.4700,1.3183,-1.7389,2.8917,point_left_1
-4.1372,5.8083,3.3758,-0.1976,-1.2692,2.8410,2.8802,5.0039,3.2417,1.3570,-1.2722,3.3195,point_left_1
-3.5841,5.8347,3.6966,-0.0534,-1.1971,3.1119,4.4005,3.8690,3.1747,1.2255,-1.2764,3.5117,point_left_1
-1.2522,5.0709,3.6679,-0.6133,-1.3251,3.7820,4.6328,3.2657,0.7494,1.4918,-1.2781,4.0536,point_left_1
0.5962,4.7525,4.0462,-0.7020,-1.1149,3.3512,7.1084,2.2098,1.2546,1.1423,-0.6363,4.0341,point_left_1
1.4724,4.6088,4.3431,-0.5753,-1.9420,2.9731,9.3470,2.5570,-1.3072,0.6506,-1.5787,3.5649,point_left_1
3.6943,4.2497,4.8339,-0.6225,-1.8466,2.6786,9.8282,0.9170,0.3974,0.4820,-1.4460,3.1904,point_left_1
6.4284,4.3862,4.5801,-0.3291,-1.2080,1.8175,13.5081,0.8691,-0.9170,0.1584,-1.0822,2.0326,point_left_1
5.8634,4.8267,4.9967,-0.2758,-0.7813,1.1666,11.5784,0.5674,-0.1844,0.1383,-0.4326,1.2680,point_left_1
7.0820,5.0206,5.0135,-0.2146,-0.2650,0.6456,13.3046,0.3065,0.1341,0.2681,-0.3194,0.7845,point_left_1
5.7796,5.7174,5.3463,-0.1812,0.2229,0.1096,11.3437,0.8523,0.4501,0.0645,0.4628,0.0093,point_left_1
4.5298,5.9687,6.2560,-0.1821,0.2645,-0.0167,10.4818,1.1612,1.1516,0.0217,0.2713,-0.0428,point_left_1
4.3886,6.1100,6.0765,-0.0280,-0.1219,-0.0015,10.1275,1.2546,1.1277,-0.0384,-0.1311,0.0057,point_left_1
4.5442,5.7604,5.9472,0.0606,-0.0484,0.0326,10.7571,1.2689,0.4310,0.0313,-0.1355,0.0013,point_left_1
5.2601,5.5569,5.6743,0.1547,-0.0743,-0.1451,10.5345,0.9601,0.4238,-0.0060,-0.1391,-0.2613,point_left_1
5.8730,4.9847,5.8969,0.7406,0.0566,-0.6254,11.7053,0.7015,-0.0742,0.0733,-0.0341,-0.7157,point_left_1
7.3263,4.9344,5.4229,1.0736,0.3822,-1.2961,13.1801,0.9888,-2.0255,-0.2610,-0.0019,-1.4150,point_left_1
6.2632,5.4540,3.3926,0.8640,0.7901,-1.8197,12.2535,0.7661,-1.2163,-0.6155,0.4174,-2.0839,point_left_1
4.3287,5.5545,3.7565,0.7941,0.8511,-2.4383,12.5121,0.9098,-0.0718,-0.8592,0.4409,-3.1308,point_left_1
3.7421,5.6958,3.7206,0.6053,0.9721,-3.0703,11.5377,2.0446,-0.3112,-0.8684,0.6993,-3.8292,point_left_1
1.0271,5.7652,3.7781,0.4315,1.6323,-3.6429,8.8083,2.8754,-0.2753,-1.2544,1.7592,-4.3657,point_left_1
-1.0391,5.2026,3.6799,0.1103,0.9594,-4.1227,6.2776,3.5578,-0.9026,-1.9708,1.1026,-4.3657,point_left_1
-3.4405,5.7485,2.0542,0.2563,1.6225,-4.3657,1.8483,3.5243,2.9377,-1.9933,1.9120,-4.3657,point_left_1
-5.9137,5.7078,3.8188,-0.2086,1.6645,-3.3726,0.0287,5.1930,2.6360,-1.2734,2.4693,-3.2287,point_left_1
-5.3941,5.1954,3.2154,-0.1352,0.4944,-3.2015,2.5786,5.2529,3.7230,-1.9766,0.1853,-3.1744,point_left_1
-7.7117,5.5306,4.0318,-0.5963,1.5319,-2.0955,-4.4748,4.8937,7.0102,-1.2638,2.9560,-1.6197,point_left_1
-7.5896,5.1332,4.2689,-0.4203,0.1031,-1.3162,-0.8739,6.3901,5.0494,-0.8777,-0.2061,-0.9686,point_left_1
-7.0701,5.5761,2.4349,-0.3784,0.1319,-0.9449,-0.3879,6.4643,5.8873,-0.7711,0.2793,-0.5489,point_left_1
-6.4117,4.6376,5.2792,-0.5736,0.2284,-0.6027,1.0032,6.2608,6.9576,-0.5209,0.5513,-0.1777,point_left_1
-7.0390,5.1116,3.9600,-0.0823,0.0496,-0.0661,0.7422,6.7756,6.1531,-0.0480,0.1018,-0.0357,point_left_1
-7.1778,4.9799,3.8954,-0.1186,0.0087,0.0329,0.3232,6.6128,6.3949,-0.0225,0.0667,0.0717,point_left_1
-7.4723,5.0446,3.9672,0.0775,-0.0671,0.2364,-0.0742,6.6535,6.4332,0.1680,-0.1557,0.2415,point_left_1
-8.0780,5.0637,4.2521,0.0542,-0.1518,0.5145,-0.6464,6.7133,7.0150,0.3279,-0.1544,0.4910,point_left_1
-7.8889,5.4061,3.7900,0.1334,-0.2766,0.9041,-0.4477,6.6679,7.1204,0.5840,-0.5417,0.9326,point_left_1
-7.6136,5.3726,4.4508,0.1499,-0.4021,1.2881,-0.1748,6.7564,6.0621,0.9272,-0.5425,1.4733,point_left_1
-7.8314,5.9256,3.9792,0.2471,-0.7502,1.7829,-0.4980,6.5146,5.5665,0.9475,-1.0012,1.8210,point_left_1
-6.5601,5.5976,4.0534,0.2418,-1.1988,2.3786,1.0247,5.9352,3.8475,1.3081,-1.5727,2.8122,point_left_1
-4.1204,5.6599,2.7581,-0.1960,-1.3380,2.8569,2.3655,5.0973,3.2825,1.1425,-1.5131,3.1512,point_left_1
-4.4221,6.0478,1.0894,-0.5099,-1.1939,3.1520,3.8810,4.9512,2.4804,1.1450,-1.3278,3.2043,point_left_1
-3.3998,6.0214,2.3870,-0.4792,-0.7679,3.0992,3.5051,3.9361,2.9473,1.2690,-0.3882,3.4628,point_left_1
-0.5866,4.2952,5.1499,-1.0360,-0.6170,3.9303,5.6623,2.1787,0.4429,1.7910,-0.4787,4.3656,point_left_1
0.5578,4.4676,4.0558,-1.0301,-1.3696,3.5015,7.5465,1.6089,0.6871,0.9216,-0.8588,4.1300,point_left_1
3.4477,4.1276,5.3391,-0.7810,-1.9911,3.1039,10.9702,1.0918,-1.4222,0.6384,-1.6697,3.7775,point_left_1
4.4604,4.4221,4.4867,-0.6484,-1.5274,2.5141,11.0492,0.2346,0.7638,0.3592,-1.0854,3.0507,point_left_1
5.9424,4.5969,4.9201,-0.2783,-1.0800,2.0296,11.5903,-0.3831,0.3472,0.6105,-0.7806,2.2148,point_left_1
5.7437,5.2265,5.0589,-0.3760,-0.7698,1.3122,11.7675,-0.0239,-0.0551,0.2935,-0.5796,1.6806,point_left_1
6.7062,5.2601,5.1404,-0.1936,-0.4000,0.9457,13.3118,-0.4741,0.8092,0.3243,-0.3452,1.1363,point_left_1
6.6774,5.5186,5.6264,-0.0687,-0.0136,0.4213,12.7898,0.0048,-0.7494,0.2970,-0.0949,0.5609,point_left_1
5.9328,5.9089,5.2625,-0.1075,0.2657,0.1007,11.3964,-0.1915,0.2849,0.1852,0.2284,0.1013,point_left_1
5.8251,5.5043,5.8035,0.0417,0.1027,-0.0325,11.1570,-0.3519,0.0646,0.0525,0.0262,-0.1098,point_left_1
5.5402,5.4492,5.7054,0.0127,0.1478,-0.2374,10.5967,-0.3304,0.6823,-0.0222,0.1576,-0.2380,point_left_1
5.1978,5.3319,5.4229,0.0970,0.0148,-0.2210,10.6279,-0.0646,-0.0910,-0.0795,-0.0881,-0.2867,point_left_1
5.6575,5.2648,4.8890,0.1651,0.0148,-0.4802,11.0899,-0.4166,0.1652,-0.2526,-0.0428,-0.6197,point_left_1
6.1148,5.1595,4.6256,0.1518,0.0798,-0.6279,11.6143,-0.0862,-0.8906,-0.2284,-0.0878,-0.8243,point_left_1
6.0238,5.3175,4.5131,0.1462,0.2653,-1.0796,12.0811,-0.1149,-0.4980,-0.4529,0.1041,-1.4414,point_left_1
5.6982,5.2720,4.3024,0.1500,0.4333,-1.4041,11.3749,0.0144,0.1580,-0.3361,0.2281,-2.0232,point_left_1
4.5753,5.8251,4.9344,0.2357,1.0930,-1.9051,11.5113,1.1875,-0.2873,-0.8573,0.8058,-2.7294,point_left_1
2.7869,6.2106,4.9704,0.4080,0.8731,-1.9658,9.6295,1.4509,1.4868,-0.6985,0.5557,-2.8813,point_left_1
4.4819,5.7126,5.1547,0.5665,1.5677,-2.2379,11.7795,2.4062,-2.4205,-0.8495,0.7017,-2.7823,point_left_1
1.5299,5.8466,3.6536,0.2840,1.1684,-2.9228,9.2033,2.6288,0.3065,-1.0424,1.0468,-3.5320,point_left_1
-0.4693,6.1244,4.1851,0.2314,1.4658,-2.9635,5.2385,3.2298,1.5730,-1.2493,1.3709,-3.5573,point_left_1
-2.0016,5.2002,5.3295,0.3090,0.9361,-3.0048,6.9073,3.6057,3.1196,-1.2001,1.2434,-3.3501,point_left_1
-1.4269,5.4731,2.3870,0.3917,0.5485,-3.2031,5.4803,4.1228,1.6161,-1.4675,0.1863,-3.8305,point_left_1
-4.2258,5.1882,2.9664,-0.0452,2.0467,-3.0201,1.8675,4.6735,2.5115,-1.2821,2.7145,-3.1060,point_left_1
-4.6807,4.6017,2.3559,-0.1681,1.5328,-2.9826,2.1189,4.6208,3.8954,-1.5865,1.1868,-3.0738,point_left_1
-7.3933,5.9065,2.6624,-0.2021,1.2281,-2.4545,-3.0718,4.7669,6.6918,-1.0868,1.7261,-2.8300,point_left_1
-7.4891,5.0661,4.4939,-0.0462,1.5216,-1.7424,0.4142,7.1443,3.8020,-0.6723,1.5026,-1.5031,point_left_1
-8.2217,5.9472,2.2841,-0.2589,0.3287,-1.1792,-3.0550,6.3231,7.6088,-0.6015,0.5588,-1.1113,point_left_1
-8.2025,5.4396,4.4029,-0.0425,0.2344,-0.4930,-0.6105,7.2401,6.0238,-0.3067,0.1677,-0.4185,point_left_1
-7.7141,5.5306,3.4093,-0.1029,-0.4069,-0.2848,-0.4860,7.1467,6.2991,-0.2825,-0.4627,-0.1892,point_left_1
-7.7764,5.2409,4.0582,-0.0982,-0.2509,0.0730,-0.1987,6.5146,7.4627,-0.0509,-0.1868,0.1395,point_left_1
-6.8091,5.2170,4.1659,0.0874,-0.0514,0.2960,0.9433,6.9791,5.7269,0.2442,-0.1464,0.1787,point_left_1
-6.5074,5.4133,3.4285,0.0433,-0.0653,0.3163,1.2498,6.8690,5.9903,0.2627,-0.1388,0.1855,point_left_1
-6.9791,5.3391,4.3886,0.1519,0.0734,0.5069,0.8236,6.8474,5.9209,0.3850,-0.1202,0.3480,point_left_1
-6.7732,5.1404,3.8379,0.2883,-0.4259,0.6432,0.9936,6.8857,5.6862,0.4470,-0.7214,0.3597,point_left_1
-6.0166,5.5186,3.6775,0.1615,-0.3599,0.6622,0.9146,6.8881,5.4133,0.3774,-0.4558,0.4660,point_left_1
-6.6750,5.8131,4.3407,0.2727,-0.6129,0.8601,0.1197,7.0054,5.1260,0.4086,-0.8340,0.6495,point_left_1
-6.8666,6.3087,4.3814,0.3323,-1.2662,1.2578,-0.4573,6.6774,5.6168,0.5228,-1.4317,1.2376,point_left_1
-5.9256,6.3231,2.8347,0.4907,-1.6208,1.7926,0.6895,6.6631,4.1922,0.8056,-2.0880,1.8848,point_left_1
-6.2177,7.4220,1.4724,0.2597,-1.1591,2.4748,0.2203,5.9903,4.4317,1.0492,-1.2879,2.6933,point_left_1
-4.7740,5.8754,4.2258,-0.4158,-0.7879,3.6561,1.7047,4.7477,2.9209,1.7284,-1.1867,4.1784,point_left_1
-3.2394,5.6862,3.4381,-0.2506,-1.1365,3.8926,3.2417,3.8140,1.8747,1.7897,-1.4141,4.2908,point_left_1
-2.0231,5.7030,1.8914,-0.6916,-1.4300,4.2858,5.3151,2.1524,1.4126,1.6970,-1.5288,4.3656,point_left_1
0.4573,4.0031,3.8690,-1.1486,-1.9609,4.2522,6.9336,1.2330,-2.1069,1.1570,-1.6169,4.3656,point_left_1
3.0095,3.3878,3.6033,-0.8167,-2.6073,3.7870,8.6574,-0.4693,-1.2067,0.4760,-1.8806,4.3656,point_left_1
4.9799,3.3088,2.7725,-0.6436,-2.4973,3.3949,10.7188,-1.1061,-2.0016,0.4501,-2.3473,3.9337,point_left_1
7.5585,3.0981,2.6983,-0.4684,-1.9049,2.8970,12.7180,-2.1907,-1.3695,0.6162,-1.6034,3.1209,point_left_1
10.3813,3.7709,2.9018,-0.0985,-1.0666,1.9300,14.4155,-1.5658,-3.8714,0.7115,-1.2565,1.8479,point_left_1
9.9886,4.7980,2.9233,-0.4090,-0.2130,0.8747,13.2399,-1.2929,-4.0294,0.3110,0.1104,0.9288,point_left_1
9.0908,4.8195,4.4915,-0.5307,-0.1836,0.3424,12.5360,-1.5227,-2.5402,-0.1295,0.2411,0.4895,point_left_1
7.8602,4.5849,5.5474,-0.0596,0.1713,-0.0056,11.9112,-1.8244,-0.5602,0.0969,0.1191,-0.1211,point_left_1
7.4484,4.8507,4.6759,0.0730,0.1986,-0.0966,10.9583,-1.3024,-1.3934,0.0815,0.0753,-0.2535,point_left_1
7.7141,4.6280,3.8954,0.1547,0.1621,-0.2806,11.4922,-1.5706,-0.7446,0.0794,-0.0465,-0.4784,point_left_1
7.6064,4.4317,4.5083,0.3023,0.2860,-0.3924,11.7148,-1.1851,-2.4469,0.1228,-0.0045,-0.6969,point_left_1
7.4699,4.9847,2.8826,0.3048,0.2718,-0.6953,10.4770,-1.2953,-0.8356,0.0931,0.0645,-1.1211,point_left_1
7.7548,4.4412,3.7613,0.3488,0.9715,-0.9663,12.8593,-0.7853,-2.0901,0.1120,0.6996,-1.3691,point_left_1
7.3885,4.0486,3.6727,0.4848,1.1037,-1.5468,13.9773,-1.0989,-1.1732,-0.2010,0.3218,-2.6087,point_left_1
6.2489,4.2018,4.1827,0.5725,2.0813,-1.7428,9.3470,-0.2873,-2.2362,0.3022,1.6964,-2.6180,point_left_1
5.2648,4.8076,3.2106,0.6587,2.0127,-2.6540,12.7994,1.0463,-3.4692,-0.4147,0.9462,-3.6415,point_left_1
3.5362,6.2704,1.5323,0.6221,1.6991,-3.1700,9.4930,1.3312,-1.4365,-0.8395,1.3315,-4.3531,point_left_1
1.8986,5.9807,5.1236,0.2144,2.9276,-3.2704,7.4675,3.4979,-1.7238,-0.5211,2.8561,-3.5886,point_left_1
-0.3472,6.3710,3.9816,0.4608,1.6093,-3.4392,7.9799,4.1803,-0.3615,-1.1684,1.0311,-4.0560,point_left_1
-1.7406,6.6008,3.5291,0.1747,1.4242,-3.5519,3.2585,4.3000,2.0758,-1.4378,1.5941,-3.9716,point_left_1
-3.1220,5.4851,5.2984,0.4714,1.8259,-3.4627,5.0996,5.2840,2.7294,-1.2143,2.0654,-3.3938,point_left_1
-3.8379,5.4540,2.8874,0.4706,0.9607,-3.3040,5.0398,5.0973,2.5570,-1.3833,0.4132,-3.9587,point_left_1
-6.1507,5.6838,3.1939,0.5933,1.8037,-2.9969,-1.4724,4.4963,5.3486,-0.9387,2.2218,-3.4311,point_left_1
-7.1611,5.7916,1.5203,0.8356,1.8684,-2.4149,0.4836,7.1228,2.8371,-0.5469,1.1314,-2.6777,point_left_1
-7.7405,6.3518,1.9369,0.2828,0.7949,-2.1101,-1.9489,7.1156,4.2138,-0.8074,0.7278,-2.2965,point_left_1
-8.8609,5.8323,3.5147,0.3593,0.6568,-1.1298,-2.6360,7.0916,5.7365,-0.2218,0.8583,-1.0588,point_left_1
-7.4819,6.1076,1.5945,0.2545,-0.2096,-0.6664,-1.7214,7.6782,4.3742,-0.2526,-0.3680,-0.7509,point_left_1
-7.3334,5.9424,1.9728,0.0212,-0.0272,-0.2884,-0.8930,7.5106,5.1044,-0.2539,0.0288,-0.2058,point_left_1
-7.5513,5.6958,2.1428,0.1384,-0.1303,-0.1198,-0.7470,7.7883,4.4245,-0.0272,-0.2134,-0.2057,point_left_1
-7.7405,5.9448,1.8076,-0.0766,-0.1242,0.1259,-1.4988,7.6375,4.6400,-0.0374,-0.0637,0.1808,point_left_1
-6.9504,5.5498,2.7605,0.0211,-0.2441,0.3219,0.2346,7.4340,4.8818,0.1272,-0.3142,0.2634,point_left_1
-6.6128,5.7748,1.5347,0.0934,-0.2562,0.3359,0.3759,7.7309,4.1204,0.1086,-0.3683,0.1956,point_left_1
-6.8738,5.7796,2.4469,-0.0393,-0.0217,0.3019,-0.3424,7.6016,4.8890,0.1920,-0.0063,0.2551,point_left_1
-6.9576,6.0023,1.9513,0.1254,-0.2290,0.4155,-0.3472,7.9057,4.4053,0.2264,-0.3457,0.2866,point_left_1
-7.4939,6.3734,2.5570,-0.0091,-0.1450,0.5953,-0.8452,7.9033,5.2026,0.3925,-0.1323,0.4906,point_left_1
-8.6526,6.6367,3.1532,0.0209,-0.5223,1.1712,-2.5809,7.7812,5.4157,0.6654,-0.6239,1.0553,point_left_1
-8.3629,6.6583,2.3942,-0.0037,-0.9979,1.8948,-2.2913,7.1347,5.5186,1.1369,-1.0595,1.9734,point_left_1
-7.6016,6.4500,2.2362,0.0985,-1.2300,2.5114,-1.2354,7.1108,3.1125,1.1979,-1.3995,2.6482,point_left_1
-5.8682,6.2489,2.3343,-0.1130,-1.5475,2.9611,0.4501,6.1411,2.7078,1.3270,-1.7415,3.3694,point_left_1
-3.5793,6.1651,1.4653,-0.2106,-1.6162,3.2731,0.5171,4.7573,2.8515,1.5528,-1.5279,4.0536,point_left_1
-3.4644,6.0047,3.4955,-0.1151,-1.5977,3.3486,5.0709,4.3503,0.9505,1.5737,-1.5729,4.3656,point_left_1
-1.0319,6.2991,1.4389,-0.4313,-1.4803,3.4558,6.5146,3.6368,-0.5674,1.4966,-1.7840,4.3656,point_left_1
0.2538,6.1459,1.6951,-0.4656,-1.3182,3.1922,8.9040,3.2968,-2.2170,1.1386,-0.4203,3.7952,point_left_1
2.2434,6.0023,0.6273,-1.0868,-1.4606,2.9330,7.4915,2.3296,-1.9609,0.7597,-0.5509,3.6377,point_left_1
2.5211,5.1930,3.6488,-1.5833,-1.1423,2.9532,8.0349,0.6129,-0.3160,0.1408,0.0410,3.6713,point_left_1
5.3798,4.2258,4.1132,-0.9852,-2.1785,3.0382,10.2999,-1.0606,-1.8507,0.0612,-1.5580,3.7477,point_left_1
7.8506,4.3311,2.1476,-0.9996,-1.8018,2.3862,12.7276,-1.6999,-2.3056,0.0068,-1.2753,2.9961,point_left_1
9.1028,4.4891,3.6895,-0.7025,-0.9405,1.4128,14.9470,-1.7238,-1.3815,-0.0385,-0.2986,1.8135,point_left_1
9.6606,4.7692,3.7972,-0.4980,-0.3812,0.6872,14.3077,-1.6041,-2.0255,-0.0071,-0.2082,0.7758,point_left_1
8.3749,5.4013,5.1691,-0.3997,0.3904,-0.0365,12.7970,-1.4030,-0.3017,0.0461,0.6037,-0.0444,point_left_1
7.2353,5.6336,5.7892,-0.0477,0.3448,-0.1406,11.9135,-0.7039,-1.3647,0.0771,0.2791,-0.2230,point_left_1
6.6104,5.7796,5.1978,-0.0290,0.2048,-0.2388,10.9439,-0.5674,-0.2801,0.0356,0.1355,-0.2874,point_left_1
6.3303,5.7150,4.1156,0.1342,0.0909,-0.1852,10.5393,-0.3160,-0.8859,0.0502,-0.1104,-0.3588,point_left_1
6.2776,5.5210,4.3742,0.1904,0.0770,-0.1627,10.8960,-0.0599,-1.7573,0.0112,-0.1384,-0.3242,point_left_1
7.5010,4.8507,4.3574,0.2991,-0.0152,-0.4736,11.8417,-0.6656,-2.1931,-0.1604,-0.3168,-0.6386,point_left_1
8.6287,4.9536,2.6504,0.3958,0.3220,-1.0191,15.0691,-0.7015,-1.7047,-0.1231,-0.4306,-1.6482,point_left_1
8.4036,4.8100,3.0574,0.4186,1.3844,-1.8262,13.7619,-0.6081,-2.7773,-0.1931,0.9393,-2.6514,point_left_1
6.5841,5.6695,1.6185,0.0581,2.3581,-2.7185,11.8058,-0.0862,-3.5578,-0.6011,1.6974,-3.8491,point_left_1
4.4652,5.2122,2.8802,-0.0670,3.5280,-3.4496,12.6414,0.5483,-2.0710,-0.8668,2.7789,-4.3583,point_left_1
0.5602,5.3295,5.1930,0.0478,3.1335,-3.6206,7.0677,1.2067,-0.4357,-1.0661,3.1136,-4.3657,point_left_1
-1.5012,5.5354,4.2282,0.2342,2.1597,-3.4090,4.9249,2.6863,1.9944,-0.8451,1.3901,-4.3657,point_left_1
-2.8084,5.2122,4.7692,0.4533,2.0554,-3.3850,4.8028,4.7309,-0.2418,-1.4882,2.0503,-4.0254,point_left_1
-3.3567,4.6926,3.1460,0.1158,0.5665,-3.4431,3.1292,3.7158,2.4588,-1.7876,0.2586,-4.0779,point_left_1
-4.7262,5.3127,2.7007,-0.0191,0.8295,-3.1500,0.0168,4.8578,2.8683,-1.9605,1.1122,-3.3196,point_left_1
-5.4181,4.1444,4.7238,-0.4684,-0.3265,-3.0658,2.3128,5.1260,3.2322,-2.1317,-0.1949,-2.9156,point_left_1
-6.7900,4.8842,2.5283,-0.0710,-0.0572,-2.7716,-1.6999,4.3191,8.1930,-1.5404,0.2534,-2.6422,point_left_1
-7.5657,4.9440,3.6009,-0.2415,1.2770,-1.9257,-0.3687,6.5242,5.0685,-1.0423,1.4365,-1.6729,point_left_1
-8.7388,4.8578,4.9608,-0.3276,0.1422,-1.3266,-2.5762,6.5194,6.5697,-0.7805,0.3873,-1.0519,point_left_1
-8.2217,5.0925,3.9025,-0.1360,0.0072,-0.7382,-1.3791,6.7684,7.1036,-0.5145,0.0667,-0.5891,point_left_1
-7.8793,4.9057,4.5993,-0.0534,-0.1270,-0.2789,-0.5578,6.7660,7.0797,-0.2809,-0.1335,-0.2154,point_left_1
-7.8961,4.5586,4.8770,0.0578,-0.2591,0.1596,-0.1532,6.7612,7.0174,0.0545,-0.2722,0.1310,point_left_1
-7.4723,4.6424,4.5011,0.0209,-0.1965,0.4383,-0.3232,6.4476,7.3454,0.2586,-0.2607,0.3761,point_left_1
-7.7117,4.4652,4.9440,0.2248,-0.2958,0.6991,-0.7757,6.6679,6.8331,0.5268,-0.4879,0.6459,point_left_1
-7.7812,4.8985,4.3574,0.3004,-0.4036,1.0484,-1.5467,6.5529,6.6415,0.7169,-0.5441,1.1026,point_left_1
-7.6926,4.9847,4.9105,0.5032,-0.5103,1.3983,-0.0551,6.8450,5.7197,1.1235,-0.8371,1.4446,point_left_1
-6.8738,5.3965,3.8283,0.5111,-1.1261,1.7845,-0.5435,6.6702,5.1787,0.8700,-1.3540,1.6164,point_left_1
-5.7604,5.3534,4.2713,0.2445,-1.1611,2.3154,0.8571,6.0094,4.4173,1.0992,-1.4953,2.3594,point_left_1
-4.1851,5.5545,3.7014,0.4967,-1.7176,2.3381,2.8371,5.3702,4.3981,1.1235,-1.9469,2.3419,point_left_1
-3.7421,6.2010,2.6528,0.4108,-1.2862,2.5267,3.3184,5.3008,3.1915,1.4142,-1.5821,2.8394,point_left_1
-2.2290,5.3989,3.4860,-0.3034,-0.7337,2.9577,4.4939,3.9983,3.2202,1.7255,-0.6395,3.3342,point_left_1
-3.2370,6.1339,2.4014,0.3391,-0.6049,2.9765,4.3144,3.9002,1.7957,1.8143,-0.7577,3.2295,point_left_1
-2.0063,5.1834,1.4150,-0.7250,-0.4010,4.1677,2.4181,2.4541,-0.3280,1.9613,-0.3351,4.2795,point_left_1
1.5179,3.9576,4.5083,-1.0116,-1.3039,3.5843,7.3861,2.6121,-3.5362,1.0076,-0.9125,4.3656,point_left_1
3.2202,4.3838,3.2848,-0.6420,-2.4728,3.0016,9.7707,0.6871,-1.1540,0.4289,-2.2467,3.9932,point_left_1
4.8483,4.5729,4.1851,-0.7016,-1.7549,2.5071,11.8920,0.5770,-0.6536,0.2001,-1.1596,3.2279,point_left_1
6.3303,4.7142,5.0853,-0.3825,-1.3991,1.9866,13.1681,0.1125,-0.7542,0.2682,-1.0271,2.2973,point_left_1
7.1706,5.4636,4.1372,-0.3425,-0.8138,1.2640,13.1681,0.4717,-1.5802,0.0997,-0.8717,1.5404,point_left_1
5.9807,5.8945,5.3439,-0.3304,-0.3861,0.7831,11.8968,0.3232,0.3184,0.0341,-0.0538,0.8833,point_left_1
6.5912,5.8227,5.2648,-0.2156,-0.2617,0.4884,12.1314,0.5339,-0.8499,0.0155,-0.1721,0.5387,point_left_1
6.4236,5.7533,5.6048,-0.1384,-0.1580,0.1420,12.4666,0.3783,-0.2897,-0.1107,-0.0258,0.1992,point_left_1
6.0980,5.6455,5.4420,-0.1346,0.1903,-0.1195,11.5424,0.3855,-0.5746,-0.0526,0.2137,-0.1298,point_left_1
5.9041,5.6910,5.6814,-0.0465,0.1011,-0.2701,11.2336,0.4621,-0.4142,-0.0849,0.0797,-0.3187,point_left_1
6.2776,5.4971,5.3127,0.0781,0.1322,-0.4483,11.9135,0.2729,-0.6464,-0.1398,0.0516,-0.5737,point_left_1
7.6878,4.9249,5.7820,0.2298,0.2017,-1.0090,14.1928,0.5124,-2.2170,-0.4341,-0.0449,-1.4618,point_left_1
7.1922,4.7549,3.7996,0.6539,0.5348,-1.7440,13.4722,-0.7949,0.2610,-0.4987,0.0743,-2.4637,point_left_1
8.3055,4.7214,4.2042,1.0893,1.7824,-3.0074,16.1178,-0.1006,-2.0638,-0.4838,0.8079,-4.1627,point_left_1
2.7557,5.9017,2.5355,0.4459,2.6541,-3.8300,8.8418,1.8627,-3.7038,-0.9570,2.3032,-4.3657,point_left_1
-0.3711,6.5841,2.2338,0.1673,2.4231,-4.0398,5.0757,1.9752,1.8004,-1.5495,2.4833,-4.3657,point_left_1
-2.8467,5.8395,5.1978,0.2469,2.0210,-3.5244,5.4444,5.7964,-2.7414,-1.5059,1.5743,-3.8905,point_left_1
-1.8962,5.3822,2.4995,-0.1180,0.5393,-3.7121,4.3144,3.7589,1.3743,-2.1694,0.3633,-4.2996,point_left_1
-4.6543,5.1906,1.8004,-0.7290,1.2009,-3.6274,-1.1085,3.2346,4.9799,-2.4905,1.8652,-3.4303,point_left_1
-6.5027,4.2234,3.1915,-0.3195,2.3589,-3.1436,3.8020,5.6623,2.1811,-1.4549,2.4948,-2.7223,point_left_1
-6.6870,5.3343,2.5187,-0.7746,1.1518,-2.7240,-2.5690,4.4508,6.6367,-1.6206,1.9786,-2.7238,point_left_1
-7.9344,4.8746,6.0932,-0.4052,1.4039,-1.4444,-1.5993,5.9711,6.0023,-0.8681,1.6665,-0.9193,point_left_1
-6.9408,4.7788,3.2872,-0.4269,-0.2842,-0.9679,0.1365,5.9831,6.9049,-0.7462,-0.2318,-0.8823,point_left_1
-7.6734,4.9823,4.3072,-0.3432,0.5248,-0.4506,-1.0942,6.4069,6.9743,-0.4081,0.7296,-0.3357,point_left_1
-7.5968,4.7501,4.9153,-0.3508,-0.0060,-0.2129,-0.5842,6.5457,6.8259,-0.2274,0.2386,-0.1352,point_left_1
-6.9935,4.6136,4.9416,0.0859,-0.1640,-0.0155,0.8404,6.5338,6.6439,-0.0693,-0.4646,-0.0476,point_left_1
-7.1036,4.5131,3.9289,0.0577,-0.1737,0.1478,0.1700,6.5721,6.1124,-0.0274,-0.1191,0.0404,point_left_1
-6.5362,4.5753,3.8451,-0.0067,0.0044,0.1200,0.5124,6.3853,6.5601,0.0546,-0.0845,0.0237,point_left_1
-8.2720,4.8914,4.8650,0.2189,0.0683,0.4013,-1.8914,6.5050,7.8195,0.4706,0.1203,0.2769,point_left_1
-8.6550,5.3103,4.8890,0.3154,-0.5605,0.9479,-2.7773,6.9192,6.6439,0.6115,-0.7576,1.0934,point_left_1
-9.3541,5.8754,3.5626,0.4474,-1.1369,1.5732,-2.5307,6.8833,7.2425,1.0877,-1.5620,1.8531,point_left_1
-7.8075,5.7461,3.2633,0.3291,-1.1591,2.1390,-0.3879,6.5984,5.8323,1.2838,-1.4408,2.5766,point_left_1
-5.6551,5.6527,4.5514,0.3240,-1.4971,2.6732,1.7837,5.9137,3.6176,1.5002,-1.7982,3.0194,point_left_1
-3.1963,5.2194,4.0821,0.4620,-1.7822,2.6823,4.0007,5.2433,1.8747,1.4813,-2.1473,3.1865,point_left_1
-2.2434,5.6767,3.0191,0.3103,-1.3671,2.6839,5.6862,3.8523,3.2537,1.4320,-1.5741,2.9235,point_left_1
-1.5467,5.8945,2.8108,0.3316,-0.7621,2.6402,6.1938,4.3191,0.9984,1.5112,-1.0035,2.8153,point_left_1
0.4190,4.7740,5.3893,-0.1096,-0.9410,2.6521,6.2441,3.5961,-0.2993,1.2541,-0.7747,3.0755,point_left_1
-1.1827,5.7700,2.6767,0.1158,-1.0591,2.6894,5.6695,3.1053,1.0343,1.2634,-1.0261,2.7780,point_left_1
-0.8021,5.3726,2.0327,-0.5084,-0.5200,3.5013,4.5945,1.8962,1.7238,1.4865,-0.4033,3.5362,point_left_1
0.8212,5.1427,3.4500,-0.2090,-1.0196,3.0935,8.2193,2.0853,-0.8164,1.0933,-0.8360,3.3500,point_left_1
2.8778,5.1260,3.1460,-0.5344,-2.0017,3.2185,6.7924,1.1899,-3.3447,0.5573,-1.5985,3.5967,point_left_1
7.8123,4.5633,1.7286,-0.5144,-2.2884,2.5856,14.0899,-0.2418,-3.8906,-0.0727,-2.2192,3.2359,point_left_1
8.4803,5.7772,3.0598,-0.7774,-1.2720,1.3988,14.1713,0.3950,-3.7014,-0.2575,-0.5395,1.9621,point_left_1
8.0852,6.0645,5.1260,-0.9197,-0.5566,0.4934,14.7746,-0.1221,-0.7254,-0.3447,0.0250,1.0745,point_left_1
6.6128,6.2896,6.8331,-0.5095,0.0497,0.2282,12.6127,-0.5171,1.3001,-0.1532,0.4636,0.4588,point_left_1
7.2999,5.6958,5.6240,-0.0662,-0.1524,0.1423,12.7443,-0.8356,0.3591,0.0729,-0.3038,0.1314,point_left_1
7.3957,5.3367,5.0326,0.1021,0.1160,-0.0678,12.0357,-0.9290,-0.8116,0.1077,0.0845,-0.2313,point_left_1
7.2616,5.0566,4.7285,0.1351,0.2966,-0.3357,11.7364,-0.4693,-2.2529,0.0212,0.0480,-0.5131,point_left_1
6.7229,5.1691,4.2042,0.0883,0.1460,-0.6063,11.2144,-0.6871,-0.9577,-0.2459,0.0236,-0.7482,point_left_1
6.8953,5.2409,3.8930,0.1398,0.4610,-0.8119,11.3222,-0.3400,-1.9130,-0.0899,0.2150,-1.1370,point_left_1
6.6990,5.4324,3.6775,0.0926,0.7615,-1.3466,13.2088,0.0910,-1.6855,-0.5221,0.5068,-2.0606,point_left_1
5.0494,5.8251,4.2282,0.0858,1.1899,-1.4294,10.3813,0.4980,-0.7614,-0.2090,0.9908,-2.2360,point_left_1
5.3223,5.7485,3.5650,0.1737,1.2991,-1.8706,11.1091,1.4126,-1.6951,-0.5970,0.7958,-2.4694,point_left_1
3.8618,5.5761,4.0917,0.0460,1.4574,-2.2800,10.2615,1.9872,-0.6369,-0.7101,1.2875,-2.8217,point_left_1
2.5929,5.6192,4.0031,0.0951,1.7120,-2.4990,9.2105,2.4828,-0.8284,-0.7757,1.2969,-3.3529,point_left_1
2.0925,5.1858,3.5147,0.0814,1.8271,-2.9635,9.7588,3.1364,-0.7230,-1.3195,1.2810,-3.4570,point_left_1
-0.1437,5.4372,3.1867,-0.3066,2.7803,-3.2928,5.8083,2.8132,1.1779,-1.0283,2.8410,-3.9771,point_left_1
-0.8667,4.5131,4.7501,0.1075,2.0042,-3.4395,6.8139,4.1132,-1.0798,-1.4594,1.6808,-3.9650,point_left_1
-1.7885,4.3239,2.5546,-0.0897,1.0545,-3.8661,4.3024,3.5530,-0.8595,-2.4023,0.3696,-4.3284,point_left_1
-4.3958,4.4772,2.9544,-0.3814,1.4137,-4.2894,-1.4078,1.9130,7.1922,-2.0652,2.9158,-3.9953,point_left_1
-7.5346,4.8363,4.0965,0.0829,2.1297,-3.0266,0.2777,5.8897,4.1348,-1.1670,1.5808,-2.3659,point_left_1
-8.8202,5.7581,3.2585,-0.1572,0.7119,-2.2171,-2.0135,6.4859,6.2153,-1.1129,1.0509,-2.0772,point_left_1
-9.0812,5.3582,4.8722,-0.0610,0.6178,-1.1544,-1.4700,7.4029,6.5122,-0.5444,0.6634,-0.6805,point_left_1
-8.6910,5.0111,4.1779,-0.1364,-0.2529,-0.4479,-0.8859,7.2544,7.3765,-0.3355,-0.2978,-0.3255,point_left_1
-8.4156,4.9225,3.9863,0.0007,-0.0135,-0.1103,-0.7973,7.3358,6.7253,-0.1792,-0.0089,-0.0803,point_left_1
-7.9871,4.8387,4.2282,-0.0163,-0.1519,0.2392,-0.0790,7.2688,6.8378,0.1266,-0.2419,0.1576,point_left_1
-8.5042,4.8961,4.1180,0.1252,-0.0702,0.4362,-1.2833,7.2520,7.1635,0.3772,-0.0476,0.3176,point_left_1
-8.4228,5.3367,4.5250,0.3660,-0.7842,1.4308,-0.8835,7.1156,6.3470,0.9258,-0.9770,1.5339,point_left_1
-7.8602,5.6192,3.9265,0.3734,-1.1034,1.8927,-0.6488,6.7708,5.7988,0.9835,-1.2353,1.9299,point_left_1
-4.8459,5.3415,4.1276,0.5661,-1.9478,2.4573,2.8228,5.3750,2.9401,1.2498,-2.4447,2.9212,point_left_1
-3.7541,6.1148,1.0822,0.6642,-1.5672,2.8003,3.1891,4.7525,2.2721,1.5888,-1.9470,3.1906,point_left_1
-1.7717,5.4516,2.5977,-0.1459,-1.1890,2.9962,5.2792,4.3598,0.7087,1.5303,-1.1858,3.3979,point_left_1
-1.7071,5.8610,2.5881,0.0386,-1.2279,2.8246,5.2337,3.6727,1.0582,1.2381,-1.0369,3.1311,point_left_1
-1.0271,5.1667,2.6384,-0.3560,-1.2331,3.3814,5.7006,2.5690,-0.3687,1.3736,-1.1678,3.7636,point_left_1
1.3838,5.0996,3.1747,-0.3569,-1.8055,3.1245,7.5537,2.2841,-2.0806,0.7903,-1.5030,3.6134,point_left_1
1.9848,5.0254,2.2242,-0.5614,-2.1417,3.1273,7.2712,1.0678,-1.5060,0.4652,-1.5384,3.5105,point_left_1
5.4899,4.6208,3.0718,-0.6563,-1.9865,2.6366,12.1889,0.3304,-2.7222,0.0617,-1.6593,3.3332,point_left_1
6.6176,4.7956,4.4005,-0.6751,-1.5543,1.9120,12.1530,-0.5411,-1.0223,-0.1146,-0.7985,2.4642,point_left_1
8.1259,5.2481,3.6105,-0.3796,-1.0340,1.2387,14.3030,-0.7685,-1.3479,0.0193,-0.9118,1.4104,point_left_1
8.3199,5.7676,4.5131,-0.3659,-0.2321,0.5188,14.4514,-0.5148,-1.0032,-0.0438,0.0256,0.6115,point_left_1
6.9216,5.9951,6.2417,-0.2398,0.4591,0.2068,12.2679,-0.2777,-0.1604,0.2086,0.6185,0.1057,point_left_1
6.3566,6.2896,6.1651,-0.0273,0.1732,0.2178,11.3677,0.2705,-1.2929,0.2475,-0.0674,0.0633,point_left_1
6.8833,6.1962,5.0996,0.0758,-0.1968,0.1139,11.7436,-0.2370,-1.2067,0.0348,-0.2546,0.0818,point_left_1
7.3789,5.5330,4.3790,0.2256,0.0650,-0.1547,12.9311,-0.2945,-1.6903,0.0377,-0.1557,-0.3637,point_left_1
7.8219,5.1978,4.0318,0.2817,0.4045,-0.7677,13.4363,-0.1437,-2.8754,-0.1711,0.0532,-1.1811,point_left_1
7.2161,5.1499,3.5243,0.1801,0.7569,-1.2012,12.7491,-0.1317,-2.8683,-0.3007,0.3347,-1.9127,point_left_1
5.6503,5.5929,3.7206,0.0723,0.9988,-1.5657,12.8640,0.6752,-3.9025,-0.8823,0.3333,-3.0141,point_left_1
7.4986,4.9225,4.9081,0.1442,0.0159,-1.9312,9.8785,-0.1700,-3.5099,-1.5130,-0.2093,-3.0774,point_left_1
5.5402,5.2337,2.2314,-0.1958,0.1759,-2.8691,8.9543,1.5155,-2.8587,-2.0038,0.0196,-3.0683,point_left_1
2.4038,5.6192,4.0031,-0.4369,0.6903,-3.0450,8.9447,2.4493,-0.5148,-1.9458,1.7296,-2.7708,point_left_1
1.9776,5.7102,3.9624,-0.6187,0.3722,-3.0922,8.7005,3.6966,-1.1636,-2.1758,0.2733,-2.8261,point_left_1
-0.0024,6.0478,2.4421,-0.8090,1.2208,-3.3257,5.9328,3.4764,2.6169,-2.2040,1.8500,-2.9866,point_left_1
-1.6305,5.0087,4.4796,-0.5232,2.0038,-3.2987,7.6375,4.4891,0.9313,-1.6910,1.9344,-3.1605,point_left_1
-1.7597,5.0709,2.1380,-0.7877,2.1945,-3.6304,5.6982,4.5155,0.6871,-2.4618,2.2932,-3.6004,point_left_1
-5.3199,4.4915,2.9185,-1.0732,3.3738,-3.4232,1.4653,4.1803,3.7134,-1.4044,4.1683,-3.0209,point_left_1
-6.3207,4.6208,4.5753,-1.1088,2.7692,-2.8361,-0.9912,5.2960,2.6624,-1.5933,2.8921,-2.7391,point_left_1
-8.2217,5.1068,5.9113,-1.1387,1.9341,-1.9465,-3.9217,5.2361,7.2808,-1.2620,2.5742,-1.5525,point_left_1
-8.1666,4.5274,5.9640,-0.3785,0.5768,-1.0685,0.0168,6.3925,6.3925,-0.8487,0.7119,-0.7966,point_left_1
-7.4460,4.9033,5.2577,-0.3115,-0.0510,-0.6250,-0.0575,6.5936,6.8785,-0.6969,-0.0721,-0.4262,point_left_1
-6.4715,4.1515,5.7844,-0.3289,0.3174,-0.0659,1.8172,6.4787,7.2880,-0.2395,0.3210,0.0833,point_left_1
-7.6686,4.3239,5.3247,0.0959,0.0072,0.0044,0.1437,6.3973,7.3981,0.0203,-0.0850,-0.2074,point_left_1
-7.8697,4.5897,4.9464,0.1857,-0.3710,0.3704,-1.0487,6.4907,7.2664,0.2449,-0.4061,0.1599,point_left_1
-6.7205,4.2928,4.9201,0.3072,-0.2666,0.4541,0.9649,6.9408,5.9065,0.3156,-0.4064,0.2553,point_left_1
-7.5848,4.8794,4.5466,0.2029,-0.0994,0.5381,-0.4549,6.5266,7.3933,0.4622,-0.1238,0.4239,point_left_1
-7.5465,5.0230,4.7477,0.4088,-0.1427,0.8360,-0.6823,6.4643,7.5034,0.8358,-0.2891,0.8655,point_left_1
-7.9176,5.2194,5.3606,0.4764,-0.6888,1.3614,-1.0606,6.5266,6.4859,1.1798,-0.9353,1.5428,point_left_1
-7.1084,5.2912,4.8530,0.6327,-1.0050,1.8799,0.0239,6.0932,6.0765,1.4974,-1.4518,2.1575,point_left_1
-5.9975,5.3391,4.3096,0.6323,-1.3011,2.4052,1.2091,6.0741,3.5123,1.4927,-1.6365,2.6338,point_left_1
-5.0566,5.6886,3.9193,0.5789,-1.7765,2.7023,2.7725,4.9344,4.2641,1.6088,-2.0883,2.9084,point_left_1
-3.5530,5.4181,3.2825,0.5393,-1.6446,3.1179,4.1084,5.0326,1.6137,1.7235,-2.0294,3.1605,point_left_1
0.5626,4.7549,3.1029,-0.1112,-1.4509,3.7001,5.3750,2.5307,-2.2266,1.6258,-1.3976,3.8898,point_left_1
1.9800,5.2672,1.1899,-0.5614,-1.8177,3.3189,7.6088,2.3272,-3.2346,0.8472,-1.4651,3.8236,point_left_1
3.2681,4.4987,2.1715,-1.0172,-2.2347,3.1024,8.3510,1.0774,-3.3974,0.3392,-1.2457,3.8876,point_left_1
6.2656,5.0182,2.0039,-0.8184,-1.8249,2.1769,13.2758,0.6512,-3.2585,0.0200,-1.5471,2.9824,point_left_1
7.0868,4.9560,4.3383,-0.9906,-1.1976,1.5328,12.9861,-0.5171,-1.0918,-0.2856,-0.1567,2.1068,point_left_1
8.6048,5.2720,5.0709,-0.5423,-0.6378,0.8392,14.8177,-0.9218,-0.1293,0.0115,-0.4077,1.0945,point_left_1
7.9751,5.6982,5.3319,-0.2280,0.1207,0.3377,14.1138,-0.0910,-1.5730,0.1394,0.3187,0.2860,point_left_1
6.5912,6.1890,5.5378,-0.2020,0.2874,0.0325,11.4586,0.2251,-0.7997,0.1023,0.3031,-0.0208,point_left_1
7.1635,5.8826,5.3103,0.0542,-0.0981,-0.1584,12.7515,0.2777,-1.5299,-0.0618,-0.1839,-0.2437,point_left_1
7.5537,5.3822,5.0446,0.0577,0.3154,-0.6109,13.0316,-0.1413,-1.7717,-0.2426,0.2288,-0.7879,point_left_1
7.2975,5.1811,3.5386,0.1339,0.4946,-1.1163,13.3908,-0.0263,-1.9106,-0.3720,0.1636,-1.6329,point_left_1
6.7373,5.0087,2.9521,0.1085,1.1225,-1.5676,12.0069,0.4932,-2.6695,-0.4473,0.9116,-2.4954,point_left_1
5.5857,4.6855,4.4245,0.2553,2.0852,-2.3938,12.7300,0.7566,-1.7238,-0.5628,1.4965,-3.1982,point_left_1
3.7661,5.3893,3.6631,0.2554,1.7588,-2.7696,8.9878,1.7214,-1.7741,-0.7710,1.1883,-3.8081,point_left_1
1.7454,5.8035,3.8235,0.1013,1.5412,-3.2202,8.0876,2.2482,-0.0263,-1.2576,1.2216,-3.9973,point_left_1
1.3240,5.5234,5.1595,0.0654,2.0408,-3.4170,7.2856,4.4484,-1.0558,-1.4063,1.9340,-3.5618,point_left_1
-3.0071,5.8251,4.8961,0.4799,1.2537,-3.5252,6.1244,4.2737,1.5036,-1.5408,0.8715,-4.2891,point_left_1
-3.8164,6.1818,2.8730,0.6852,1.0289,-3.6405,4.0654,5.2050,1.3527,-1.9177,0.5009,-3.7927,point_left_1
-4.7573,5.6838,2.4421,-0.0817,1.2847,-3.3045,3.7469,5.6790,2.0231,-1.8146,1.4758,-3.1116,point_left_1
-5.3870,5.4348,4.1061,-0.6562,1.3456,-2.7941,-1.3551,4.6807,5.1188,-1.8301,1.7813,-2.7047,point_left_1
-6.6679,5.2002,4.1994,-0.1668,0.9796,-1.9935,-0.1365,6.2034,2.6336,-1.5776,1.0155,-1.7058,point_left_1
-4.8507,5.4971,2.6001,-0.7568,-0.0898,-1.7115,1.7430,5.1906,7.1611,-1.4658,-0.2090,-1.3250,point_left_1
-7.1730,5.2361,4.0486,-0.6171,1.3732,-0.8636,-0.5124,5.9687,6.9288,-0.7216,2.0119,-0.6123,point_left_1
-7.2520,4.7214,4.5035,-0.4714,0.8547,-0.7412,1.2330,7.0509,4.9488,-0.7647,1.2373,-0.6287,point_left_1
-7.4915,5.1930,5.0159,-0.1973,0.1314,-0.4012,-0.0479,6.7397,7.4939,-0.1651,0.2289,-0.4439,point_left_1
-7.2137,5.1499,3.3471,-0.1061,0.4207,-0.0965,-0.1173,6.9863,6.6415,-0.0926,0.5906,-0.2132,point_left_1
-7.9966,4.9225,4.9321,-0.1288,0.4647,-0.0019,-0.5387,7.0677,6.7684,0.0922,0.4558,-0.0839,point_left_1
-8.5976,5.1260,4.6304,0.1171,-0.2032,0.3283,-1.3336,7.0916,6.8809,0.2948,-0.2518,0.2250,point_left_1
-9.0740,5.5330,4.7932,0.2979,-0.5541,0.8230,-2.3415,6.6702,8.0709,0.8084,-0.7550,0.8591,point_left_1
-7.7357,5.3223,4.6112,0.5420,-0.6627,1.2713,-0.3591,7.1275,6.0406,1.1894,-1.0884,1.4264,point_left_1
-7.2544,5.6312,3.7613,0.5836,-0.9301,1.4835,0.6297,6.9264,5.2050,1.0976,-1.3063,1.5992,point_left_1
-5.3726,5.2984,4.6328,0.6153,-0.8154,1.7750,2.4349,6.7157,4.2521,1.4056,-1.1704,1.8647,point_left_1
-5.3247,6.2537,2.7509,0.5504,-0.7334,1.8375,2.2027,6.6224,3.6152,1.3612,-0.9955,1.7745,point_left_1
-3.4836,5.5043,3.9840,-0.1096,-0.7004,2.3590,2.3415,5.8586,3.0742,1.4194,-0.7707,2.4365,point_left_1
-3.7158,6.0837,3.4309,0.2362,-0.8960,2.3106,4.2306,6.0023,2.0877,1.2145,-1.2578,2.2139,point_left_1
-2.2769,6.2848,2.4804,0.1506,-1.0022,2.4329,4.1731,5.4109,0.8739,1.2798,-1.2033,2.4784,point_left_1
-1.0726,5.8945,4.2449,0.0218,-1.0243,2.3190,5.7006,4.7836,0.8140,1.2277,-0.9292,2.6244,point_left_1
-1.6759,6.4428,2.2505,0.1015,-1.0289,2.6208,5.0613,4.6328,-0.5171,1.1351,-1.1056,2.6726,point_left_1
0.6416,5.9759,1.3599,-0.7454,-0.9525,3.1353,3.9911,2.9712,0.5363,1.1022,-0.4537,3.3200,point_left_1
-0.5602,5.8730,2.6408,-0.9971,-0.6098,3.2740,4.5490,1.5826,-0.1125,1.0537,0.3599,4.1808,point_left_1
1.7238,4.8459,2.0925,-1.5996,-1.6890,3.8006,8.4420,0.8643,-2.9185,0.9827,-1.0985,4.3656,point_left_1
5.9568,3.7421,5.7988,-1.5358,-2.2904,2.9174,12.8569,0.5794,-3.5602,0.0564,-1.1407,4.1275,point_left_1
6.8642,4.2018,4.1180,-0.8871,-2.1802,2.1739,12.2248,-1.1660,-1.3240,-0.2952,-1.1788,3.0979,point_left_1
9.4427,4.3167,3.7876,-0.7353,-1.4332,1.3343,16.4913,-0.9744,-2.2865,-0.2996,-1.2124,1.9665,point_left_1
8.1786,4.9847,5.5019,-0.6980,-0.1885,0.5208,13.3836,-1.1516,-0.5435,-0.1427,0.4457,0.6612,point_left_1
7.7093,5.2577,6.0142,-0.4896,0.0297,0.2984,12.4882,-0.8835,-0.4094,-0.0091,0.1580,0.3957,point_left_1
7.4675,5.3965,5.6144,-0.2601,0.1103,0.0215,12.2009,-0.9625,-0.2011,-0.0528,0.2762,0.0233,point_left_1
6.7325,5.0733,6.5505,-0.0663,0.0723,-0.0120,11.5472,-0.9792,-0.0407,-0.0261,0.0757,-0.0906,point_left_1
7.5513,4.8746,5.4899,0.0389,-0.0052,-0.0628,11.5305,-0.4645,-1.5275,0.0252,-0.0898,-0.1627,point_left_1
6.0071,5.0757,4.9895,0.0933,-0.0253,-0.1260,9.5960,-0.5722,-0.8978,0.0258,-0.0169,-0.1793,point_left_1
6.8450,4.7022,4.8483,0.1808,0.0777,-0.2198,11.3078,-0.7470,-0.9170,0.0652,-0.0939,-0.3882,point_left_1
8.0158,4.3263,4.5418,0.2681,-0.0862,-0.6631,12.2679,-1.2402,-2.2553,-0.3521,-0.1793,-0.7925,point_left_1
8.7556,4.1659,3.6990,0.2767,0.3708,-1.2384,14.6190,-1.3767,-1.6951,-0.4851,-0.2341,-1.5683,point_left_1
7.9679,4.5394,4.3981,0.3768,0.9718,-1.9272,14.7890,-0.1772,-4.2641,-0.7841,0.2334,-2.9873,point_left_1
6.5481,4.7980,2.9209,0.1788,0.9361,-2.5478,10.7021,-0.6560,-1.1372,-1.2965,0.3748,-3.7843,point_left_1
3.9002,4.5370,4.2665,0.4566,1.5428,-3.1015,9.9431,1.1301,-1.7478,-0.9932,1.2321,-3.7040,point_left_1
3.0718,4.9895,1.9465,0.1561,1.4477,-3.6749,9.8521,2.3966,-2.9281,-1.5836,0.7961,-4.1820,point_left_1
0.2682,4.9416,4.1707,-0.4742,2.2252,-3.7602,5.8945,2.6695,-0.3089,-1.5831,3.0678,-3.9419,point_left_1
-0.8691,5.2816,3.6368,-0.0103,2.1931,-3.9055,6.5984,3.0071,2.0806,-1.4614,1.6257,-4.1002,point_left_1
-2.2936,4.8626,4.0582,-0.1988,2.2056,-3.8240,5.5282,4.3814,0.2107,-1.8492,2.1946,-4.1844,point_left_1
-5.3822,5.4899,3.8164,-0.2643,2.0547,-3.4687,-1.1205,4.1875,4.8674,-1.4408,2.1377,-3.2243,point_left_1
-5.0805,4.5322,4.7477,-0.2954,1.3712,-2.8378,2.3750,5.3654,4.0606,-1.4073,1.1748,-2.6109,point_left_1
-6.9647,5.4133,3.0143,-0.0469,1.5151,-2.2896,-0.5004,5.5545,5.3439,-0.8432,1.6435,-2.4396,point_left_1
-6.8019,5.0542,3.1460,-0.2898,1.6306,-1.7607,-1.8196,6.8929,3.6296,-0.7313,1.8680,-1.5516,point_left_1
-8.6048,5.5426,3.0933,-0.4912,0.9627,-1.2650,-2.4660,6.9863,5.6000,-0.6543,1.2312,-1.0066,point_left_1
-8.3414,4.8746,4.4484,-0.2474,0.4635,-0.5977,-0.4262,7.5633,5.2768,-0.4201,0.4847,-0.3295,point_left_1
-8.0158,5.0518,4.2186,-0.2018,-0.4566,-0.2978,-0.9146,7.0868,6.8450,-0.2617,-0.4688,-0.1635,point_left_1
-7.2975,4.7884,3.8403,-0.0023,-0.2451,0.0677,0.3208,7.3382,5.9831,-0.0059,-0.3167,0.1158,point_left_1
-7.1539,4.3910,4.0725,0.0076,-0.0328,-0.0177,0.6967,7.0820,6.1818,0.0192,-0.0179,-0.0833,point_left_1
-7.6614,4.6448,3.2561,0.0556,0.1600,0.0733,-0.2873,7.3071,5.4061,0.1299,0.1275,-0.0226,point_left_1
-7.8003,4.5586,4.1108,0.0814,-0.0027,0.1891,-0.6321,7.0749,6.2824,0.1964,0.0148,0.1506,point_left_1
-8.2408,4.7669,3.7134,0.2566,-0.0652,0.4554,-0.6297,7.3741,6.5505,0.4523,-0.2693,0.3894,point_left_1
-9.2464,5.2816,3.7134,0.1204,-0.1484,0.9096,-2.7342,7.2065,6.6224,0.5858,-0.1800,0.9010,point_left_1
-9.3494,5.2912,4.0845,0.2364,-0.4762,1.5956,-1.8364,7.2329,5.9544,0.9645,-0.7757,1.6911,point_left_1
-9.3039,5.4468,4.3646,0.4161,-1.2545,2.5077,-3.1723,6.5649,5.2122,1.2233,-1.5304,2.5361,point_left_1
-6.3303,5.2481,2.8706,0.8287,-1.9913,3.1728,1.2043,5.7772,2.5474,1.4234,-2.6817,3.4396,point_left_1
-3.1508,5.3271,0.7135,0.6339,-2.0009,3.2443,5.0159,5.1332,0.3687,1.4362,-2.4075,3.6232,point_left_1
-2.0662,5.8035,0.2969,-0.3387,-0.7837,3.3296,5.7700,4.2066,2.0351,1.6750,-0.8524,3.2972,point_left_1
-0.8308,4.9344,5.2529,-0.4229,-0.4815,2.9910,5.9089,4.4173,-0.1556,1.3015,-0.1458,3.1400,point_left_1
-1.3455,5.5186,3.1388,-0.4089,-1.2923,3.2544,3.9911,2.6384,1.0199,1.1390,-1.2794,3.3755,point_left_1
-0.2610,4.8674,1.8196,-0.6784,-1.2145,3.5060,5.2768,1.7071,-0.2945,0.9170,-0.9010,4.0172,point_left_1
2.5642,4.3096,3.4907,-0.5950,-1.7878,3.2154,8.5090,0.9625,-1.5203,0.6674,-1.2709,4.0636,point_left_1
5.5258,4.3359,3.4884,-0.7250,-1.5208,2.9636,11.5592,0.1077,-2.1213,0.6566,-1.3231,3.6388,point_left_1
8.9543,5.0206,3.0023,-0.7485,-1.2219,1.9219,15.7347,0.7829,-3.1795,0.2118,-0.9000,2.1035,point_left_1
7.6878,6.1435,4.5825,-0.8027,0.0318,0.6708,14.7986,1.1516,-1.3791,-0.1484,0.5209,0.8533,point_left_1
5.5665,6.7612,6.1651,-0.6394,0.2867,0.2053,11.7172,1.3216,0.1006,-0.1010,0.6161,0.2128,point_left_1
4.6184,6.8115,6.5745,-0.4153,0.3492,-0.0741,11.5065,1.2330,1.7454,0.0244,0.5805,-0.0093,point_left_1
4.2760,6.5122,6.5769,-0.0650,0.2892,0.0709,11.3557,1.5945,0.6177,0.1328,0.2152,-0.0063,point_left_1
4.1108,6.0932,6.1818,-0.0404,0.2757,0.1154,9.7636,1.0654,0.8404,0.2967,0.2160,0.0258,point_left_1
3.3830,5.8275,6.7900,0.2547,-0.0357,0.4634,9.3733,0.9529,1.1277,0.5187,-0.1400,0.3303,point_left_1
5.4492,5.5330,4.6639,0.5629,-0.3051,0.4950,11.2168,0.6321,-0.0958,0.4879,-0.7714,0.1567,point_left_1
6.4189,5.4660,4.1180,0.5530,0.2358,0.0460,12.4451,0.5459,-1.0367,0.4848,-0.1274,-0.3432,point_left_1
7.3478,5.8059,4.1108,0.3409,0.6011,-0.6844,12.5911,1.3168,-3.6009,0.1188,0.2269,-1.0051,point_left_1
5.7868,6.2393,4.1731,0.1304,0.6142,-1.3143,12.3325,1.1756,-0.9912,-0.4279,0.5800,-1.5306,point_left_1
5.3463,5.8012,4.9704,0.2008,1.3098,-1.8255,13.4937,1.0750,0.3687,-0.3531,1.0351,-2.3447,point_left_1
4.4436,5.7126,5.2720,0.3861,1.2469,-2.1069,10.4555,1.2761,-1.1396,-0.4306,1.1001,-2.8238,point_left_1
3.2753,6.0645,3.5554,0.3363,1.4838,-2.5510,8.8897,2.1428,-0.6752,-0.6138,1.2233,-2.9485,point_left_1
1.6328,5.7676,3.1220,0.3479,1.5673,-3.0811,8.9807,3.2896,-0.7590,-1.0116,1.5480,-3.3176,point_left_1
-1.2665,5.5426,4.5346,0.0101,1.5256,-3.2547,7.3526,3.8331,0.7015,-1.3348,1.3498,-3.7259,point_left_1
-2.7294,5.7126,3.5985,0.0305,1.2117,-3.2341,3.3208,4.1587,2.9592,-1.2938,1.3411,-3.4326,point_left_1
-3.6895,5.6240,3.7685,0.0057,1.2317,-2.9791,3.6248,5.2481,2.4636,-1.4013,1.3033,-3.0330,point_left_1
-4.4556,5.0087,3.8810,-0.0841,0.9216,-2.7659,2.1237,5.1140,3.8690,-1.2440,1.2629,-2.6540,point_left_1
-5.8419,5.1475,3.1340,-0.0958,0.7565,-2.5289,0.4884,5.1643,5.6168,-1.1860,1.0052,-2.4463,point_left_1
-6.1028,4.9273,3.3830,-0.1199,0.8391,-2.0953,1.5993,6.4883,3.3974,-1.0501,0.8635,-2.0614,point_left_1
-7.4436,5.0973,2.7102,-0.5157,0.2943,-1.8111,-1.0127,6.1076,5.4899,-1.1764,0.6801,-1.8114,point_left_1
-8.0445,5.1260,4.0031,-0.2711,0.1031,-1.1355,-1.9513,6.1292,6.9145,-0.7059,0.4125,-1.0208,point_left_1
-7.2760,4.9608,4.2066,-0.2241,-0.0753,-0.5907,0.5746,7.0581,5.6000,-0.5528,-0.0127,-0.4029,point_left_1
-7.0844,4.7716,4.4412,-0.2621,-0.1952,-0.4477,1.2570,6.8809,6.6798,-0.3937,-0.1371,-0.2320,point_left_1
-7.6136,5.0829,5.0278,-0.1251,-0.0484,-0.1636,0.0335,6.9695,6.6798,-0.0979,0.0738,-0.1704,point_left_1
-6.6032,4.7405,4.5514,0.0201,-0.1551,0.0714,1.5036,6.9025,6.0430,0.0306,-0.1872,0.0390,point_left_1
-6.7253,4.9488,4.1396,0.0176,-0.0177,0.0834,0.9361,7.0342,5.7078,0.0332,0.0238,0.0825,point_left_1
-6.8474,4.9153,4.5179,0.0746,-0.1464,0.1933,1.1133,6.8426,6.4500,0.1649,-0.1832,0.0446,point_left_1
-7.6040,5.0709,4.7597,0.2326,-0.0807,0.4386,0.4621,7.3191,6.1986,0.3565,-0.2727,0.2329,point_left_1
-7.7213,5.3415,4.2593,0.2098,-0.3175,0.7886,-0.1245,7.2161,6.5793,0.5436,-0.4914,0.6183,point_left_1
-7.9296,5.5282,4.6974,0.2984,-0.5105,1.2476,-0.2370,7.2640,6.2273,0.7725,-0.7565,1.1155,point_left_1
-7.2736,5.3702,4.3694,0.3900,-0.7937,1.6678,0.6464,6.9097,5.2122,0.9614,-1.1203,1.5769,point_left_1
-6.3901,5.7006,3.6727,0.2741,-0.8336,1.9806,0.6512,6.6607,4.6064,0.9947,-1.0666,1.8102,point_left_1
-4.5897,5.0901,4.7740,0.3595,-1.4659,2.4309,2.3224,5.6623,3.2920,1.0777,-1.7203,2.4030,point_left_1
-2.5307,5.5929,2.0303,0.4686,-1.2093,2.1436,5.8107,5.9735,2.3894,1.1068,-1.9854,2.0331,point_left_1
-3.1699,6.2417,2.8898,0.0119,-0.4880,1.9662,3.3926,5.7796,2.7414,1.0403,-0.4002,1.8756,point_left_1
-2.8874,5.6814,5.4636,0.2026,-0.9162,2.2665,3.6607,4.8674,2.7198,1.0864,-1.1842,2.2624,point_left_1
-1.6185,6.0286,2.9090,0.3484,-1.1431,2.4499,5.7916,5.0182,1.2043,1.1238,-1.6241,2.3669,point_left_1
-0.8859,5.9903,3.4285,0.0155,-0.6749,2.4404,6.0693,4.3407,1.5682,1.2692,-0.7169,2.4220,point_left_1
-0.4190,5.9400,3.3303,0.0576,-0.6639,2.6211,5.9520,3.6176,1.3168,1.3087,-0.7847,2.3779,point_left_1
0.9146,5.7604,4.0725,-0.0734,-0.6719,2.8785,6.5338,2.5953,0.1987,1.3819,-0.8804,2.7637,point_left_1
3.4860,5.2936,3.9121,-0.2439,-1.0509,2.8927,9.1482,1.5610,-1.6831,1.2073,-1.2489,3.0230,point_left_1
5.4755,5.1308,3.0215,-0.2653,-0.8619,2.4512,10.7404,0.7015,-1.9393,0.9198,-0.7514,2.4894,point_left_1
7.3574,5.9879,2.9497,-0.2150,-0.4254,1.4623,13.4770,1.2665,-3.4716,0.5244,-0.5092,1.6779,point_left_1
6.6583,6.7852,3.7876,-0.5023,-0.1456,0.6620,12.5839,2.1859,-2.7198,0.0197,0.2278,0.9265,point_left_1
5.5569,7.0509,4.7477,-0.4529,-0.0798,0.2165,11.9423,2.2865,-1.2713,-0.1755,0.1528,0.4048,point_left_1
5.0206,7.0461,4.9297,-0.2803,-0.1039,-0.0344,11.4850,2.1955,-0.6512,-0.2939,0.0907,0.1063,point_left_1
4.2018,7.0030,5.3893,-0.2742,0.2365,-0.0424,10.3956,2.1404,-0.0311,-0.0332,0.3645,0.0719,point_left_1
4.0797,6.7133,5.1212,-0.1098,-0.0556,-0.0364,10.1921,2.0446,-0.1939,-0.1005,-0.0312,-0.0537,point_left_1
4.1611,6.5338,4.4676,-0.0240,-0.0184,0.0345,9.7468,1.8771,-0.3543,-0.0016,0.0076,0.0344,point_left_1
4.3551,6.3949,4.2521,-0.0309,-0.0850,-0.0242,10.0102,1.7621,-0.3328,-0.0234,-0.0658,-0.0248,point_left_1
4.1563,6.4308,4.6974,-0.0286,0.0228,-0.0153,9.3805,1.7980,-0.6512,-0.0730,0.0686,0.0025,point_left_1
5.2648,6.0861,4.7740,0.0288,-0.1839,-0.0947,11.3964,1.5083,-1.2713,-0.1308,-0.2927,-0.0870,point_left_1
6.8043,6.1866,3.6512,0.1340,-0.0350,-0.6507,13.5009,1.3455,-2.3822,-0.3667,-0.1551,-0.8244,point_left_1
6.2728,6.4332,3.7469,-0.0373,0.4943,-1.3462,12.8162,1.3024,-0.8428,-0.6687,0.4899,-1.9757,point_left_1
5.6934,6.1651,3.9600,0.1059,1.0613,-1.8768,11.8106,2.0159,-1.7358,-0.5946,0.8827,-2.4416,point_left_1
3.4907,6.0549,4.0869,-0.0151,1.4308,-2.5081,10.0556,3.0239,-1.7310,-1.0336,1.6000,-2.9615,point_left_1
0.3783,6.6200,3.6057,-0.0870,1.3143,-2.5518,6.5338,3.7637,-0.5650,-1.4268,1.3943,-3.0635,point_left_1
0.3376,5.5354,5.2648,-0.0894,0.4386,-2.4164,6.2728,3.6799,1.2282,-1.3631,0.5328,-2.5727,point_left_1
0.7709,6.1866,2.2697,0.1319,0.5689,-2.8318,8.4922,4.0749,0.9816,-1.5358,0.1881,-3.2302,point_left_1
-1.6903,5.9664,4.3981,-0.4105,1.6261,-2.7158,4.1563,4.1635,2.7557,-1.3590,2.4119,-2.8578,point_left_1
-2.0087,5.3965,4.6687,-0.0028,1.1795,-2.7109,5.6575,4.8171,1.8364,-1.4117,0.8611,-2.8742,point_left_1
-2.1979,4.9752,4.4365,-0.1621,0.9276,-2.8260,4.7932,4.6998,2.8084,-1.7413,0.9070,-3.1196,point_left_1
-4.4005,6.1627,2.7701,0.0386,0.8414,-2.8300,0.8978,4.6040,5.3008,-1.4962,1.4314,-3.1574,point_left_1
-5.5522,5.7365,4.8698,-0.0169,1.5138,-2.0957,1.9441,6.5050,3.6847,-1.0264,1.4348,-1.8138,point_left_1
-6.6918,6.1316,3.7230,-0.1112,0.3669,-1.8026,-0.1030,6.5577,6.0956,-1.0062,0.6314,-1.8407,point_left_1
-7.4627,6.6535,3.6392,-0.0356,0.5789,-1.1694,-1.5490,7.1874,5.7509,-0.7252,0.7326,-1.1419,point_left_1
-7.2353,6.2273,3.4165,0.0622,0.2871,-0.7253,-0.2610,7.7261,4.9129,-0.4912,0.1966,-0.7013,point_left_1
-6.8498,6.3494,3.6368,0.1272,-0.0250,-0.3432,-0.1724,7.2472,5.8203,-0.2779,-0.0690,-0.4545,point_left_1
-6.2584,5.7676,3.2896,0.0405,-0.0302,-0.1929,0.9840,7.3215,5.1116,-0.1416,-0.0729,-0.2567,point_left_1
-6.3518,5.4324,3.6847,-0.0626,-0.0622,-0.1549,0.7278,6.8857,5.8419,-0.1440,-0.0205,-0.2547,point_left_1
-6.6702,5.2648,4.3215,0.0125,-0.0181,-0.0374,0.1724,6.4117,6.5697,0.0585,0.0490,-0.0341,point_left_1
-6.1124,5.2218,3.6512,0.1804,0.0064,0.0365,1.1205,6.6942,5.7413,0.1150,-0.0280,-0.1316,point_left_1
-6.1962,5.5330,3.2489,0.0718,0.1519,0.0759,0.4573,6.7445,5.5019,0.2481,0.1581,-0.0477,point_left_1
-5.8730,5.2361,3.4046,0.1412,-0.0528,0.0480,1.1205,6.6918,5.3486,0.1483,-0.1464,-0.0569,point_left_1
-5.9113,5.3870,2.9449,0.1103,0.1158,0.0215,0.7685,6.8019,4.5921,0.1091,0.0813,-0.0341,point_left_1
-5.6288,5.5234,3.3208,-0.0965,0.3495,0.0557,0.4764,7.0366,4.5298,-0.0195,0.1246,0.1464,point_left_1
-5.8682,5.4133,3.5386,0.0261,-0.1427,0.0890,0.6943,6.5050,5.7389,0.1709,-0.0546,0.0338,point_left_1
-5.6360,5.6767,2.9113,0.0742,-0.0013,0.0923,1.0223,7.0797,4.1994,0.0861,-0.1901,0.1095,point_left_1
-5.6719,5.6192,3.3232,-0.0229,-0.1823,0.1014,1.2785,6.7780,5.4348,0.0679,-0.1705,0.1077,point_left_1
-5.6240,5.8466,3.1005,0.0036,0.0043,0.0702,1.3192,7.2640,4.2521,0.0878,-0.0568,0.0578,point_left_1
-5.5043,5.8227,3.4716,-0.0083,-0.0332,0.0654,1.4102,7.0294,4.8267,0.0159,-0.0821,0.0410,point_left_1
-5.6790,5.7700,3.0550,0.0518,0.0843,0.0616,1.2330,7.2712,4.0031,0.0743,0.0564,-0.0128,point_left_1
-5.6886,5.8083,3.1412,-0.0504,0.0681,-0.0621,1.4653,7.3430,4.5705,0.0085,0.0400,-0.0318,point_left_1
-6.1244,5.8323,3.0119,-0.0041,0.0310,-0.0143,0.5866,7.1299,4.8004,0.0218,0.0226,-0.0414,point_left_1
-6.0430,5.7892,2.9066,-0.0592,0.0520,-0.0153,0.5315,6.9528,4.8100,-0.0382,0.0659,-0.0345,point_left_1
