-3.8211,-0.9864,5.9616,0.2141,-0.2651,-0.5380,-5.3558,-3.0933,4.3766,0.2782,-0.0506,-0.6999
-4.2784,-0.8691,5.7676,0.3215,0.1278,-0.4939,-5.7700,-2.8706,4.0414,0.4848,0.1925,-0.3667
-4.2545,-1.1779,6.1914,0.3896,0.0911,-0.5015,-5.8586,-3.1220,4.0414,0.5437,0.3840,-0.4732
-4.7118,-1.0343,5.7916,0.4674,0.1147,-0.3333,-6.2704,-3.1747,4.0725,0.5399,0.0426,-0.2868
-4.8459,-0.8236,6.6272,0.3108,0.3804,-0.3387,-6.4165,-3.4237,5.0135,0.3477,0.4506,-0.6015
-4.9225,-0.4788,5.6599,0.1703,0.5594,-0.2286,-6.9192,-2.5187,3.0933,0.3150,0.7869,-0.3575
-5.9017,-0.1197,5.1834,0.0518,0.0574,-0.0879,-7.7812,-2.8802,3.6823,0.0032,0.1852,-0.1576
-5.7389,-0.4956,6.9192,-0.2793,-0.0771,-0.3054,-7.4555,-3.4237,4.8339,-0.1587,0.4652,-0.4021
-5.0757,-0.4381,5.8419,-0.2124,0.3944,-0.1607,-6.1555,-2.9760,3.7924,-0.1990,0.4017,-0.1214
-6.4883,-0.4621,6.2776,-0.4209,0.9182,-0.4847,-7.9895,-3.3351,3.5386,-0.2025,1.7596,-0.4988
-6.2800,-0.8236,6.0454,-0.2462,0.2599,-0.2173,-7.8482,-3.4357,3.3112,-0.2054,0.1090,-0.2562
-6.6990,-0.8452,4.9560,-0.5109,0.6804,-0.2234,-8.3629,-3.4931,2.3104,-0.4323,1.0872,-0.2313
-6.2920,-1.4676,5.4348,-0.6584,0.6815,-0.0933,-7.9464,-4.0390,2.6983,-0.6279,0.6075,0.0901
-6.1746,-1.7717,4.7932,-0.8454,0.8946,-0.2008,-7.7069,-4.0103,2.0901,-0.7913,0.9086,0.1619
-6.3925,-2.2146,4.7764,-1.0352,0.9807,-0.5436,-7.5010,-4.0079,1.3647,-0.8375,1.2648,-0.0332
-8.3127,-3.2034,5.6551,-1.0360,0.6655,-0.9332,-9.1051,-5.1811,1.6328,-0.7051,1.0905,-0.7217
-8.8538,-3.2657,5.8227,-0.6155,0.1676,-0.4559,-10.4172,-5.4731,1.3695,-0.5187,0.2169,-0.4439
-6.5577,-3.3303,4.2186,-0.0719,0.2181,-0.1535,-7.4172,-4.7142,0.7230,-0.0540,0.1519,-0.0464
-5.7437,-3.3375,3.2681,-0.2473,0.2984,-0.4546,-6.6032,-4.4676,0.1173,-0.1439,0.3748,-0.2859
-6.6056,-3.8882,3.3471,-0.4951,0.2782,-0.7851,-7.6351,-5.0949,-0.2131,-0.2450,0.6107,-0.6183
-8.3199,-4.1300,4.3311,-0.3768,0.3744,-0.6360,-9.5696,-5.5785,-0.1580,-0.1146,0.8791,-0.4575
-7.6255,-4.6256,3.5362,-0.0962,0.5291,-0.4890,-8.6263,-5.8371,-0.6728,0.0549,0.4473,-0.2064
-7.5561,-4.6424,2.6719,-0.0725,0.4951,-0.3175,-8.2193,-5.2984,-1.3168,0.0222,0.5103,-0.0750
-7.3598,-4.7333,2.5666,-0.1392,0.0835,-0.1997,-8.0302,-5.2457,-1.7166,-0.0685,0.1355,-0.0942
-7.5489,-4.8147,2.5762,-0.1853,-0.0505,-0.2057,-8.1259,-5.2672,-1.6664,-0.0833,0.0995,-0.1929
-7.2520,-4.8746,2.6887,-0.3262,-0.1291,-0.2065,-8.1235,-5.6288,-1.2450,-0.2558,-0.1572,-0.1727
-6.6607,-5.1643,3.1053,-0.2054,-0.2273,-0.1681,-7.7764,-5.9807,-0.6991,-0.1002,-0.2270,-0.1644
-6.5529,-5.0637,2.8539,-0.1700,-0.2049,-0.2145,-7.3933,-5.7844,-0.8260,-0.0622,-0.0974,-0.2122
-6.7086,-5.1930,3.0718,-0.1356,-0.1966,-0.2222,-7.6878,-5.8347,-0.7997,0.0089,-0.0670,-0.2228
-6.9935,-5.2625,2.8347,-0.1366,-0.1944,-0.1915,-7.9464,-5.8514,-1.3695,-0.0593,0.0274,-0.2654
-6.5050,-5.3774,2.9784,-0.1885,-0.3062,-0.0954,-7.5274,-6.2153,-0.8954,-0.1988,-0.3596,-0.2002
-6.4117,-5.6000,3.3471,-0.1131,-0.2182,-0.1427,-7.3957,-6.3925,-0.6895,-0.0361,-0.0272,-0.3263
-6.5290,-5.4995,3.2346,-0.1062,-0.2589,-0.0863,-7.4388,-6.4212,-0.7230,-0.0480,-0.3168,-0.1888
-6.1268,-5.4157,3.1268,-0.0195,-0.3004,-0.0577,-7.0485,-6.2824,-0.6895,-0.0092,-0.1953,-0.2695
-6.6798,-5.7102,3.1891,0.0548,-0.6667,-0.2735,-7.2353,-6.5984,-1.1037,0.1330,-0.3367,-0.8082
-7.2472,-5.2218,3.7637,0.0230,-1.4096,0.0745,-7.9871,-6.3949,-1.4509,0.0484,-1.2256,-0.4779
-5.0757,-5.7054,4.1013,-0.1593,-1.4735,0.1235,-5.7365,-7.2736,0.4262,-0.2441,-1.3875,-0.5454
-3.9911,-5.5019,4.1132,-0.3998,-1.1634,0.2610,-5.3319,-7.2353,1.1396,-0.4626,-1.3135,-0.2960
-4.6280,-5.7006,5.7844,-0.2053,-0.5588,-0.0388,-5.7197,-7.8793,2.0207,-0.0092,-0.0430,-0.3976
-4.4676,-5.4755,4.9560,0.0731,-0.8195,0.0349,-5.7461,-7.5585,1.1612,0.0963,-1.1016,-0.2313
-4.3694,-5.5545,5.2481,0.1204,-0.7438,0.0293,-5.3271,-7.4412,1.1349,0.1575,-0.3860,-0.3150
-3.9409,-5.3199,5.2170,-0.1030,-0.6989,0.1403,-5.0685,-7.4891,1.4772,-0.0994,-0.7308,-0.1709
-3.4692,-5.3247,5.3463,-0.1251,-0.4899,0.1195,-4.6304,-7.5322,2.0542,-0.0998,-0.4599,-0.1216
-3.3926,-5.2146,5.5952,-0.0421,-0.3726,0.0362,-4.7118,-7.4939,2.0063,-0.0027,-0.2156,-0.1459
-3.1244,-5.4157,5.8634,-0.1516,-0.1175,-0.0225,-4.3335,-7.8003,2.2649,-0.0907,-0.0605,-0.0935
-3.4429,-5.3271,5.8706,-0.0486,-0.1464,-0.0096,-4.9512,-7.8266,2.1428,-0.0165,-0.1684,-0.0536
-3.4764,-5.4660,5.7557,-0.0207,-0.0100,0.0039,-4.5657,-7.8602,2.0279,0.0175,0.1069,-0.0019
-3.5267,-5.3965,5.5785,-0.0017,-0.0606,0.0044,-4.6567,-7.7668,1.8004,0.0209,-0.1471,0.0156
-3.5410,-5.4660,5.7413,0.0222,-0.1224,0.0141,-4.8914,-7.8314,1.9273,0.0633,-0.0926,-0.0177
-3.4285,-5.3199,5.5354,0.0497,-0.0987,0.0866,-4.8052,-7.8219,2.1237,0.0658,-0.0302,0.0465
-3.3902,-5.1475,5.8514,0.0770,-0.1924,0.0978,-4.6304,-7.5705,2.1021,0.0769,-0.2349,0.0348
-3.1867,-4.9368,5.6934,-0.0011,-0.1506,0.0652,-4.3910,-7.4436,2.2913,0.0072,-0.1167,-0.0045
-3.2441,-5.0015,6.0023,-0.0429,-0.1130,0.0258,-4.5107,-7.5034,2.4421,-0.0257,-0.1186,-0.0141
-3.1627,-5.0111,5.9041,-0.0686,-0.0566,-0.0007,-4.4796,-7.5082,2.2841,-0.0461,-0.0246,-0.0159
-3.2848,-5.1619,6.0645,-0.0636,-0.0537,-0.0228,-4.5394,-7.7500,2.4205,-0.0242,-0.0266,-0.0257
-3.2250,-5.0278,5.9424,-0.0797,-0.0276,0.0116,-4.4772,-7.6447,2.4086,-0.0476,-0.0264,0.0105
-3.3184,-5.0206,5.9951,-0.0706,-0.0320,-0.0036,-4.4748,-7.6040,2.4205,-0.0378,-0.0167,-0.0149
-3.2058,-5.1044,5.8873,-0.0727,-0.0616,0.0211,-4.5418,-7.5776,2.3176,-0.0189,-0.0755,0.0433
-3.2178,-5.0949,6.0932,-0.0743,-0.0145,0.0112,-4.4987,-7.6351,2.3798,-0.0237,-0.0105,0.0390
-3.2657,-5.0350,6.0071,-0.0542,-0.0332,-0.0089,-4.5274,-7.5513,2.3894,-0.0176,-0.0330,0.0016
-3.2226,-5.0685,5.8634,-0.0782,-0.0161,-0.0321,-4.5873,-7.5729,2.3894,-0.0490,-0.0123,-0.0293
-3.3902,-5.0254,6.0861,-0.0822,-0.0276,-0.0131,-4.6160,-7.5513,2.4181,-0.0509,-0.0229,-0.0111
-3.1125,-5.0039,5.9687,-0.0722,-0.0322,0.0017,-4.4317,-7.5178,2.4373,-0.0562,-0.0205,-0.0011
-3.0670,-4.9799,5.9879,-0.1174,0.0568,-0.0661,-4.3670,-7.5561,2.6145,-0.0837,0.1286,-0.0634
-3.3758,-5.1260,6.0310,-0.0899,0.0440,-0.0785,-4.6519,-7.7788,2.4948,-0.0416,0.0801,-0.0580
-3.3399,-5.0302,5.7844,-0.0416,-0.0108,-0.0667,-4.5418,-7.5753,2.1284,-0.0440,0.0400,-0.0610
-3.5674,-5.2672,6.0310,-0.0526,-0.0051,0.0119,-4.8435,-7.9080,2.2075,-0.0268,0.0526,0.0167
-3.2537,-5.1619,5.8514,-0.0152,-0.0906,0.0426,-4.4125,-7.6974,2.1859,-0.0035,-0.1591,0.0245
-3.1364,-5.1451,6.0238,-0.0598,-0.0376,0.0067,-4.3144,-7.7117,2.4684,-0.0332,-0.0356,0.0048
-3.1963,-5.1284,5.9687,-0.0580,0.0703,0.0151,-4.3551,-7.7572,2.4229,-0.0518,0.0802,0.0280
-2.8443,-5.3606,6.0789,-0.0648,0.0111,-0.0207,-4.0941,-8.1020,2.8922,-0.0584,-0.0790,0.0286
-3.0454,-5.4348,6.7876,0.1831,0.1206,-0.1625,-4.3072,-8.2097,3.3758,0.2221,0.1561,0.1291
-4.1420,-5.3103,6.9121,0.1992,0.4434,-0.6031,-5.8419,-7.9703,2.6887,0.4628,0.6460,-0.0165
-4.0989,-5.1451,5.3654,0.1795,0.0290,0.0941,-5.9065,-7.8195,2.2913,0.0160,-0.8483,0.4254
-5.0637,-5.2816,6.1962,0.2737,0.4638,0.1685,-5.8347,-7.5513,1.7023,0.3311,1.3478,0.2372
-3.7038,-5.0159,6.2968,0.4714,-0.0015,0.2025,-4.4987,-7.4747,2.2003,0.4230,-0.5919,0.1070
-3.1388,-4.5514,6.2058,0.4125,-0.4061,0.2446,-5.2218,-7.1299,3.2010,0.3032,-0.2906,0.2210
-3.3208,-3.0191,7.0797,1.0429,0.3447,0.4518,-5.0829,-6.2297,3.9289,1.0232,0.8199,0.5915
-2.2817,-2.6504,6.9312,0.5308,0.0759,0.3332,-3.6296,-5.4229,4.1204,0.3942,-0.3525,0.5458
-3.6823,-1.5778,8.2073,1.0838,0.0330,0.8655,-5.6910,-6.1339,6.6200,0.6911,-0.4266,0.3083
-3.2944,-1.5634,6.7229,1.5882,0.4666,0.8104,-5.4277,-4.8554,3.7757,1.4345,0.7734,1.0110
-4.7549,-0.4812,4.4245,1.2564,0.3323,1.0662,-6.3925,-3.4979,2.3056,0.9674,-0.2999,1.4087
-4.1731,-0.3926,3.9002,0.3246,-0.0119,0.9454,-5.0278,-2.2745,0.7733,0.1112,-0.0743,0.8783
-2.7701,-1.1708,5.4372,-0.6560,0.0923,0.3399,-4.1420,-4.3790,4.1659,-0.6051,-0.1707,0.7225
-4.2425,-1.3599,7.1994,0.0047,0.7052,0.1608,-6.1316,-4.6495,4.2401,-0.0569,0.8661,0.4186
-4.8602,-1.1851,6.8307,0.1174,0.5488,0.2679,-6.1411,-4.5226,4.0175,0.1310,0.4209,0.6085
-5.0446,-0.2466,5.5641,0.5065,0.5389,0.2737,-6.3973,-3.1412,3.6799,0.3034,0.4417,0.6205
-6.6080,0.1508,5.2577,0.2154,0.8525,-0.0962,-7.9655,-3.0981,2.9951,0.4056,1.3364,0.2946
-7.2736,0.3280,4.9464,0.0480,0.4910,0.1486,-8.9304,-2.4229,1.8387,-0.0203,0.4844,0.4767
-6.3327,0.7111,4.6663,-0.0081,0.4489,0.2793,-7.8841,-1.9369,2.3296,-0.0773,0.3661,0.5565
-6.6679,0.6991,6.0118,-0.5344,0.5291,-0.3483,-8.6359,-2.4828,3.2394,-0.3607,0.9645,-0.0129
-7.3406,0.6512,7.3215,-0.5200,0.1279,-0.3517,-9.6295,-2.8036,3.7589,-0.4082,0.2431,-0.2495
-6.6870,-0.3687,6.9097,0.1083,0.0586,0.0095,-8.9950,-3.9169,4.1468,0.1272,-0.3135,0.3067
-6.2560,-0.3519,5.8682,0.3268,0.2358,-0.0067,-8.2169,-2.8706,2.7916,0.3095,0.2703,0.2932
-6.5888,-0.1125,5.0996,0.4526,0.2757,-0.1307,-8.0948,-2.3296,2.0949,0.4834,0.2213,0.1332
-7.3933,0.3041,4.8363,0.2679,0.1668,-0.1499,-9.0190,-2.2601,1.8196,0.2555,0.0899,0.0789
-6.8857,0.3807,4.6017,0.3262,0.1035,0.0457,-8.3917,-1.8890,1.7741,0.2779,0.0532,0.1704
-6.8331,0.4669,4.5610,0.2089,0.0691,0.0061,-8.3917,-1.8076,1.8220,0.1876,0.0937,0.0991
-6.8857,0.5866,4.5586,0.1491,0.0902,0.0624,-8.3246,-1.7861,1.8699,0.1407,0.0035,0.1255
-6.6104,0.5794,4.3694,0.0625,-0.0081,-0.0032,-8.2025,-1.7119,2.0016,0.0721,-0.1283,0.0153
-7.0916,0.5938,4.6735,0.0005,0.0741,-0.1486,-8.6311,-1.8747,1.8842,0.0783,0.2654,-0.1319
-7.5058,0.7015,5.1164,0.1037,0.0348,-0.0060,-9.3326,-1.9872,2.2170,0.0906,-0.0083,0.0316
-6.4859,0.7135,4.5777,0.1524,-0.0869,0.1046,-7.9559,-1.6831,1.9872,0.1484,-0.1889,0.1239
-6.2369,0.8380,4.3383,-0.0071,-0.0274,-0.0702,-7.8626,-1.6041,2.1907,0.0521,-0.0449,-0.0437
-7.4867,1.1444,5.0278,0.0079,0.1006,-0.1512,-9.0142,-1.5467,2.3272,0.0830,0.2549,-0.1280
-7.1228,0.8188,4.9273,0.1541,-0.0422,0.0767,-8.5976,-1.7119,2.2889,0.1516,-0.2671,0.1124
-6.1699,0.8811,4.0534,0.0703,-0.1247,0.0183,-7.5417,-1.3312,1.8172,0.0634,-0.1451,-0.0053
-6.4620,0.8475,4.3407,-0.0604,-0.0075,-0.1644,-7.9799,-1.4389,1.9968,0.0334,0.1748,-0.1548
-7.2113,0.9984,4.5083,-0.1296,-0.0159,-0.2956,-8.9854,-1.5395,1.9896,-0.0036,0.1877,-0.2926
-8.0613,0.7254,5.3534,-0.0675,-0.0405,-0.1340,-9.6199,-2.0710,2.2529,-0.0112,0.0233,-0.1086
-7.1060,0.7685,4.8842,-0.0304,-0.1262,0.0865,-8.6790,-1.9393,2.2362,0.0028,-0.3263,0.1367
-6.3853,0.7901,4.5897,0.0328,-0.0923,0.0526,-7.7165,-1.5969,2.2218,0.0381,-0.1428,0.0502
-6.6032,0.9385,4.8028,-0.1074,0.0037,-0.0580,-8.1283,-1.5730,2.2936,-0.0470,0.1597,-0.0898
-7.0485,0.9768,4.8147,-0.0665,-0.0313,-0.0669,-8.7843,-1.7095,1.8842,-0.0322,-0.0570,-0.0803
-7.2449,0.6009,5.2936,-0.0346,-0.0834,0.1304,-8.8370,-1.9656,2.4397,-0.0113,-0.0276,0.1014
-6.7349,0.7494,5.0589,-0.0418,0.0225,-0.0285,-8.2935,-1.7334,2.4565,0.0111,0.1407,-0.0364
-6.7373,1.0104,4.6639,-0.0270,-0.0851,-0.0490,-8.5952,-1.5443,2.0949,-0.0345,-0.1873,-0.0532
-6.7397,0.8475,5.0518,0.0139,0.0405,-0.0212,-8.5976,-1.6975,2.3583,0.0406,0.2336,-0.0217
-6.6104,0.8906,4.5705,-0.0520,-0.0750,-0.0365,-8.0325,-1.5850,2.1069,-0.0553,-0.0834,-0.0714
-6.8785,0.7638,4.9273,-0.1675,-0.0019,-0.1604,-8.7197,-1.8699,2.3679,-0.0658,0.1587,-0.1428
-7.1323,0.7805,4.9584,-0.1791,-0.0532,0.0100,-9.0908,-2.1093,2.4110,-0.1057,-0.0525,0.0862
-6.7253,0.8475,4.8219,-0.1100,-0.0831,0.0484,-8.5880,-1.7909,2.4756,-0.0670,-0.1041,0.0329
-6.6918,0.7877,4.9560,-0.0857,0.0177,-0.0140,-8.3510,-1.9130,2.4086,-0.0124,0.1298,0.0131
-6.9408,0.7470,4.9057,-0.1239,-0.0422,-0.0175,-8.6024,-1.8124,2.2482,-0.0805,-0.0518,-0.0157
-7.0198,0.7542,4.9775,-0.0613,-0.0091,-0.0418,-8.6359,-1.8483,2.3703,-0.0449,0.0697,-0.0316
-6.7612,0.8260,4.8866,-0.0457,-0.0372,0.0318,-8.4036,-1.6376,2.1476,-0.0232,-0.0685,0.0298
-6.8283,0.8930,5.0877,-0.0645,0.0462,0.0089,-8.5281,-1.7142,2.4325,-0.0093,0.0943,0.0353
-6.6894,0.7925,4.7812,-0.0685,-0.0771,0.0005,-8.2911,-1.5802,2.2960,-0.0490,-0.1571,-0.0157
-6.7133,0.7135,4.8219,-0.0837,0.0277,-0.0364,-8.4683,-1.8651,2.3463,-0.0318,0.0995,-0.0373
-6.8881,0.7039,4.8171,-0.0942,-0.0277,-0.0310,-8.5162,-1.8411,2.2027,-0.0380,-0.0152,-0.0416
-7.0581,0.9337,5.0206,-0.0434,-0.0269,0.0081,-8.7149,-1.6664,2.2984,-0.0268,-0.0310,0.0188
-6.7349,0.9433,4.9536,-0.0737,-0.0193,0.0242,-8.3797,-1.6472,2.4756,-0.0509,-0.0246,0.0273
-6.6846,0.8547,4.8507,-0.1115,-0.0396,-0.0265,-8.2432,-1.6999,2.3703,-0.0636,-0.0632,-0.0589
-6.9384,0.7326,5.0326,-0.0918,-0.0246,-0.0452,-8.6886,-1.8004,2.2338,-0.0402,0.0488,-0.0521
-6.8833,0.7542,4.7309,-0.1338,-0.0393,-0.0055,-8.4994,-1.7478,2.2146,-0.0782,-0.0226,-0.0011
-6.9121,0.6680,5.1164,-0.0997,-0.0626,0.0004,-8.5665,-1.8699,2.3966,-0.0508,-0.0665,0.0108
-6.7397,0.8835,4.9488,-0.0903,-0.0490,0.0221,-8.3653,-1.6664,2.3703,-0.0691,-0.0272,-0.0181
-6.6607,0.8763,4.7333,-0.0763,-0.0548,0.0226,-8.5377,-1.8555,2.5786,-0.0562,0.0144,0.0261
-6.6726,0.8380,4.9033,-0.0699,-0.1019,0.0013,-8.3270,-1.8100,2.6432,-0.0329,-0.1075,-0.0184
-6.7445,0.8475,5.0326,-0.0662,-0.0155,0.0029,-8.4851,-1.7980,2.4684,-0.0252,0.0402,0.0176
-6.5098,0.7829,5.1595,-0.0814,-0.0284,0.0165,-8.3294,-1.8627,2.6121,-0.0546,0.0196,0.0056
-6.5003,0.7805,5.0135,-0.0865,-0.0803,-0.0099,-8.2815,-1.9106,2.6193,-0.0434,-0.0634,-0.0087
-6.8019,0.8643,5.1451,-0.0769,-0.0052,-0.0433,-8.6718,-1.7430,2.4612,-0.0334,0.0819,-0.0441
-6.7349,0.7949,4.9344,-0.0576,-0.0474,0.0365,-8.5497,-1.7741,2.2960,-0.0192,-0.0288,0.0366
-6.4643,0.9361,4.9273,-0.0727,-0.0230,-0.0115,-8.0086,-1.7095,2.4541,-0.0220,-0.0480,0.0165
-6.7684,0.8763,5.2864,-0.0859,0.0028,-0.0140,-8.5880,-1.7262,2.4828,-0.0465,0.0938,-0.0092
-6.4955,0.8595,5.0206,-0.0705,-0.0111,-0.0021,-8.1977,-1.8459,2.6025,-0.0485,0.0093,-0.0135
-6.7038,0.8356,5.1044,-0.0653,0.0133,-0.0228,-8.4587,-1.8531,2.6217,-0.0242,-0.0128,0.0068
-6.7301,0.9505,4.9871,-0.0537,-0.0396,0.0000,-8.6072,-1.6879,2.4924,-0.0272,-0.0257,0.0080
-6.5410,0.8787,4.9584,-0.0687,-0.0262,0.0036,-8.2768,-1.6759,2.4612,-0.0156,0.0394,0.0195
-6.5697,0.7494,5.1739,-0.0922,0.0220,-0.0196,-8.3821,-1.7789,2.5714,-0.0396,0.0596,0.0290
-6.8307,0.9337,5.0254,-0.0681,-0.0633,-0.0192,-8.8538,-1.7119,2.5115,-0.0396,-0.0935,-0.0076
-6.8929,0.8523,5.1116,-0.0790,0.0445,0.0152,-8.5880,-1.6735,2.4565,-0.0454,0.1462,0.0388
-6.4572,0.8595,4.9991,-0.0425,-0.0506,0.0321,-8.2193,-1.6783,2.5594,-0.0080,-0.1593,0.0777
-6.5266,0.7925,4.9775,-0.0670,-0.0028,-0.0179,-8.1666,-1.5538,2.3080,-0.0373,0.0502,-0.0238
-6.6750,0.7590,5.0542,-0.0901,0.0008,-0.0394,-8.3749,-1.7023,2.4110,-0.0831,0.1065,-0.0954
-6.7516,1.0223,4.8937,-0.1226,-0.0390,-0.0456,-8.6143,-1.6448,2.2841,-0.1114,-0.0354,-0.0979
-6.8283,0.9098,5.3127,-0.0979,-0.0961,-0.0374,-8.7915,-1.7861,2.7390,-0.0179,-0.0879,0.0168
-6.6248,0.7638,5.1308,-0.1057,-0.0137,-0.0216,-8.2480,-1.7430,2.3966,-0.0695,0.0048,-0.0252
-6.7133,0.8332,5.1619,-0.0554,-0.0155,-0.0088,-8.3007,-1.6735,2.4086,-0.0509,0.0024,-0.0153
-6.6511,0.8428,5.0542,-0.0516,-0.0013,0.0016,-8.4324,-1.8004,2.5115,-0.0409,0.0410,-0.0121
-6.4811,0.7326,4.9560,-0.0630,-0.0494,-0.0410,-8.4755,-1.8962,2.6001,-0.0362,0.0120,-0.0528
-6.8067,0.8882,4.8985,-0.0445,0.0021,-0.0556,-8.5665,-1.6855,2.3032,-0.0096,0.0771,-0.0420
-6.8187,0.8068,4.9608,-0.0915,-0.0177,-0.0408,-8.7604,-1.8794,2.3966,-0.0346,0.0737,-0.0215
-6.8307,0.9768,5.1068,-0.0885,-0.0378,-0.0016,-8.7364,-1.7166,2.5690,-0.0542,-0.0508,0.0103
-6.5960,0.8140,5.0661,-0.0958,-0.0833,0.0310,-8.3582,-1.7214,2.5642,-0.0723,-0.1099,0.0045
-6.4739,0.7638,5.0063,-0.0789,-0.0103,-0.0159,-8.4036,-1.8340,2.6576,-0.0625,0.0353,-0.0096
-6.6032,0.9361,4.9584,-0.0750,-0.0161,-0.0197,-8.4707,-1.7142,2.3990,-0.0408,0.0032,0.0007
-6.7493,0.8428,5.2457,-0.0663,-0.0320,-0.0039,-8.4994,-1.8148,2.6336,-0.0205,0.0274,0.0040
-6.4835,0.8021,5.0542,-0.0706,-0.0316,-0.0072,-8.1259,-1.8172,2.5019,-0.0377,0.0025,-0.0096
-6.5697,0.8188,5.1427,-0.0738,0.0141,-0.0269,-8.3558,-1.7957,2.6312,-0.0478,-0.0039,-0.0145
-6.6439,0.8212,4.9321,-0.0540,-0.0207,-0.0177,-8.3366,-1.6807,2.4541,-0.0370,-0.0446,-0.0169
-6.7469,0.9050,4.8914,-0.0987,-0.0393,-0.0145,-8.5234,-1.6999,2.4517,-0.0722,0.0084,-0.0309
-6.6870,0.8930,5.2313,-0.1051,-0.0061,-0.0067,-8.6574,-1.8651,2.8347,-0.0449,0.1037,0.0370
-6.6152,0.8116,5.1930,-0.0598,-0.0508,0.0104,-8.2815,-1.7526,2.5714,-0.0417,-0.0913,0.0089
-6.5122,0.7901,4.9416,-0.0630,0.0576,-0.0350,-8.3342,-1.7454,2.4708,-0.0296,0.0995,0.0008
-6.6990,0.7494,5.0039,-0.0803,-0.0322,0.0019,-8.4013,-1.7813,2.5953,-0.0448,-0.0774,0.0260
-6.6487,0.8571,5.1451,-0.1120,-0.0028,-0.0116,-8.3294,-1.7119,2.5450,-0.0581,0.0565,0.0031
-6.4931,0.8021,5.0422,-0.0957,-0.0516,-0.0133,-8.2552,-1.7885,2.5809,-0.0793,-0.1030,-0.0177
-6.5769,0.8404,5.1451,-0.0666,0.0020,-0.0212,-8.3773,-1.7669,2.6600,-0.0280,0.0967,-0.0168
-6.7038,0.8045,5.0853,-0.0802,0.0100,-0.0370,-8.3845,-1.8076,2.4086,-0.0382,0.0695,-0.0169
-6.7924,0.8404,4.9991,-0.0862,0.0087,-0.0159,-8.4970,-1.6664,2.3463,-0.0357,-0.0140,0.0221
-6.6224,0.8236,5.1906,-0.0921,-0.0434,0.0044,-8.2791,-1.6999,2.5211,-0.0750,-0.0941,-0.0055
-6.5697,0.7566,5.1404,-0.1079,-0.0229,-0.0228,-8.3869,-1.8771,2.5618,-0.0679,0.0021,-0.0164
-6.6750,0.7781,5.2026,-0.1098,0.0217,-0.0282,-8.4922,-1.8842,2.7150,-0.0468,0.0625,0.0185
-6.5098,0.8380,5.1092,-0.0618,-0.0116,-0.0105,-8.3797,-1.7573,2.6097,-0.0330,-0.0558,0.0191
-6.6463,0.8068,5.2409,-0.0809,0.0544,-0.0276,-8.4060,-1.7980,2.6600,-0.0337,0.1613,-0.0069
-6.6032,0.7111,5.0518,-0.0529,-0.0714,-0.0037,-8.3342,-1.8986,2.5666,-0.0203,-0.1780,0.0171
-6.6774,0.6776,5.1260,-0.0813,0.0534,-0.0035,-8.3175,-1.7789,2.3559,-0.0609,0.2037,-0.0362
-6.6846,0.8763,5.0278,-0.0416,-0.0261,-0.0113,-8.4851,-1.7358,2.5259,-0.0218,-0.0847,-0.0157
-6.8905,0.9170,5.1427,-0.1025,0.0088,-0.0269,-8.5736,-1.6831,2.3750,-0.0548,-0.0069,0.0019
-6.4763,0.7374,5.1332,-0.0687,-0.0761,0.0292,-8.2121,-1.9034,2.6815,-0.0322,-0.1327,0.0481
-6.5218,0.8116,5.0278,-0.1111,0.0400,-0.0520,-8.2169,-1.7597,2.4708,-0.0686,0.1490,-0.0494
-7.0533,0.9912,5.2864,-0.0993,0.0406,-0.0452,-8.9376,-1.8531,2.6145,-0.0352,0.1120,-0.0055
-6.5027,0.8164,5.0063,-0.0336,-0.1033,0.0675,-8.1882,-1.7980,2.5666,-0.0412,-0.3114,0.0762
-6.3782,0.6728,4.8243,-0.0350,0.0317,-0.0450,-8.2815,-1.8076,2.4349,0.0011,0.0490,-0.0101
-6.9456,0.9768,4.9297,-0.0863,0.0401,-0.0558,-8.5593,-1.6831,2.1715,-0.0169,0.1992,-0.0258
-6.7828,0.8954,5.1595,-0.0945,-0.0705,0.0165,-8.4779,-1.7980,2.5618,-0.0750,-0.0572,0.0119
-6.5170,0.7638,5.0781,-0.0645,-0.0152,-0.0013,-8.3031,-1.7837,2.6576,-0.0412,-0.0269,0.0035
-6.6367,0.8164,4.8602,-0.0608,-0.0007,-0.0262,-8.2791,-1.7717,2.3296,-0.0163,0.0189,-0.0127
-6.8833,0.8380,5.0925,-0.0866,0.0011,-0.0328,-8.6000,-1.6975,2.2098,-0.0597,0.0783,-0.0366
-6.7062,0.8332,5.2122,-0.0831,0.0016,0.0057,-8.3989,-1.7238,2.4948,-0.0521,0.0107,0.0120
-6.5649,0.8380,5.2720,-0.0616,0.0080,0.0013,-8.3534,-1.8340,2.7677,-0.0149,0.0135,0.0334
-6.6846,0.8428,4.8650,-0.0497,0.0115,-0.0137,-8.3199,-1.6927,2.3487,-0.0257,-0.0032,-0.0039
-6.6224,0.8092,4.8411,-0.0742,-0.0156,-0.0317,-8.4324,-1.6712,2.3104,-0.0420,-0.0131,-0.0144
-6.8354,0.8787,5.1284,-0.0933,-0.0444,0.0116,-8.6838,-1.7478,2.4469,-0.0761,-0.0594,0.0160
-6.5721,0.8811,4.9656,-0.0781,0.0185,-0.0165,-8.3270,-1.6520,2.5833,-0.0334,0.0754,0.0108
-6.6415,0.8739,4.9943,-0.0745,-0.0127,-0.0176,-8.4180,-1.8028,2.4134,-0.0480,-0.0191,-0.0083
-6.6056,0.7781,5.1116,-0.0718,-0.0742,0.0045,-8.3342,-1.7693,2.5738,-0.0365,-0.1142,0.0021
-6.8139,0.9409,5.0039,-0.0873,0.0289,-0.0524,-8.5066,-1.6927,2.3894,-0.0173,0.1355,-0.0244
-6.8642,0.8882,4.9728,-0.0898,-0.0155,-0.0067,-8.4946,-1.6951,2.3439,-0.0773,-0.0646,0.0083
-6.6176,0.7326,5.1356,-0.0714,-0.0286,0.0250,-8.3342,-1.8866,2.5426,-0.0510,-0.1037,0.0425
-6.4452,0.8499,4.9081,-0.0699,0.0221,-0.0151,-8.2049,-1.6855,2.4612,-0.0337,0.0342,0.0080
-6.7133,0.8356,4.9440,-0.0887,-0.0270,-0.0264,-8.5234,-1.7430,2.3942,-0.0476,0.0047,-0.0096
-6.7349,0.8356,5.1715,-0.0929,-0.0334,-0.0073,-8.5521,-1.7669,2.5570,-0.0638,0.0169,-0.0071
-6.6726,0.7901,5.2265,-0.0634,-0.0169,0.0061,-8.3486,-1.7214,2.5762,-0.0340,-0.0280,0.0156
-6.6655,0.8404,5.0733,-0.0670,-0.0163,-0.0217,-8.4467,-1.7142,2.4612,-0.0269,0.0067,0.0019
-6.7732,0.8428,5.0422,-0.0584,0.0100,-0.0290,-8.5688,-1.7071,2.4181,-0.0241,0.0569,-0.0091
-6.6631,0.8356,5.0589,-0.0542,-0.0484,0.0225,-8.4970,-1.7238,2.4995,-0.0297,-0.0711,0.0360
-6.5984,0.8595,4.8937,-0.0731,-0.0133,0.0063,-8.3199,-1.6448,2.2817,-0.0393,0.0345,0.0097
-6.4284,0.8499,4.9680,-0.1248,-0.0208,-0.0392,-8.2145,-1.6616,2.4181,-0.0755,-0.0011,-0.0365
-7.0294,0.9194,5.3391,-0.1039,0.0550,-0.0561,-8.7963,-1.7047,2.5450,-0.0490,0.1675,-0.0404
-6.6631,0.8882,5.1667,-0.0408,-0.1204,0.0625,-8.5042,-1.8052,2.5929,-0.0320,-0.2509,0.0711
-6.4572,0.6823,5.1571,-0.0675,0.0195,-0.0167,-8.1882,-1.8579,2.6025,-0.0216,0.1051,0.0027
-6.7445,0.8164,4.9799,-0.0646,0.0312,-0.0270,-8.5545,-1.7214,2.4229,-0.0265,0.0175,0.0097
-6.6631,0.8859,4.9656,-0.0875,-0.0156,-0.0091,-8.4803,-1.5467,2.2386,-0.0666,-0.0381,-0.0049
-6.5936,0.8404,5.3391,-0.0953,-0.0723,0.0192,-8.4515,-1.7573,2.7102,-0.0706,-0.0179,-0.0069
-6.4883,0.8643,5.0685,-0.0935,0.0401,-0.0528,-8.3294,-1.8340,2.6767,-0.0454,0.1280,-0.0432
-6.9432,0.8068,5.1020,-0.0361,-0.0577,0.0011,-8.7029,-1.8603,2.5235,-0.0109,-0.1439,0.0218
-6.6224,0.8523,4.9608,-0.0466,-0.0180,0.0254,-8.3486,-1.6807,2.4110,-0.0300,-0.0215,0.0476
-6.5218,0.9146,4.9512,-0.0686,-0.0161,-0.0173,-8.2432,-1.6233,2.4804,-0.0312,-0.0109,-0.0001
-6.6487,0.9385,5.0877,-0.0795,-0.0125,-0.0183,-8.3222,-1.5610,2.4684,-0.0553,-0.0019,-0.0143
-6.6559,0.9002,5.1811,-0.0894,0.0079,-0.0268,-8.3821,-1.6592,2.4924,-0.0528,0.0496,-0.0133
-6.7397,0.9098,5.2002,-0.0605,-0.0758,0.0213,-8.5545,-1.6831,2.5977,-0.0276,-0.1114,0.0428
-6.5936,0.8643,5.1332,-0.0648,0.0137,-0.0072,-8.3270,-1.7454,2.5163,-0.0285,0.1187,0.0037
-6.5793,0.7973,4.8961,-0.0657,-0.0032,-0.0306,-8.3199,-1.7214,2.3391,-0.0437,-0.0674,-0.0143
-6.8666,0.9002,4.8291,-0.1011,0.0124,-0.0369,-8.6095,-1.7526,2.2673,-0.0621,0.1054,-0.0368
-6.7062,0.9457,5.1116,-0.1079,-0.0929,0.0280,-8.4970,-1.7166,2.5019,-0.0833,-0.0978,0.0197
-6.4236,0.9601,5.1260,-0.0894,-0.0393,-0.0035,-8.1977,-1.5490,2.6432,-0.0602,-0.0228,-0.0189
-6.6032,0.9481,5.2912,-0.0630,0.0116,-0.0509,-8.5401,-1.6568,2.7557,-0.0252,0.0735,-0.0348
-7.0198,0.9290,5.3415,-0.0373,0.0308,-0.0253,-8.8202,-1.7573,2.5379,0.0021,0.0761,0.0172
-6.7540,0.8954,5.0063,-0.0469,-0.0368,0.0336,-8.5736,-1.6664,2.2889,-0.0232,-0.1073,0.0693
-6.2153,0.7877,4.8770,-0.0482,-0.0810,0.0421,-7.9847,-1.6448,2.4301,-0.0357,-0.1192,0.0385
-6.5793,0.8045,5.2265,-0.0997,0.0667,-0.0476,-8.4420,-1.8723,2.6169,-0.0580,0.2477,-0.0397
-6.8618,1.0080,5.1619,-0.0460,-0.0257,0.0111,-8.7771,-1.6544,2.5379,-0.0284,-0.1172,0.0248
-6.3758,0.8739,4.9752,-0.0703,-0.0450,0.0061,-8.2025,-1.6113,2.5211,-0.0334,-0.0180,0.0097
-6.3255,0.9098,4.8794,-0.1104,0.0308,-0.0733,-8.1547,-1.5419,2.4684,-0.0626,0.0861,-0.0737
-6.6918,1.0511,4.9057,-0.1061,-0.0075,-0.0707,-8.6287,-1.5299,2.4852,-0.0436,0.0841,-0.0649
-6.8019,0.9720,5.0302,-0.1262,-0.0544,-0.0393,-8.5090,-1.6951,2.6408,-0.0614,0.0282,-0.0364
-6.6487,0.8499,5.1308,-0.0734,0.0220,-0.0413,-8.5018,-1.8794,2.6839,-0.0568,0.0978,-0.0364
-6.7301,0.8859,5.2816,-0.0649,0.0200,-0.0222,-8.5736,-1.7621,2.4421,-0.0249,-0.0076,0.0055
-6.5553,0.8595,4.9560,-0.0450,-0.0498,0.0024,-8.3677,-1.7286,2.3894,-0.0242,-0.1003,0.0167
-6.6032,0.9170,4.9225,-0.0628,-0.0496,-0.0164,-8.1163,-1.6161,2.3774,-0.0277,-0.0256,-0.0221
-6.7636,0.8571,5.1092,-0.0644,-0.0077,-0.0400,-8.5880,-1.6712,2.5187,-0.0337,0.1094,-0.0386
-6.8307,0.9481,5.0877,-0.0549,-0.0096,-0.0108,-8.6167,-1.6999,2.4948,-0.0280,0.0228,0.0052
-6.5625,0.8116,5.1356,-0.0424,-0.0396,0.0097,-8.4156,-1.7358,2.5474,-0.0277,-0.0857,0.0220
-6.5362,0.8547,4.8818,-0.0707,0.0474,-0.0119,-8.2049,-1.6759,2.4828,-0.0465,0.0985,0.0012
-6.6607,0.9313,5.0159,-0.0718,-0.0037,-0.0091,-8.4611,-1.6544,2.3511,-0.0422,-0.0065,0.0024
-6.5553,0.8811,5.2218,-0.0636,0.0041,-0.0109,-8.4252,-1.7526,2.6767,-0.0370,0.0529,-0.0081
-6.4811,0.8571,4.8842,-0.0568,-0.0414,-0.0011,-8.3103,-1.7382,2.6576,-0.0173,-0.1007,0.0248
-6.7277,0.9122,4.9991,-0.0505,0.0153,-0.0341,-8.4994,-1.6783,2.4038,-0.0137,0.1447,-0.0292
-6.8187,1.0415,4.9129,-0.0502,0.0111,0.0005,-8.4946,-1.5538,2.4110,-0.0326,-0.0072,0.0221
-6.6248,0.9505,4.8626,-0.0811,-0.0406,0.0011,-8.3893,-1.5634,2.2889,-0.0532,-0.0729,0.0041
-6.5841,0.8978,5.1906,-0.0950,-0.0019,-0.0264,-8.3558,-1.7430,2.5379,-0.0522,0.0950,-0.0222
-6.7732,0.9026,5.2481,-0.1042,0.0151,-0.0374,-8.6407,-1.7406,2.4205,-0.0715,-0.0216,-0.0440
-6.9623,0.7757,5.8610,0.0632,-0.0517,0.0553,-8.6119,-2.0877,3.0311,0.0480,-0.0961,-0.1244
-6.5625,1.1396,5.2888,0.0993,-0.0241,0.1266,-8.3127,-1.4581,2.5450,0.0954,-0.0145,0.0136
-6.1627,1.0558,4.4819,0.0104,-0.0111,0.0265,-7.8051,-1.2091,1.9345,0.0274,-0.0501,0.0517
-6.5888,1.1277,4.6735,-0.1636,0.0652,-0.0947,-8.3079,-1.5131,2.0255,-0.0869,0.2021,-0.0268
-6.7732,1.1325,4.8435,-0.2076,-0.0967,-0.0726,-8.4563,-1.5012,2.2817,-0.1769,-0.1559,-0.0434
-6.7828,0.9481,5.2553,-0.1956,-0.0187,-0.0504,-8.6862,-1.7502,2.6647,-0.1447,0.0356,-0.0342
-6.5841,0.9792,5.3008,-0.0941,-0.0542,-0.0127,-8.3606,-1.6975,2.6983,-0.0685,-0.0795,0.0063
-6.7445,0.8859,5.6575,0.1099,-0.0474,0.0365,-8.5736,-1.9130,2.9856,0.1454,-0.0529,-0.0282
-6.5984,1.1444,4.9560,0.0252,-0.0121,0.0068,-8.3510,-1.4605,2.3152,0.0818,0.0413,0.0320
-6.5577,1.0056,4.7453,-0.0982,-0.0205,-0.0292,-8.2097,-1.5179,2.1907,-0.0725,-0.0754,-0.0193
-6.8091,1.0032,5.1571,-0.0859,-0.0397,0.0105,-8.5736,-1.7765,2.5211,-0.0494,0.0195,0.0234
-6.6966,1.0822,5.1140,-0.0945,-0.0466,0.0266,-8.2193,-1.5706,2.4612,-0.0739,-0.0962,0.0266
-6.2537,1.0391,4.9847,-0.1070,-0.0626,0.0296,-8.0637,-1.5658,2.5450,-0.0807,-0.1685,0.0321
-6.2441,1.1037,5.1188,-0.1250,-0.0316,-0.0445,-8.0038,-1.5802,2.6839,-0.0747,0.0698,-0.0514
-6.6224,1.1013,5.1739,-0.1158,0.0226,-0.0729,-8.4036,-1.6831,2.6528,-0.0678,0.1159,-0.0648
-6.7732,1.0247,5.2792,-0.0677,-0.0033,-0.0075,-8.6718,-1.6807,2.5043,-0.0453,-0.0212,0.0128
-6.4643,0.9888,4.9704,-0.0581,-0.0036,0.0000,-8.1786,-1.6951,2.4636,-0.0456,0.0201,0.0107
-6.4763,0.8499,4.9177,-0.0854,-0.0215,-0.0159,-8.4228,-1.6879,2.5450,-0.0502,0.0341,-0.0135
-6.5888,0.9505,5.1763,-0.1155,-0.0019,-0.0249,-8.4060,-1.7286,2.3798,-0.0739,0.0445,-0.0229
-6.6631,0.9433,5.2888,-0.1219,-0.0111,-0.0139,-8.5377,-1.6903,2.6767,-0.0889,-0.0129,0.0019
-6.5242,1.0798,5.0925,-0.0778,-0.0396,0.0144,-8.4324,-1.6999,2.7581,-0.0598,-0.0905,0.0276
-6.4979,0.9409,5.3199,-0.0477,-0.0229,0.0131,-8.4324,-1.7693,2.7270,-0.0200,0.0300,0.0245
-6.5194,0.9074,5.1212,-0.0330,-0.0337,0.0073,-8.4683,-1.8148,2.5187,0.0322,0.0288,0.0504
-6.8833,0.8619,5.5593,-0.0620,-0.0023,0.0498,-8.7676,-1.9273,2.9664,0.0173,-0.0197,0.1767
-7.1922,1.1468,5.6790,0.0963,-0.0600,0.1318,-9.3948,-1.7119,3.0670,0.1131,-0.0209,0.2497
-7.1802,1.2977,5.3870,0.1867,-0.0468,0.1932,-9.3350,-1.5921,3.0933,0.2130,-0.0641,0.3950
-6.7229,1.5490,5.5210,0.3325,-0.1729,0.3239,-8.8657,-1.1444,3.1220,0.3010,-0.3409,0.5694
-6.3805,1.9585,5.2744,0.3681,-0.0779,0.2831,-7.9966,-0.5626,2.9521,0.3038,-0.2196,0.4100
-6.4045,2.0231,5.3822,0.3163,-0.2092,0.3341,-8.1690,-0.5602,3.2250,0.2224,-0.3391,0.3805
-5.7628,1.8890,5.0661,0.4435,-0.1450,0.3254,-8.0086,-0.6393,3.3926,0.4183,-0.3050,0.4767
-6.3877,2.0734,5.0996,0.4373,0.1506,0.2092,-8.3127,-0.3304,2.9664,0.4451,0.0949,0.4414
-6.3422,2.5714,4.7477,0.4389,-0.1572,0.3128,-8.3055,0.2658,2.9042,0.3897,-0.2947,0.5522
-6.0813,2.9760,4.3000,0.3954,-0.1941,0.2124,-7.6016,0.9290,2.5953,0.4061,-0.1340,0.5280
-5.9807,2.8754,4.1827,0.2261,-0.2417,0.1062,-8.5928,0.8092,2.7414,0.2150,-0.2346,0.6583
-5.5330,2.9760,4.3048,0.0795,-0.4081,0.0508,-5.8203,1.8316,2.5809,0.0405,-0.9208,1.2657
-5.4564,3.1963,4.9033,-0.1604,-0.5633,-0.1320,-7.1156,2.3104,3.3255,0.0518,0.0281,0.7614
-5.8251,3.2657,5.1188,-0.1931,-0.1543,-0.2157,-7.4555,2.1452,3.8642,-0.0281,-0.2638,0.8083
-5.5498,2.7222,5.6671,-0.0914,-0.2935,-0.0265,-7.1323,1.9968,4.0175,-0.2020,-0.4263,0.1095
-4.6519,2.7246,4.4053,-0.1207,-0.0324,-0.1604,-6.4500,2.1739,3.4333,-0.1018,0.1422,-0.2140
-5.8921,3.0119,5.0973,-0.1663,0.0898,-0.2384,-7.2401,2.4756,3.0622,-0.0207,0.0215,-0.1753
-6.0142,2.9161,4.9871,-0.4177,-0.0825,-0.0721,-7.2472,2.3320,3.2130,-0.3124,0.0841,-0.3094
-5.4205,2.4924,5.5402,-0.4655,-0.0922,0.0304,-6.8259,1.9201,3.3208,-0.5295,-0.1528,-0.4790
-5.1547,2.6480,4.8985,-0.4118,0.0857,-0.1605,-7.3143,1.6185,3.5889,-0.3826,0.2461,-0.6805
-5.7413,2.0375,5.4803,-0.3515,0.1711,-0.1255,-7.5992,0.8547,3.3519,-0.2904,0.3910,-0.6071
-5.3750,1.0247,5.8658,-0.0286,0.0967,-0.0926,-6.8977,0.2131,3.7350,0.0128,-0.2442,0.3353
-6.0430,2.1117,5.3534,-0.3584,0.0056,-0.5016,-7.5609,1.1971,2.9185,-0.1013,0.3874,-0.1183
-6.7756,2.5881,6.3973,-0.3961,-0.0750,-0.1827,-8.2600,1.3886,3.8618,-0.4271,-0.1871,-0.8621
-6.5745,2.4541,5.8083,-0.5874,-0.0502,0.3075,-10.5201,-0.0886,5.0542,-0.6270,0.4026,-0.7814
-6.0166,1.6185,6.1363,0.0257,0.0649,0.0480,-8.2624,-0.1484,3.7852,0.0360,-0.0939,-0.1459
-5.7988,1.6209,5.4851,-0.0501,0.0867,0.0798,-8.0541,-0.1891,3.1436,-0.0749,-0.0809,-0.2228
-5.7365,1.8076,5.3941,-0.0111,0.0179,0.0213,-7.7021,0.0239,3.3782,-0.0270,-0.0306,-0.0842
-5.8012,2.1548,5.3822,-0.1943,-0.0087,0.1021,-7.6662,0.1101,3.3136,-0.2020,0.0249,-0.2687
-5.9233,2.0494,5.8658,-0.1773,0.0203,0.0584,-8.7580,-0.6177,4.4772,-0.1781,0.1561,-0.2686
-5.9735,2.1045,5.7509,0.1919,0.0181,0.0829,-8.2504,-0.1532,3.7254,0.1895,-0.1143,0.0991
-5.8634,2.0231,5.4205,0.2277,0.1783,0.0317,-9.4044,-0.8523,4.7956,0.9049,0.5156,1.1820
-6.2345,1.9992,5.9592,0.3267,0.1704,0.0983,-6.7301,1.1612,2.0901,0.6988,-0.0482,1.1462
-5.9280,2.0782,5.3343,0.2264,0.0585,0.1704,-7.5729,1.2905,2.4684,0.2742,0.1856,0.3060
-5.6240,2.5642,4.7262,0.1059,0.0261,0.0839,-7.5298,1.5323,2.9880,0.0815,0.0733,0.1136
-6.4691,2.6073,5.3893,-0.0522,0.0055,-0.0602,-8.2528,1.7071,2.8611,-0.0456,0.1569,-0.1051
-6.2297,2.4277,5.7652,0.0829,-0.1399,0.0465,-8.2408,1.2617,3.5817,-0.0025,-0.2801,-0.1007
-6.4548,2.6624,5.8897,0.0974,-0.0044,0.1284,-8.1690,1.4389,2.9257,-0.1236,-0.0794,-0.2707
-6.8019,3.0765,5.2265,-0.1519,-0.1380,0.1404,-8.3510,1.5419,2.2242,-0.6097,-0.4495,-1.0385
-7.5705,3.3447,5.3941,-0.0737,0.0679,0.1172,-9.3087,0.9649,3.4788,-0.2142,-0.0001,-0.5686
-6.5984,3.1292,6.6319,-0.0152,-0.0204,0.3103,-9.4020,0.0263,5.4588,-0.5136,-0.4608,-0.2474
-6.6272,3.0430,5.7844,0.0915,0.5530,0.3288,-9.4475,-0.1508,4.1563,-0.1374,0.6811,0.4042
-6.9480,3.4141,4.0821,0.1419,0.2329,0.3465,-8.7125,1.2641,2.4014,-0.0155,-0.5136,0.7846
-7.6040,3.3423,4.7022,-0.4386,-0.0045,0.2321,-9.1075,0.6752,2.9736,-0.4806,-0.2606,0.6070
-6.4763,2.9904,3.9337,-0.3421,0.3736,0.3345,-7.9392,0.7829,2.4349,-0.6115,0.1023,0.3624
-6.4643,2.6145,3.8355,-0.8194,0.3380,0.3206,-7.9703,0.6297,2.0351,-0.9936,0.1356,0.3433
-6.2489,2.4517,3.9720,-0.8800,-0.1091,0.6127,-7.4627,0.4645,2.2865,-1.1105,-0.5962,0.4863
-5.2241,2.0327,3.6033,-1.2842,-0.4988,0.7277,-6.2441,0.2035,2.3846,-1.4846,-0.7703,0.3580
-4.2737,1.8675,4.5801,-1.5322,-0.8127,0.6444,-5.7509,-0.8212,4.1084,-1.5733,-0.9541,0.3617
-3.1484,1.9704,4.3120,-1.1151,-0.4422,0.5780,-4.2114,-0.2179,3.6296,-1.2766,-0.7937,0.1847
-3.4069,1.6041,5.0374,-1.8754,-0.2797,0.1613,-4.6831,-0.8212,4.1156,-1.7642,-0.1134,-0.0452
-3.9816,0.5100,8.0517,-1.8748,-0.2150,0.1641,-6.1148,-2.8850,6.8642,-1.5716,-0.0060,0.4006
-2.4636,-1.5802,12.6773,-1.6393,0.0875,-0.4607,-5.5138,-4.8914,11.2815,-1.1437,0.2457,0.6254
-5.5569,-0.6369,6.4212,-0.1423,-0.3082,-0.5485,-6.9145,-1.1660,2.3535,-0.0322,0.0446,-0.1231
-4.5155,-0.7039,4.9368,-1.1742,-0.5450,-0.0971,-8.9040,-4.0486,8.1906,-0.7246,-0.1643,0.8068
-4.1827,-2.2266,10.4675,-0.8585,0.2597,-0.2097,-7.2568,-3.2298,6.3853,0.0520,1.2248,0.2441
-4.7190,-1.5634,6.2824,-0.0040,-0.8667,-0.0683,-6.9192,-2.5067,4.6424,-0.0506,-1.0768,-0.2028
-3.2322,-1.7142,7.3478,-0.0045,-0.9880,-0.0056,-6.2728,-2.5809,5.1068,-0.0354,-0.9269,-0.2653
-3.3662,-1.0726,6.3303,0.0175,-0.3447,0.0861,-5.7628,-2.2075,4.9081,-0.0212,-0.3433,-0.0605
-3.4764,-1.2953,7.1946,-0.1132,0.2222,0.0779,-6.2369,-2.4062,5.2648,-0.0394,0.2162,0.1147
-3.4500,-1.4820,7.1970,-0.0195,0.2534,0.1589,-6.1459,-2.4612,5.2002,-0.0412,0.1876,0.1026
-3.8092,-1.3455,7.0533,-0.0128,0.4130,0.1544,-6.3949,-2.4301,5.1068,-0.0385,0.3616,0.0929
-3.7206,-1.2929,6.8139,0.0093,0.5272,0.0620,-6.3111,-2.3798,4.9536,-0.0433,0.3766,0.0849
-4.4197,-1.4700,7.3526,0.0281,0.1007,0.0683,-6.9767,-2.4995,4.8171,-0.0148,0.0997,-0.0386
-4.4796,-1.4700,7.2018,0.0169,-0.1334,0.0099,-6.6726,-2.5331,4.9704,-0.0027,-0.0437,-0.1127
-3.8547,-0.8092,6.6583,0.0211,-0.1843,0.1262,-6.6319,-2.1835,4.9201,-0.0532,-0.3804,-0.1041
-4.0677,-0.9050,6.8522,0.0588,0.0449,0.1709,-6.4500,-2.2745,4.8602,-0.0244,0.0537,-0.0541
-4.2521,-1.1923,6.8426,-0.0096,0.1974,0.1419,-6.5434,-2.5953,4.7980,-0.0386,0.1764,0.0053
-4.0869,-1.0894,7.0030,0.0215,0.0889,0.0806,-6.5434,-2.5283,4.8147,-0.0506,-0.0446,0.0221
-4.5586,-0.9888,7.1730,-0.0522,0.0630,-0.0815,-6.8833,-2.4373,4.8123,-0.0113,0.2018,-0.0269
-4.5514,-0.8859,7.0461,0.0422,-0.1773,-0.0317,-6.7852,-2.4900,4.7285,0.0008,-0.2425,-0.1304
-4.3024,-0.8332,6.7540,0.0057,-0.1196,-0.0553,-6.4667,-2.4325,4.7932,0.0029,-0.0987,-0.1116
-4.3862,-0.7805,7.0797,0.0024,-0.1760,-0.0432,-6.5146,-2.4205,5.0230,0.0004,-0.1206,-0.1331
-4.1659,-0.7183,6.9336,-0.0121,-0.0729,-0.0256,-6.4189,-2.3535,4.8866,-0.0077,-0.0103,-0.0882
-3.7565,-0.5124,6.2991,0.0512,-0.0104,0.1623,-6.0214,-2.4804,4.9752,-0.0240,-0.2418,0.0634
-5.5857,-0.9242,8.2313,-0.1984,0.7107,-0.2510,-7.1275,-2.5905,5.0398,0.0249,1.3887,0.0542
-5.0470,-0.7997,7.3119,0.0305,-0.5630,-0.0476,-7.1060,-2.5546,4.9799,-0.1188,-1.1189,-0.1131
-4.7501,-0.7805,7.7428,0.1143,-0.6963,-0.1744,-6.7421,-2.7438,5.2529,0.1183,-0.1515,-0.4947
-3.4884,-0.2466,6.0334,0.0879,-0.8195,0.0602,-5.7940,-2.2913,4.7884,-0.0211,-1.2482,-0.2529
-3.0406,-0.4262,6.7301,-0.1267,0.0060,0.0428,-5.4564,-2.5259,5.5282,-0.0144,0.3214,-0.0148
-3.9720,-0.7661,7.7381,-0.1456,0.1422,-0.0213,-6.1818,-2.7078,5.4827,-0.0226,0.3313,-0.0105
-3.6488,-0.5483,7.1371,-0.0641,-0.1051,0.0119,-5.8969,-2.6456,5.3175,-0.0596,-0.2874,0.0116
-3.8379,-0.5578,7.2401,-0.1046,0.0472,-0.0360,-6.1507,-2.6408,5.5258,-0.0185,0.2490,-0.0256
-3.6943,-0.5842,7.2688,-0.0967,-0.0891,-0.0045,-5.9903,-2.6001,5.3989,-0.0444,-0.1002,-0.0218
-3.6847,-0.6847,7.1108,-0.0945,-0.1098,-0.0080,-5.8227,-2.6480,5.4037,-0.0498,-0.1160,-0.0272
-3.5865,-0.5052,7.0270,-0.0745,0.0288,0.0256,-5.8347,-2.6432,5.3463,-0.0392,0.0188,0.0187
-3.6512,-0.6608,7.2616,-0.1371,0.1428,-0.0019,-6.0286,-2.5953,5.3893,-0.0380,0.2265,0.0426
-3.7996,-0.7159,7.4316,-0.0757,-0.0312,-0.0127,-6.0813,-2.6647,5.4372,-0.0417,-0.0590,-0.0020
-3.6919,-0.7326,7.1682,-0.0789,-0.1480,-0.0488,-6.0358,-2.6839,5.4205,-0.0416,-0.1311,-0.0542
-3.5386,-0.6895,7.2161,-0.0929,-0.1306,-0.0604,-5.9352,-2.6624,5.4779,-0.0250,-0.0501,-0.0663
-3.4692,-0.5650,7.1395,-0.0866,0.0240,-0.0280,-5.8730,-2.6600,5.3654,-0.0517,0.0534,0.0132
-3.4524,-0.5746,6.9959,-0.1134,0.0993,0.0488,-5.8754,-2.5546,5.4133,-0.0454,0.0905,0.0681
-3.8642,-0.6057,7.3550,-0.2795,0.2992,-0.0167,-6.1459,-2.5187,5.3917,-0.0378,0.5700,0.1023
-3.2681,-0.6488,6.1627,-0.5300,0.4966,0.2990,-5.7581,-2.4852,5.0925,-0.2184,0.5236,0.4802
-4.5538,-1.4964,8.3821,-0.5705,0.9991,-0.0634,-7.1299,-2.7438,5.0566,-0.1856,1.4689,0.3071
-4.2497,-2.3224,7.6854,-0.5100,-0.7805,-0.3844,-6.8881,-2.8706,4.3048,-0.2923,-1.0733,-0.1190
-4.0845,-1.5227,6.3997,-0.3516,-1.3466,-0.1845,-6.4236,-2.9377,5.2768,-0.1510,-1.3411,-0.7297
-2.7773,-2.0949,5.6144,-0.7230,-0.1661,-0.3848,-5.3056,-3.3040,4.5466,-0.1593,0.4832,-0.3649
-2.9928,-2.7605,7.6926,-0.9438,0.8765,-0.4090,-6.5003,-3.3423,4.9871,-0.3184,1.4009,-0.0838
-4.5897,-2.5642,6.7636,-0.3323,0.8978,-0.5440,-7.0270,-3.2513,4.3814,-0.1302,0.8773,-0.2621
-3.5051,-3.5578,7.2903,0.0325,0.4992,-0.8287,-6.7971,-3.7254,4.3191,0.1478,0.5512,-0.4251
-3.9049,-3.0550,8.8873,0.3938,-1.1429,-0.1025,-7.9631,-3.6799,4.8171,-0.1584,-1.5807,-0.6418
-4.3359,-2.4972,7.3071,0.5752,-0.6556,-0.5921,-6.1723,-2.9880,3.7924,0.7801,0.1013,-0.7101
-2.3343,-1.8699,5.2050,1.1647,-0.1676,-0.1430,-4.2856,-2.9449,4.1515,0.7464,-1.5969,-0.4286
-1.7047,-1.6520,6.8163,0.6106,-0.3695,0.0262,-4.5729,-3.3902,5.4205,0.1972,-1.0757,-0.5505
-2.8252,-0.8140,7.1682,-0.0722,0.5915,-0.2578,-5.1284,-2.9449,5.2050,0.3004,1.2085,-0.0201
-4.0175,-1.5993,7.7931,0.0863,0.0342,-0.3721,-6.6990,-3.9097,5.8897,0.0871,-0.0348,-0.2579
-3.2801,-1.2713,5.7078,0.0618,-0.2573,-0.0532,-4.8171,-2.8443,3.8092,-0.0809,-0.4936,-0.2274
-2.8778,-1.0367,9.5409,-0.1167,0.1339,-0.0886,-5.2577,-2.9066,5.0925,0.3365,0.4265,0.0486
-2.8467,-1.7071,6.6607,-0.0713,0.0663,-0.0970,-5.3008,-3.9097,5.0206,0.0081,-0.2693,0.0743
-3.4836,-1.5060,7.6662,0.0622,-0.2044,0.0100,-6.0861,-3.5051,5.5474,-0.0023,-0.4580,-0.1139
-3.1603,-1.4509,7.4101,0.0270,-0.3732,0.0061,-5.5234,-3.7900,5.5043,0.0652,-0.1833,-0.1422
-3.0694,-1.3575,7.7237,0.0320,-0.1616,-0.1849,-5.3846,-3.8547,5.9137,0.2200,-0.0504,-0.1363
-2.3655,-1.7909,8.0158,0.2506,-0.3023,-0.1314,-5.1068,-3.9456,6.1387,0.5304,-0.4672,0.2122
-2.4181,-0.9649,7.1419,0.2954,-0.4241,-0.0971,-5.1260,-2.8156,5.4037,0.3449,-0.3619,0.1067
-3.3423,-0.5674,7.6710,0.1103,-0.1956,-0.1978,-5.3391,-2.5929,5.1308,0.3052,0.1055,0.0203
-1.7621,-0.9553,7.8554,0.1645,-0.1009,-0.2547,-4.2401,-2.8060,5.9472,0.2947,-0.4846,0.2658
-1.7861,-0.6895,7.3502,0.1086,-0.1527,-0.0854,-3.8235,-2.6887,6.6679,0.4074,-0.4417,0.3339
-2.5594,-1.8531,6.6990,-0.0168,0.1539,-0.6153,-4.6304,-3.1196,4.9321,0.5854,0.4794,-0.2426
-3.5338,-0.2394,7.4939,0.2669,-0.4097,0.3429,-6.5266,-1.3384,5.4157,-0.0095,-1.1317,0.3046
-1.1564,-0.7494,7.3933,-0.0722,-0.2229,0.2457,-4.2569,-2.3535,6.1986,-0.3525,0.1019,0.0645
-1.6520,-0.5794,7.8985,0.2124,0.1859,0.1308,-5.0015,-2.3032,6.8498,0.1355,0.0863,0.2553
-2.2697,-0.2131,8.0182,0.1982,0.2374,0.0921,-5.0877,-1.6281,6.3446,0.0614,0.0899,0.2814
-2.0686,0.2705,7.4675,-0.0177,0.3643,-0.0109,-4.2713,-1.1516,6.3039,0.0124,0.3700,0.2120
-1.4700,-0.7757,7.8889,-0.0001,1.0741,-0.1214,-3.4884,-1.9585,6.7516,0.2742,0.8414,0.2898
-3.0047,-0.5100,6.9192,0.0228,1.3105,-0.5257,-5.3678,-1.6424,5.2840,0.4662,1.6459,-0.2910
-4.6807,-0.3112,7.6878,0.1156,1.1162,-0.3056,-7.5585,-1.3886,5.3726,0.4021,1.0088,0.0127
-4.6519,-0.0239,7.2688,0.3395,0.6286,-0.2061,-7.3526,-0.7901,4.8650,0.6179,0.6342,0.0390
-4.6663,0.2945,6.0358,0.1276,0.0967,-0.1418,-6.8043,-0.1508,3.7278,0.2276,0.0388,-0.0421
-4.4867,-0.0455,7.5058,-0.2124,0.1553,0.1251,-6.8402,-0.9457,5.2481,-0.0550,0.2258,0.2129
-4.4125,0.1006,6.4691,-0.0645,0.0554,0.1372,-6.1938,-0.7159,4.9153,-0.1852,-0.1652,-0.0568
-4.1994,-0.1197,7.3358,-0.2089,0.2526,0.0572,-7.0725,-1.1851,5.6096,-0.0741,0.3942,0.0426
-4.9344,-0.0311,6.9216,0.1471,0.1427,0.1112,-7.0725,-1.0080,4.8315,0.2138,-0.0516,-0.1342
-4.5035,0.2227,6.1818,0.0629,0.1172,0.0799,-6.6655,-0.4788,4.2760,0.0104,0.0861,-0.1310
-4.4796,0.0670,6.9983,-0.0095,0.0505,-0.0469,-6.6439,-0.8356,4.9368,0.0051,0.0296,-0.2591
-4.6783,0.0982,6.8642,-0.0953,-0.1184,-0.0883,-6.5050,-0.8859,4.8578,-0.0963,-0.0636,-0.3740
-4.3981,0.0096,7.0988,-0.1422,-0.3104,-0.2237,-7.5226,-1.5826,5.4899,-0.2575,0.0782,-0.9224
-4.3503,0.0455,6.7540,-0.0213,-0.3076,-0.1576,-6.1435,-1.5275,4.7621,-0.0674,-0.1977,-0.6558
-4.2090,-0.0096,6.7780,-0.0502,-0.0197,-0.1561,-7.1299,-2.1500,4.9895,-0.0501,0.2145,-0.4827
-4.0630,-0.0120,6.6535,-0.1083,-0.0422,-0.0636,-7.1132,-2.3750,5.1739,-0.1608,0.0827,-0.2094
-4.1587,-0.1006,7.0413,-0.1123,-0.0734,-0.0783,-6.5218,-2.3128,5.0398,-0.1160,-0.0254,-0.2406
-4.1252,-0.0311,6.8833,-0.1300,0.0762,-0.0568,-6.6870,-2.4684,5.0853,-0.1260,0.2090,-0.1575
-4.4796,-0.0503,6.8857,-0.0959,0.1184,-0.0472,-7.4340,-2.2625,5.6288,-0.3127,0.1593,-0.3323
-4.9057,0.0407,6.9097,-0.0356,0.1025,0.1402,-6.6942,-3.7230,4.6615,0.1085,0.2959,0.0490
-4.6831,-0.1245,7.4579,0.1651,-0.0834,0.3008,-6.9576,-2.8539,4.7884,-0.0406,-0.3349,0.0659
-4.1539,0.0551,6.7924,0.1073,0.0005,0.2462,-6.2369,-2.7270,4.7453,-0.1180,-0.0782,-0.1034
-4.2066,0.2298,6.5673,0.0663,0.0318,0.0798,-6.4643,-2.5355,4.4125,-0.0436,0.0694,-0.1204
-4.5633,0.2035,7.3287,0.0739,0.0801,0.0990,-7.0174,-3.0909,5.3175,0.0767,0.1608,0.0738
-4.4676,0.2586,6.8690,0.1148,0.0136,0.1240,-6.8139,-3.0023,4.9799,0.0584,0.0426,-0.1847
-4.6136,0.5076,6.9887,0.1451,-0.0085,0.1763,-6.6726,-2.6240,4.6567,0.1406,-0.0083,0.1051
-5.9089,1.1612,4.9273,-0.6388,-0.4230,1.6077,-6.5625,-2.0758,4.1204,0.1583,0.0749,0.1571
-3.5602,0.3998,7.5848,-0.8403,-0.0806,0.5874,-6.9528,-2.6959,5.0566,-0.0222,0.1808,0.4383
-4.1515,0.3519,7.3095,-0.2210,-0.2799,0.2605,-7.0222,-2.6911,4.9297,0.0341,-0.1680,-0.0470
-4.1037,0.5004,7.1587,0.0480,0.1531,-0.0169,-6.5290,-2.1596,4.4508,0.0901,0.1219,0.0637
-3.9073,0.6225,6.8115,-0.0410,-0.0127,0.0221,-6.9312,-2.2984,4.7597,0.0765,-0.0478,-0.0257
-3.9002,0.6009,7.1108,0.0228,0.0031,-0.0064,-6.8091,-2.0063,4.2449,-0.0787,0.0557,-0.2666
-4.2808,0.6201,7.3478,0.0444,0.1119,-0.0081,-7.3885,-2.6049,4.9728,-0.0401,0.2786,-0.0552
-4.3598,0.8547,6.8019,-0.0024,0.0047,0.2366,-6.1723,-2.2290,4.6304,-0.0831,-0.1315,-0.1444
-3.8020,0.8308,7.1467,-0.0049,0.0067,0.4189,-6.3782,-2.2769,4.4365,-0.0396,0.4112,-0.4971
-4.0199,1.0678,6.8714,0.0240,0.1692,0.2887,-6.8977,-2.6193,4.3311,-0.1487,0.2866,-0.5311
-4.7070,1.1995,6.5577,0.0568,0.0881,0.4381,-6.7181,-2.8012,4.2042,-0.0697,0.2052,-0.4948
-3.8786,1.1157,6.9192,0.0204,0.1452,0.1645,-7.0629,-2.9808,4.1611,-0.0628,0.3417,-0.4992
-4.2976,1.2905,6.7253,-0.0835,0.1283,0.0073,-7.1994,-2.9808,3.9624,-0.1046,0.1078,-0.1843
-4.0558,1.2234,6.4811,-0.1081,-0.0025,-0.1013,-7.0557,-3.1196,3.8762,-0.1768,0.0878,-0.0717
-4.3574,1.1372,6.7421,-0.1326,0.0184,0.0338,-6.8474,-3.4907,4.3790,-0.2541,-0.0128,-0.3283
-3.9887,1.1349,6.8953,-0.1057,-0.0163,0.0211,-6.7732,-3.2441,3.9744,-0.0107,0.1053,-0.0674
-4.0701,1.1564,6.9408,-0.0691,0.0081,-0.1091,-7.1299,-3.4261,4.2449,-0.0398,0.0837,-0.0489
-4.4269,1.1109,6.7900,-0.0325,-0.0445,-0.2124,-6.9815,-3.3112,3.8523,0.0573,0.1017,0.0950
-4.4772,1.1133,7.1108,-0.1414,-0.0718,-0.1368,-6.8235,-3.3399,4.1108,-0.2410,-0.0081,-0.2519
-4.9297,1.2809,7.0150,-0.2205,-0.3059,0.1375,-7.1754,-3.4788,4.1970,0.0416,-0.1773,0.1723
-3.8499,0.8739,7.3981,-0.2654,-0.3667,0.1811,-6.9264,-3.3926,4.1635,0.2120,-0.0691,0.3269
-4.0031,0.9912,6.8953,-0.2105,-0.2990,0.2405,-6.5290,-2.9784,4.2329,0.2245,0.0582,0.4052
-3.3806,0.7230,6.9073,-0.5283,-0.4915,0.7584,-6.7301,-2.8706,4.2808,0.1467,0.0393,0.1014
-3.7254,0.9577,7.3071,-0.3862,-0.3838,0.7396,-7.6878,-2.9664,4.5825,0.2647,0.3184,0.6580
-3.1388,0.9816,7.3143,-0.1340,-0.4129,0.4954,-7.4795,-2.9018,4.5801,0.1111,-0.2595,-0.0532
-2.9401,1.1468,7.0868,-0.0777,-0.2739,0.3897,-7.2999,-2.4062,4.1037,0.0049,-0.0963,-0.2739
-2.8491,1.0487,7.5944,0.0678,-0.1367,-0.0071,-6.7229,-2.7533,4.3455,-0.1675,-0.0646,-0.7627
-2.6360,1.1396,7.4699,0.2630,0.1735,-0.7909,-6.6798,-2.6791,4.2186,-0.1279,0.2486,-0.5349
-3.4524,1.0965,7.5154,0.0722,0.1374,-0.2658,-6.8091,-3.0598,4.0270,-0.3171,0.0966,-1.0268
-2.7533,0.9840,6.7756,-0.1548,0.0942,-0.7791,-5.9855,-2.9185,3.1316,-0.4931,0.3060,-1.2067
-5.3558,0.7901,7.6614,0.1179,0.7658,-1.5039,-7.0725,-4.8794,4.8650,-0.5151,0.2133,-1.0019
-3.9025,0.8787,6.8115,-0.0349,0.0457,-0.0614,-6.4045,-4.3167,3.4931,-0.2519,0.3953,-0.8286
-3.3543,0.6273,7.3622,-0.2160,0.1372,-0.1146,-6.5745,-5.0805,3.8355,-0.3154,0.3973,-0.7484
-3.8523,0.7901,7.3023,-0.1923,0.1050,-0.0746,-6.5673,-5.1332,3.6775,-0.2305,0.1458,-0.5510
-3.9959,0.8212,7.0222,-0.0592,0.1322,-0.2962,-6.7540,-5.5330,3.3950,-0.1764,0.3104,-0.4898
-4.3527,0.7901,6.8929,-0.0859,0.1207,-0.1168,-6.5673,-5.3893,3.0885,-0.0625,0.1436,-0.0329
-4.1444,0.6704,7.1658,0.0013,0.1199,-0.0187,-6.3829,-5.4013,2.9401,0.0522,0.2232,0.2884
-3.9696,0.7422,6.9743,-0.0346,-0.0017,0.3086,-6.6248,-5.3582,3.1723,0.0344,0.0396,0.1619
-3.9959,0.8236,7.0725,-0.0318,0.0771,-0.0537,-6.3446,-4.9919,2.9161,-0.0261,0.0987,0.1936
-4.1970,0.7159,7.3334,0.1139,0.1611,-0.4794,-6.8354,-5.4731,3.2417,-0.0819,0.0894,0.1078
-4.3958,0.8308,6.7397,0.0043,-0.1565,-0.0048,-6.4787,-5.0542,2.9257,0.0127,-0.0027,0.0184
-4.0223,0.7302,6.8570,-0.1041,0.0200,-0.0465,-6.6367,-5.0829,2.9544,-0.0552,0.0899,0.1031
-4.3886,0.9337,7.0725,-0.0437,0.0678,-0.1074,-6.7133,-5.2098,3.0837,-0.0926,0.0609,-0.0865
-4.3072,0.8643,6.9073,-0.0039,0.0993,-0.2575,-6.8857,-5.3103,3.2034,-0.0157,0.0675,0.0618
-4.1875,0.7470,6.8187,0.0081,0.0004,0.0208,-6.4620,-4.9201,2.8922,-0.0927,-0.0488,-0.1569
-4.3383,0.7949,6.9288,-0.0887,0.0292,-0.0250,-6.8953,-5.4779,3.1484,-0.0638,0.1069,0.0225
-4.5203,0.8308,6.7564,-0.0494,-0.0409,0.0433,-6.6966,-5.2984,2.9904,-0.0191,0.0544,0.0117
-4.3096,0.9409,6.5936,-0.0682,-0.1053,0.0557,-6.7852,-4.9464,2.7581,-0.0055,-0.0444,0.0171
-4.1970,0.8092,7.1682,0.0133,-0.0262,0.0056,-6.5290,-5.1978,3.0765,-0.0334,0.1119,0.0950
-3.7900,0.6369,7.8219,0.4080,0.0159,-0.1384,-6.9887,-5.3678,3.1436,0.0120,0.4182,0.4190
-4.2665,1.1396,6.4356,0.3757,0.1655,-0.5764,-7.0964,-4.4460,2.7605,0.2727,0.2386,0.9220
-4.4412,0.9960,6.7349,0.1947,0.0300,-0.5002,-7.9464,-4.2186,2.9257,0.4902,-0.3619,1.6406
-4.3862,1.0989,6.4093,0.0682,0.0250,-0.5200,-8.0182,-2.8299,3.2681,0.6712,-0.5682,2.1919
-4.5657,1.2019,5.9233,-0.1807,-0.0678,-0.4546,-8.0996,-1.8172,3.1053,0.4978,-0.4779,2.1085
-4.2066,0.7207,6.7277,-0.2025,0.0112,-0.9858,-7.8937,-1.3551,3.3950,0.5953,-0.5957,2.6313
-5.2577,0.4022,7.5848,0.3222,-0.1186,-0.7465,-7.3933,-0.2298,3.9025,0.4497,-0.0260,0.5838
-4.6878,0.7422,5.6838,0.0065,0.1316,-0.2550,-6.9216,0.5914,3.0454,-0.0839,-0.1196,-0.0855
-4.8147,0.5243,7.1132,-0.2365,0.0316,-0.1334,-7.8673,0.0048,3.9887,-0.1627,0.1088,-0.0221
-4.5993,0.2274,7.1802,-0.1664,-0.1713,-0.1636,-7.7596,-0.1317,4.1156,-0.1021,-0.2042,0.1099
-4.7525,0.5171,6.2058,-0.2447,-0.0746,-0.0971,-7.6207,0.0958,3.8235,-0.1279,-0.0927,0.2012
-5.0015,0.2969,7.0557,-0.1986,-0.2101,0.0661,-8.0182,0.0120,4.0055,-0.1627,-0.2871,-0.0140
-4.5969,0.1101,7.4939,-0.0713,-0.3752,0.1299,-8.0302,-0.3519,4.3191,-0.2112,-0.4461,-0.0486
-3.7206,0.3807,6.4332,-0.0951,-0.3216,0.1522,-6.7636,0.1580,4.2641,-0.2547,-0.3429,-0.0298
-3.6200,0.1101,6.9097,-0.1440,-0.2080,-0.0735,-6.7109,-0.2562,4.8554,-0.1436,-0.1805,-0.0430
-4.4724,0.4094,6.9815,-0.0152,-0.0679,-0.4230,-7.5537,-0.3400,4.7166,0.0746,-0.0289,-0.1284
-4.2737,0.3017,7.1180,0.0057,0.0452,-0.1029,-7.1563,-0.1628,4.4819,0.0244,0.0461,-0.0088
-4.2401,0.4525,6.2944,-0.1053,-0.0314,-0.0361,-7.2018,0.0239,4.0414,-0.0658,0.0025,-0.0111
-4.2928,0.2227,7.2137,-0.0737,0.0349,-0.0417,-7.5417,-0.3831,5.0398,-0.0280,0.0558,-0.0220
-4.0103,0.2466,6.6439,-0.0529,0.0294,-0.0215,-6.9743,-0.1006,4.2928,-0.0582,-0.0101,-0.0945
-4.2713,0.3184,7.0006,-0.1238,0.0589,-0.0071,-7.3047,-0.1676,4.5035,-0.0866,0.0485,-0.1122
-4.5418,0.1484,7.4029,-0.0485,-0.0345,0.0851,-7.5417,-0.3567,4.5562,-0.0484,-0.0633,0.0416
-4.3096,0.3903,6.7804,-0.0730,-0.1228,0.2193,-7.0413,-0.1101,4.1827,-0.2073,-0.2269,-0.1323
-3.7493,0.1628,7.1754,-0.0966,-0.0910,0.0496,-7.0150,-0.5555,5.2912,-0.1035,-0.0484,-0.2045
-3.8834,0.2729,6.6846,-0.0508,0.0887,0.0123,-6.6846,-0.3687,4.3527,-0.0810,-0.0622,-0.2658
-4.1946,0.4405,6.9791,-0.1171,0.0711,-0.0449,-7.7093,-0.9098,5.1188,-0.0825,0.3693,-0.3503
-3.9504,0.1437,7.0198,-0.0257,-0.0033,-0.0621,-6.9408,-0.6632,4.4987,0.0137,-0.0548,-0.2834
-3.9744,0.2753,6.7780,-0.1115,0.0236,-0.0770,-6.9863,-0.7661,4.4556,-0.1111,0.1342,-0.4314
-4.1611,0.0934,7.5609,-0.0558,0.1176,-0.0268,-7.2903,-1.2091,4.8554,-0.0188,0.2000,-0.3190
-4.0247,0.4621,6.5793,0.0306,0.0837,-0.1106,-7.4819,-1.0175,4.5394,0.0546,0.1567,-0.4073
-4.2473,0.3855,6.7445,-0.0402,0.1287,-0.1037,-7.4771,-1.2426,4.4796,-0.0027,0.3203,-0.4169
-5.6024,0.2011,7.6184,-0.0440,0.1264,-0.0077,-7.2042,-1.6712,4.9225,-0.7286,0.1484,0.1939
-3.9528,0.4597,6.6631,0.0224,-0.5009,0.1984,-6.6966,-1.5658,4.7812,0.5586,0.0709,-1.2855
-3.4716,0.1245,7.0485,0.0364,0.1034,0.0264,-7.3119,0.7015,4.4987,-0.1292,-1.6574,-0.0682
-3.7589,0.5195,6.9623,-0.0445,0.1657,-0.0484,-6.9240,-1.5897,4.2282,-0.2244,0.5662,-0.1099
-4.1970,0.1437,7.7859,-0.0378,-0.0671,-0.0766,-6.6702,-1.9824,4.3215,0.2507,0.3942,0.0457
-3.9863,0.3903,6.8043,0.1115,0.1029,-0.0300,-7.1036,-1.4054,4.4843,0.1203,-0.0370,0.0083
-4.1970,0.3926,7.2712,0.0811,-0.0337,0.0264,-6.6511,-1.1277,2.5426,-0.2356,0.3230,-0.5377
-4.4676,0.9936,7.3047,-0.0049,0.0011,-0.1572,-7.5705,-0.8547,4.1755,-0.0630,0.6074,0.9122
-3.7637,0.2825,7.5369,-0.0165,-0.1359,-0.0979,-7.0677,-1.6951,4.2353,0.0353,0.6752,-0.4137
-3.8762,0.5004,7.1563,0.0132,-0.1387,-0.1604,-7.8985,-1.6807,4.1420,-0.3593,0.8379,0.1091
-4.5107,0.3184,8.5114,0.1484,0.0441,-0.3516,-8.1020,-1.4605,3.1867,-0.2781,0.6211,0.1648
-3.3327,0.5674,7.2305,0.0151,-0.8681,0.0031,-8.0589,-1.3240,3.4309,-0.0801,0.1067,-0.0584
-3.8403,1.0918,6.7086,0.1192,-0.2713,-0.1338,-7.7309,-1.1947,3.1029,-0.4166,0.6419,0.2018
-4.1779,0.9433,7.6351,0.0458,0.0286,0.0473,-8.4611,-1.4772,2.5450,-0.3992,0.9097,0.1395
-3.0311,0.5555,7.5250,0.0211,-0.3499,0.0228,-8.6072,-1.6400,2.7078,-0.2779,0.5516,-0.2170
-3.2609,1.1540,6.8714,0.0298,-0.1252,0.0546,-8.5281,-1.6185,2.1979,-0.2462,0.4768,-0.0799
-3.4740,1.0654,7.0773,-0.0089,-0.0721,-0.0322,-8.6263,-1.5945,2.0087,-0.2141,0.3849,-0.0336
-3.1005,1.0654,7.0509,-0.0537,-0.1231,0.0187,-8.5090,-1.7645,2.0183,-0.1561,0.2228,-0.0079
-2.9616,0.9337,7.5824,-0.0913,0.1398,0.0274,-8.6479,-1.7430,1.9225,-0.0516,0.0628,0.0646
-3.3567,1.0750,7.2065,-0.0153,0.0745,-0.0075,-8.7436,-1.7071,1.9752,0.1561,-0.3186,-0.0001
-4.0031,1.3719,6.7133,-0.0257,0.3848,0.1704,-8.3989,-1.5347,2.0111,0.1635,-0.5484,0.0249
-2.7845,0.8332,7.2449,-0.1948,0.2373,0.1841,-8.2600,-1.3240,2.4541,0.3246,-0.9385,-0.0163
-3.7996,1.0918,6.7325,-0.2868,0.0875,0.0300,-7.5872,-0.7542,2.5786,0.7420,-1.8227,-0.2213
-4.1587,0.7374,7.3358,-0.5528,0.0001,0.1283,-6.8857,-2.0135,4.2162,-0.3745,0.3262,0.0983
-4.3622,0.6800,7.2568,0.0069,0.1069,0.3749,-7.9057,-1.2450,3.9911,-0.2056,-1.0896,0.2774
-3.7828,1.2115,6.0861,-0.3465,-0.1223,0.2821,-6.4308,0.0383,3.0694,-0.3529,0.0241,-0.0226
-3.6727,0.8428,6.0406,-1.0844,0.0402,0.0073,-6.2369,-1.0032,3.6248,-1.2441,-0.2562,-0.3297
-4.1348,0.1101,6.8738,-1.3448,0.0966,0.0533,-7.1754,-2.0734,3.6248,-1.4639,0.0168,-0.7969
-3.9696,-0.8523,7.5298,-1.4300,0.0865,0.1589,-7.1204,-3.3902,4.8770,-1.4326,-0.0745,-0.2205
-4.4005,-1.1013,7.6423,-1.0834,-0.0781,0.1184,-8.7867,-4.1396,4.9512,-0.9614,0.0153,0.1183
-3.8786,-1.5730,7.5250,-0.6038,-0.2405,0.2057,-6.9145,-3.5578,4.3287,-0.5000,-0.4187,0.1033
-3.8188,-1.4533,6.9695,-0.4816,-0.3834,0.0867,-7.0030,-3.3902,4.2258,-0.3812,-0.5144,0.2585
-3.7828,-1.8364,7.5298,-0.5389,-0.3367,-0.0234,-6.5098,-3.3399,4.0294,-0.3653,-0.2903,0.0869
-3.3160,-1.9034,7.4843,-0.3721,-0.6755,-0.0568,-6.9959,-3.7565,5.1547,0.1442,-0.7388,0.5974
-2.8108,-2.1332,7.1730,-0.4102,-0.4056,0.0429,-6.2896,-3.3471,4.7764,0.0398,-0.5189,0.9453
-3.4836,-1.9441,6.9073,-0.7554,0.0281,-0.2154,-6.1699,-2.0806,3.2346,-0.2974,0.5079,0.2611
-2.8874,-2.5379,7.3406,-0.7502,-0.3671,-0.0907,-6.5960,-3.0095,5.1763,-0.8308,-0.7324,0.0392
-2.6576,-2.9951,7.1443,-0.5638,-0.0133,-0.1344,-5.5976,-3.2298,5.0039,-0.6215,0.0759,-0.2140
-2.6719,-3.0263,7.7812,-0.5107,0.1250,-0.2092,-6.3470,-3.1963,4.6615,0.0338,0.0789,0.1163
-3.3016,-3.2178,6.5960,-0.3122,0.1258,-0.1671,-6.9863,-3.3758,4.6902,0.0009,0.1528,0.1603
-2.9353,-3.3136,7.1084,-0.1443,-0.0549,-0.0867,-6.5050,-3.2848,4.5801,-0.0565,-0.1845,0.0769
-2.7174,-3.5530,7.0366,-0.3138,0.0625,-0.1996,-6.4500,-3.2681,4.2808,-0.0049,0.2256,0.1551
-3.1556,-3.4524,7.4867,-0.1960,-0.1388,-0.1328,-6.8594,-3.1316,4.6136,0.0115,-0.1352,0.0192
-2.8874,-3.6966,6.7469,-0.1820,0.0137,-0.1415,-6.4667,-3.0095,4.3790,-0.0072,0.0065,0.0384
-2.7126,-3.5051,7.1611,-0.1629,-0.0366,-0.1017,-6.7708,-2.9616,4.6926,-0.0388,-0.0982,0.0409
-2.7031,-3.7302,7.0078,-0.1031,-0.0405,-0.0813,-6.7708,-3.0885,4.4365,-0.0149,-0.0810,0.0372
-2.7461,-3.7062,6.8953,-0.1120,0.0119,-0.0687,-6.6415,-3.0215,4.5921,-0.0289,-0.0125,0.0168
-2.6767,-3.7302,6.8067,-0.0765,-0.0093,-0.0115,-6.6798,-3.0167,4.6424,-0.0378,-0.0923,0.0360
-2.7940,-3.7876,6.9743,-0.1126,-0.0123,-0.0441,-6.6679,-3.0694,4.6352,-0.0348,0.0132,0.0168
-2.7653,-3.6871,6.9360,-0.0592,-0.0175,-0.0085,-6.5673,-3.0335,4.6208,-0.0286,-0.0131,-0.0294
-1.6568,-4.2760,6.7780,-0.0874,-0.1298,-0.0605,-6.5194,-3.1340,4.7022,-0.0364,0.1372,-0.0717
-3.3662,-3.3232,7.0102,0.9084,0.7013,-0.7866,-7.0054,-2.9928,4.5370,0.0112,0.2717,-0.0121
-2.9616,-3.3471,6.8857,0.1621,0.0253,-0.2645,-6.7588,-3.0358,4.4173,-0.0187,0.0757,0.0612
-3.0718,-3.2968,6.8953,0.1480,0.1767,-0.1994,-6.8426,-2.9904,4.5155,-0.0224,0.0841,0.0192
-2.6480,-3.4069,7.1347,0.0629,-0.0127,-0.1029,-6.9288,-3.0718,4.3455,-0.0091,-0.0783,-0.0079
-2.7916,-3.2753,7.1204,0.1499,0.0266,-0.1621,-6.7493,-2.9664,4.4293,-0.0237,-0.0751,-0.0097
-2.6097,-3.4165,8.3606,0.4880,0.1367,-0.2356,-6.7588,-2.9329,4.5203,-0.0080,-0.0175,0.0584
-2.8132,-2.6600,6.4428,0.5861,0.0530,-0.2161,-6.6990,-2.8252,4.4915,-0.0057,-0.3673,0.0576
-2.6432,-2.6145,7.0198,0.1467,0.2349,-0.2073,-6.7062,-2.9377,4.6400,-0.0234,0.1825,0.1384
-2.8563,-2.5786,7.3071,0.1312,-0.0553,-0.0417,-6.7804,-2.8132,4.7621,0.0036,-0.1540,0.0337
-2.6839,-2.5259,7.0725,-0.0342,-0.0091,0.0314,-6.6607,-2.7916,4.6519,-0.0229,-0.0332,0.0068
-3.0861,-2.5666,7.9296,0.2629,-0.0324,0.1916,-6.7564,-2.7438,4.6735,-0.0314,-0.1665,0.1252
-2.7246,-2.2673,8.7269,0.5173,-0.0025,0.2108,-6.6631,-2.6384,4.7860,-0.0516,-0.1665,0.0935
-2.3607,-1.8268,6.7876,0.7601,-0.0600,0.4102,-6.2704,-2.8922,4.9680,-0.0746,-0.4358,-0.0509
-2.5259,-1.3886,7.9224,0.4258,0.1095,0.2795,-6.2752,-2.5450,4.8076,-0.0534,-0.0144,-0.0679
-2.5857,-1.0511,7.1204,0.2450,-0.1588,0.1827,-6.1723,-2.7126,5.0877,-0.0620,-0.2723,-0.1262
-2.8659,-0.9002,6.9480,-0.1583,0.1857,0.0117,-6.5242,-2.8635,4.8722,-0.0673,0.2233,-0.2122
-2.0016,-0.7949,5.4157,-1.1672,0.0675,0.1359,-6.1890,-2.9305,4.9368,-0.1376,-0.0320,-0.1442
-3.3734,-2.2841,8.4156,-1.3523,0.3246,0.0397,-6.4715,-3.0694,4.8363,-0.0995,0.6205,0.0127
-3.2441,-2.6240,7.8793,-0.8029,0.0234,0.3818,-6.5146,-3.0670,4.9656,-0.1278,0.1335,-0.0185
-3.1029,-2.7390,7.7309,-0.3644,0.3159,0.1644,-6.4548,-3.0981,4.6160,-0.1094,0.1049,-0.0496
-3.5889,-2.5546,7.2496,-0.1266,0.2236,0.0075,-6.8283,-2.9497,4.4652,-0.0007,0.2475,-0.0877
-3.6416,-2.5690,7.2832,-0.0714,-0.1415,0.0536,-6.7804,-3.0406,4.4891,-0.0269,-0.1139,-0.0950
-3.2968,-2.6217,7.0318,-0.0509,-0.1725,0.0348,-6.4859,-3.1196,4.6424,-0.0380,-0.1908,-0.0839
-3.2585,-2.4804,7.0653,-0.0504,-0.0265,-0.0025,-6.5266,-3.1675,4.6256,-0.0309,0.0124,-0.0490
-3.2298,-2.5402,7.0964,-0.0935,-0.0839,-0.0091,-6.6152,-3.1891,4.5610,-0.0285,-0.0484,-0.0232
-3.2082,-2.4636,6.8211,-0.3813,-0.4732,0.1508,-6.4667,-3.1436,4.8914,0.0594,0.0321,-0.0420
-3.1053,-2.6671,7.0653,-0.1222,0.1178,-0.0560,-6.4835,-3.1747,4.5921,-0.0481,0.2570,0.0345
-3.3567,-2.6743,7.5322,-0.0025,-0.0508,-0.0385,-6.8474,-3.1388,4.7453,-0.0706,-0.1644,-0.0404
-2.8156,-2.5187,6.6319,-0.0679,-0.1391,0.0677,-6.2776,-3.0670,4.8028,-0.0508,-0.0999,-0.0019
-3.1436,-2.5091,7.1132,-0.1652,0.1132,0.0446,-6.5122,-3.1005,4.8674,-0.0533,0.1945,0.0779
-3.1699,-2.6288,7.2353,-0.0962,0.0220,0.0470,-6.5098,-3.0550,4.5969,-0.0648,0.0218,0.0394
-3.2920,-2.6552,7.0629,-0.0917,0.1063,0.0288,-6.6272,-3.1220,4.4963,-0.0548,0.1342,0.0422
-3.3974,-2.6719,7.1970,-0.0837,0.0084,-0.0021,-6.7062,-3.1029,4.5226,-0.0436,0.0308,0.0032
-3.2513,-2.6360,7.1778,-0.0781,-0.0946,0.0125,-6.5912,-3.0574,4.6567,-0.0352,-0.0620,-0.0148
-3.2633,-2.5833,7.2018,-0.0707,-0.0024,-0.0649,-6.7157,-3.0813,4.5394,-0.0362,0.0332,-0.0085
-3.3495,-2.6288,7.1156,-0.0466,-0.1255,-0.0156,-6.6870,-3.0813,4.6304,-0.0203,-0.1426,-0.0580
-3.0789,-2.6576,7.0485,-0.0528,-0.1916,-0.0201,-6.4979,-3.1053,4.5969,-0.0201,-0.1379,-0.0612
-3.1580,-2.6552,7.2042,-0.0721,-0.0326,-0.0292,-6.5386,-3.1316,4.6495,-0.0274,0.0322,-0.0242
-3.0023,-2.6911,7.1515,-0.0765,-0.0762,-0.0048,-6.4069,-3.1556,4.6352,-0.0402,-0.0477,-0.0153
-3.1939,-2.5331,7.1874,-0.0751,0.0172,-0.0246,-6.5266,-3.0885,4.8123,-0.0361,0.0549,-0.0047
-3.1053,-2.6097,7.0629,-0.0839,0.0405,-0.0270,-6.4500,-3.1196,4.6687,-0.0397,0.0584,0.0109
-3.0335,-2.7366,7.1778,-0.0851,-0.0116,-0.0036,-6.5529,-3.0957,4.5657,-0.0438,-0.0209,0.0089
-3.1963,-2.6025,7.0916,-0.0842,0.0021,-0.0076,-6.5386,-3.0718,4.5993,-0.0414,0.0112,0.0035
-3.1603,-2.6408,7.0749,-0.0802,0.0075,-0.0144,-6.5146,-3.0622,4.7573,-0.0512,0.0113,0.0071
-3.0430,-2.6839,7.3071,-0.0790,0.0025,-0.0393,-6.5673,-3.0718,4.6352,-0.0569,0.0019,0.0056
-3.1005,-2.6815,7.2089,-0.0717,-0.0123,-0.0171,-6.5745,-3.0813,4.6687,-0.0493,-0.0027,0.0055
-3.1603,-2.6887,7.1251,-0.0715,-0.0121,-0.0124,-6.5027,-3.1149,4.6088,-0.0488,-0.0019,0.0009
-3.1173,-2.5905,7.1491,-0.0743,-0.0108,-0.0089,-6.5721,-3.0933,4.7214,-0.0396,0.0072,-0.0027
-3.0957,-2.6217,7.1874,-0.0729,0.0005,-0.0195,-6.5314,-3.1388,4.6878,-0.0477,0.0250,0.0005
-3.2417,-2.6576,7.1491,-0.0691,-0.0089,-0.0151,-6.4787,-3.0885,4.7285,-0.0448,-0.0135,-0.0043
-3.1939,-2.6408,7.1682,-0.0786,-0.0028,-0.0245,-6.4979,-3.1460,4.6543,-0.0404,0.0132,-0.0047
-3.1484,-2.6336,7.1275,-0.0737,-0.0209,-0.0125,-6.4859,-3.0789,4.6471,-0.0453,-0.0167,0.0000
-3.1651,-2.6552,7.1491,-0.0758,-0.0132,-0.0213,-6.5481,-3.1244,4.7477,-0.0449,-0.0059,-0.0013
-3.1077,-2.6839,7.0581,-0.0822,-0.0083,-0.0200,-6.5434,-3.0933,4.6902,-0.0450,0.0056,0.0017
-3.2034,-2.6288,7.1180,-0.0762,-0.0165,-0.0164,-6.6008,-3.0885,4.7094,-0.0465,-0.0172,-0.0021
-3.1173,-2.5905,7.0940,-0.0813,0.0064,-0.0205,-6.4859,-3.1005,4.5729,-0.0445,0.0340,0.0043
-3.1771,-2.6169,7.1706,-0.0753,-0.0179,-0.0163,-6.5338,-3.1412,4.7645,-0.0458,-0.0161,-0.0017
-3.1508,-2.6576,7.1132,-0.0778,-0.0075,-0.0168,-6.5912,-3.0598,4.6807,-0.0426,0.0195,-0.0039
-3.1963,-2.6600,7.1874,-0.0730,-0.0052,-0.0205,-6.4907,-3.0885,4.7142,-0.0430,0.0123,-0.0040
-3.0981,-2.6815,7.1539,-0.0729,-0.0222,-0.0224,-6.4548,-3.0718,4.6448,-0.0444,-0.0017,-0.0043
-3.1580,-2.6624,7.1443,-0.0778,-0.0120,-0.0107,-6.5410,-3.0694,4.6711,-0.0413,-0.0076,-0.0063
-3.1460,-2.6911,7.1132,-0.0793,-0.0053,-0.0169,-6.5386,-3.1149,4.6926,-0.0382,0.0080,-0.0017
-3.0957,-2.6743,7.0605,-0.0801,-0.0117,-0.0196,-6.4787,-3.1819,4.7357,-0.0469,-0.0052,-0.0008
-3.2274,-2.6863,7.1491,-0.0779,-0.0175,-0.0104,-6.5457,-3.0622,4.7836,-0.0428,-0.0148,0.0000
-3.0646,-2.6647,7.1228,-0.0753,-0.0151,-0.0165,-6.4811,-3.0861,4.6783,-0.0460,0.0000,-0.0035
-3.0454,-2.6600,7.0820,-0.0719,-0.0292,-0.0109,-6.5170,-3.1292,4.7118,-0.0458,-0.0111,0.0012
-3.1268,-2.6001,7.1084,-0.0750,-0.0152,-0.0147,-6.4715,-3.0263,4.6519,-0.0413,-0.0083,-0.0023
-3.1747,-2.6432,7.1754,-0.0751,-0.0015,-0.0140,-6.5481,-3.0789,4.5825,-0.0396,0.0312,-0.0080
-3.0909,-2.7198,7.1275,-0.0822,-0.0131,-0.0156,-6.5050,-3.0430,4.7764,-0.0436,0.0045,0.0037
-3.1316,-2.6887,7.1778,-0.0718,-0.0298,-0.0184,-6.5338,-3.0789,4.7142,-0.0449,-0.0261,-0.0083
-3.1532,-2.6695,7.1251,-0.0785,-0.0020,-0.0149,-6.5146,-3.0765,4.6783,-0.0432,0.0326,-0.0009
-3.1603,-2.7414,7.1587,-0.0729,-0.0188,-0.0155,-6.5003,-3.1101,4.5873,-0.0433,-0.0087,-0.0020
-3.1963,-2.6983,6.9887,-0.0782,-0.0060,-0.0147,-6.5362,-3.1149,4.6376,-0.0469,0.0039,0.0009
-3.1316,-2.6983,7.1635,-0.0770,-0.0027,-0.0180,-6.5625,-3.0478,4.6376,-0.0430,0.0095,0.0033
-3.0287,-2.6647,7.1084,-0.0739,-0.0389,-0.0113,-6.5003,-3.0933,4.5777,-0.0458,-0.0233,-0.0027
-3.0622,-2.7007,7.0318,-0.0739,-0.0197,-0.0115,-6.5003,-3.1268,4.5586,-0.0412,0.0123,0.0045
-3.1532,-2.6504,7.2161,-0.0734,-0.0187,-0.0137,-6.5218,-3.0957,4.7046,-0.0457,-0.0023,-0.0064
-3.1915,-2.7246,7.2042,-0.0726,-0.0043,-0.0268,-6.5769,-3.1101,4.6256,-0.0526,0.0021,0.0009
-3.1101,-2.5953,7.0054,-0.0638,-0.0561,-0.0179,-6.4667,-3.0311,4.6759,-0.0508,-0.0630,-0.0119
-3.1723,-2.6743,7.0653,-0.0771,0.0191,-0.0165,-6.6056,-3.0837,4.5969,-0.0393,0.0582,0.0000
-3.2202,-2.7126,7.1395,-0.0806,-0.0091,-0.0171,-6.5098,-3.1125,4.6687,-0.0402,0.0040,0.0008
-3.2106,-2.7246,7.1682,-0.0781,-0.0043,-0.0148,-6.5864,-3.0335,4.7621,-0.0425,0.0081,-0.0021
-3.0311,-2.6408,7.1347,-0.0851,0.0181,-0.0264,-6.4691,-3.0502,4.5849,-0.0396,0.0458,0.0100
-3.1891,-2.7031,7.2257,-0.0767,-0.0662,-0.0313,-6.6343,-3.1747,4.6448,-0.0304,-0.0477,-0.0250
-3.0718,-2.6719,7.1323,-0.0747,0.0103,-0.0290,-6.5122,-3.0670,4.6519,-0.0464,0.0398,-0.0027
-3.1867,-2.7054,7.1515,-0.0494,-0.0663,-0.0436,-6.6056,-3.0861,4.7956,-0.0361,-0.0492,-0.0318
-3.0047,-2.7198,7.1228,-0.0829,0.0741,-0.0513,-6.3901,-3.1915,4.5705,-0.0356,0.1552,0.0047
-3.1747,-2.6432,7.1108,-0.0622,-0.0977,0.0091,-6.5146,-3.1173,4.5633,-0.0448,-0.1407,-0.0302
-3.0287,-2.6193,7.1539,-0.0590,-0.0597,-0.0007,-6.5194,-3.0167,4.7477,-0.0372,-0.0862,-0.0266
-3.2226,-2.6839,7.3047,-0.0745,-0.0001,0.0009,-6.5314,-3.0646,4.7764,-0.0193,0.0902,-0.0329
-3.2106,-2.6743,7.1802,-0.0707,-0.0368,-0.0096,-6.5122,-3.1963,4.6950,-0.0334,-0.0228,-0.0408
-3.1220,-2.6240,7.1036,-0.0486,-0.0609,-0.0117,-6.4308,-3.1292,4.7525,-0.0233,-0.0935,-0.0687
-3.0430,-2.6432,7.1204,-0.0373,-0.0869,-0.0257,-6.4141,-3.0837,4.7070,-0.0167,-0.0550,-0.0863
-2.9688,-2.5546,7.1060,-0.0586,-0.0678,-0.0222,-6.3422,-3.0837,4.7429,-0.0402,-0.0417,-0.0449
-2.8587,-2.5211,7.2161,-0.0498,-0.0526,0.0044,-6.3135,-3.1077,4.8004,-0.0412,-0.0879,-0.0249
-3.0023,-2.7677,7.3167,-0.1014,0.0336,-0.0173,-6.3901,-3.1651,4.7381,-0.0397,0.0985,0.0135
-2.9329,-2.5786,7.0126,-0.0757,-0.0353,-0.0047,-6.2968,-3.1436,4.7309,-0.0530,-0.0354,0.0041
-3.2202,-2.7078,7.3287,-0.0187,-0.0915,-0.0458,-6.6774,-3.2394,4.8818,-0.0236,-0.1540,-0.0974
-2.6959,-2.4517,6.9312,-0.0132,-0.2060,0.0446,-6.0789,-3.1723,4.8363,-0.0187,-0.2100,-0.0959
-3.0311,-2.5881,7.2137,-0.1282,0.1853,-0.0301,-6.3782,-3.1723,4.9368,-0.0522,0.2948,0.0524
-2.9233,-2.5259,7.1467,-0.0558,-0.1463,0.0067,-6.3231,-3.2298,4.7501,-0.0540,-0.2449,-0.0309
-3.0358,-2.5498,7.2544,-0.0488,-0.0028,-0.0304,-6.4165,-3.1627,4.9297,-0.0230,0.0701,-0.0369
-2.7749,-2.6408,7.3310,-0.0582,-0.0244,0.0051,-6.1363,-3.1939,4.7692,-0.0452,0.0052,-0.0208
-2.8898,-2.6288,7.2161,-0.0695,-0.0201,-0.0012,-6.2010,-3.1412,4.8650,-0.0542,-0.0671,-0.0033
-2.8946,-2.5570,7.3310,-0.0870,0.0264,-0.0136,-6.2417,-3.2370,4.9129,-0.0506,0.0301,0.0075
-2.8874,-2.5426,7.3047,-0.0782,0.0007,0.0031,-6.2130,-3.1915,4.8626,-0.0494,-0.0133,0.0060
-2.9616,-2.5762,7.2257,-0.0751,-0.0108,0.0005,-6.2752,-3.2992,4.8890,-0.0426,0.0037,-0.0016
-2.9042,-2.5594,7.1299,-0.0597,-0.0598,-0.0125,-6.2417,-3.1843,4.8746,-0.0413,-0.0549,-0.0229
-3.0837,-2.5881,7.3406,-0.0729,0.0028,-0.0117,-6.3351,-3.1771,5.0326,-0.0360,0.0578,-0.0085
-2.8204,-2.5283,7.2018,-0.0805,-0.0159,-0.0061,-6.2034,-3.2226,4.8890,-0.0544,-0.0180,0.0068
-2.8970,-2.4900,7.3646,-0.0666,-0.0322,-0.0027,-6.2608,-3.1675,4.9129,-0.0522,-0.0497,0.0037
-3.0167,-2.5714,7.2999,-0.0747,0.0524,-0.0116,-6.3351,-3.2681,4.8722,-0.0449,0.0997,0.0045
-3.0119,-2.5546,7.2305,-0.0762,0.0253,-0.0120,-6.2848,-3.2154,4.7573,-0.0421,0.0490,0.0039
-2.8036,-2.5091,7.1826,-0.0718,-0.0441,-0.0172,-6.2560,-3.1915,4.8315,-0.0512,-0.0810,0.0000
-2.9760,-2.5786,7.2185,-0.0650,-0.0390,-0.0140,-6.3542,-3.1675,4.9225,-0.0445,-0.0393,-0.0145
-2.8970,-2.5163,7.2065,-0.0761,-0.0032,-0.0101,-6.2369,-3.1891,4.8722,-0.0408,0.0393,-0.0047
-2.9018,-2.4780,7.1419,-0.0372,-0.0520,0.0215,-6.2225,-3.1508,4.8291,-0.0501,-0.1140,-0.0197
-2.8922,-2.5355,7.2832,-0.1042,0.0370,0.0040,-6.2560,-3.1987,4.9967,-0.0549,0.0353,0.0406
-2.7869,-2.6001,7.3837,-0.0887,0.0516,0.0177,-6.2297,-3.2058,4.8698,-0.0568,0.0404,0.0290
-3.0598,-2.5977,7.3358,-0.0552,-0.0438,0.0225,-6.2321,-3.2034,4.8626,-0.0432,-0.0394,-0.0115
-3.0143,-2.5211,7.2568,-0.0450,-0.0400,-0.0135,-6.2321,-3.1603,4.9464,-0.0310,-0.0121,-0.0345
-2.8802,-2.4900,7.2233,-0.0602,-0.0453,-0.0258,-6.2273,-3.1771,4.7740,-0.0365,-0.0229,-0.0240
-2.9497,-2.4900,7.1299,-0.0813,-0.0155,-0.0048,-6.1986,-3.1723,4.8530,-0.0501,-0.0064,0.0044
-2.8683,-2.4421,7.1994,-0.0659,-0.0424,-0.0071,-6.1818,-3.1627,4.8985,-0.0488,-0.0562,0.0028
-3.1149,-2.5211,7.2927,-0.0691,0.0504,-0.0161,-6.3303,-3.2106,4.8219,-0.0416,0.0965,0.0080
-3.1292,-2.4708,7.1084,-0.0831,-0.0196,0.0029,-6.2632,-3.2178,4.7884,-0.0440,-0.0155,0.0044
-3.0335,-2.5355,7.1395,-0.0742,-0.0450,-0.0103,-6.2010,-3.1987,4.9225,-0.0429,-0.0445,-0.0039
-3.0981,-2.4636,7.3358,-0.0711,-0.0101,-0.0211,-6.3327,-3.1891,4.8818,-0.0410,-0.0111,-0.0140
-2.9449,-2.3774,7.1132,-0.0649,-0.0104,-0.0204,-6.1675,-3.1340,4.9368,-0.0420,0.0273,-0.0060
-3.1627,-2.3727,7.2449,-0.0602,-0.0384,-0.0139,-6.3805,-3.1627,4.9416,-0.0390,-0.0015,-0.0179
-2.9042,-2.4110,7.0366,-0.0914,-0.0294,0.0051,-6.1842,-3.1747,4.9201,-0.0466,-0.0193,0.0088
-3.1819,-2.5043,7.4340,-0.0774,-0.0016,-0.0211,-6.3829,-3.2226,4.9536,-0.0380,-0.0028,-0.0116
-2.7821,-2.5043,7.1228,-0.0795,-0.0370,-0.0092,-6.1363,-3.2250,4.7836,-0.0474,-0.0133,-0.0131
-2.9066,-2.4110,7.2449,-0.0722,-0.0356,-0.0076,-6.1555,-3.1987,4.9608,-0.0454,-0.0433,0.0017
-2.8922,-2.4828,7.2042,-0.0766,-0.0300,-0.0039,-6.1986,-3.1771,4.9512,-0.0494,-0.0333,0.0064
-3.1005,-2.4565,7.2664,-0.0727,-0.0009,-0.0165,-6.2273,-3.2681,4.9608,-0.0350,0.0521,-0.0061
-3.0478,-2.4493,7.3310,-0.0786,0.0260,-0.0187,-6.2944,-3.1771,4.8147,-0.0362,0.0791,0.0028
-3.0765,-2.4756,7.2137,-0.0757,-0.0041,-0.0100,-6.1986,-3.1675,4.9129,-0.0461,0.0204,-0.0023
-2.9449,-2.4828,7.2568,-0.0778,-0.0317,-0.0092,-6.1794,-3.2106,4.8459,-0.0506,-0.0306,0.0065
-3.0718,-2.4325,7.1730,-0.0806,-0.0167,-0.0141,-6.2321,-3.2154,4.7764,-0.0484,-0.0330,0.0028
-2.9999,-2.4469,7.2808,-0.0733,-0.0278,-0.0125,-6.2584,-3.1340,4.9512,-0.0449,-0.0152,-0.0024
-3.0861,-2.4948,7.1563,-0.0770,-0.0059,-0.0175,-6.2537,-3.1915,4.9416,-0.0418,0.0151,-0.0036
-3.0909,-2.4804,7.2927,-0.0819,0.0199,-0.0184,-6.2968,-3.2250,4.8483,-0.0413,0.0486,-0.0007
-3.0119,-2.4349,7.1611,-0.0837,-0.0149,-0.0087,-6.2369,-3.1867,4.7453,-0.0417,0.0040,0.0052
-3.0263,-2.4517,7.2185,-0.0818,-0.0172,-0.0105,-6.2991,-3.1627,4.9704,-0.0481,-0.0095,0.0015
-3.0406,-2.5067,7.2712,-0.0753,-0.0032,-0.0120,-6.3566,-3.1484,4.8123,-0.0386,0.0333,-0.0036
-2.9544,-2.4995,7.2257,-0.0843,-0.0055,-0.0115,-6.1986,-3.1771,4.8554,-0.0477,-0.0001,0.0052
-3.0215,-2.4277,7.1970,-0.0739,-0.0298,-0.0104,-6.3327,-3.1723,4.8363,-0.0456,-0.0356,-0.0060
-3.1220,-2.4780,7.2401,-0.0773,0.0015,-0.0152,-6.2608,-3.1556,4.8076,-0.0342,0.0422,-0.0025
-3.0095,-2.4636,7.2592,-0.0782,0.0048,-0.0137,-6.3398,-3.1603,4.8028,-0.0384,0.0276,0.0025
-3.0742,-2.4229,7.2472,-0.0777,-0.0144,-0.0083,-6.2800,-3.2106,4.7956,-0.0449,-0.0167,0.0019
-3.0071,-2.4301,7.1874,-0.0790,-0.0167,-0.0129,-6.2728,-3.1627,4.8722,-0.0414,-0.0047,0.0004
-3.0885,-2.5953,7.2425,-0.0801,0.0064,-0.0156,-6.2608,-3.1939,4.8076,-0.0422,0.0344,-0.0079
-3.0119,-2.4684,7.1228,-0.0791,-0.0117,-0.0159,-6.2441,-3.1627,4.9033,-0.0480,-0.0037,0.0017
-3.0765,-2.4948,7.1802,-0.0741,-0.0242,-0.0083,-6.2632,-3.1603,4.9608,-0.0425,-0.0156,-0.0039
-3.0167,-2.4636,7.2425,-0.0778,0.0095,-0.0171,-6.3255,-3.1292,4.8028,-0.0381,0.0554,0.0016
-3.0813,-2.4493,7.2209,-0.0777,-0.0129,-0.0179,-6.3111,-3.1963,4.8483,-0.0498,-0.0103,0.0013
-3.0813,-2.5211,7.1682,-0.0770,-0.0276,-0.0149,-6.3590,-3.1460,4.9129,-0.0472,-0.0390,-0.0060
-3.1340,-2.4517,7.1443,-0.0761,-0.0051,-0.0141,-6.3231,-3.1580,4.8363,-0.0406,0.0115,0.0017
-3.0263,-2.4756,7.2425,-0.0731,-0.0309,-0.0105,-6.2800,-3.2130,4.8842,-0.0430,-0.0204,-0.0051
-3.1125,-2.4972,7.3023,-0.0873,-0.0025,-0.0132,-6.3111,-3.2394,4.8842,-0.0378,0.0509,0.0005
-3.0215,-2.4972,7.0677,-0.0930,-0.0127,-0.0089,-6.2608,-3.1987,4.8626,-0.0414,0.0101,0.0044
-3.1484,-2.4948,7.3191,-0.0685,-0.0534,-0.0139,-6.3782,-3.1603,4.8722,-0.0402,-0.0610,-0.0205
-3.0646,-2.4038,7.1491,-0.0754,-0.0209,-0.0175,-6.2369,-3.1077,4.7740,-0.0318,0.0161,-0.0127
-3.0646,-2.4708,7.1539,-0.0814,-0.0191,-0.0135,-6.3207,-3.1101,4.7716,-0.0445,-0.0128,-0.0024
-3.0406,-2.4852,7.2113,-0.0925,0.0099,-0.0121,-6.3446,-3.1723,4.8100,-0.0433,0.0289,0.0161
-2.9521,-2.4972,7.2161,-0.0953,0.0213,-0.0047,-6.3398,-3.1556,4.8602,-0.0524,0.0446,0.0237
-3.0574,-2.5355,7.1275,-0.0759,-0.0222,-0.0020,-6.3231,-3.1292,4.8387,-0.0486,-0.0236,0.0068
-3.1125,-2.5474,7.2712,-0.0717,-0.0124,-0.0152,-6.3446,-3.1723,4.8028,-0.0345,0.0193,-0.0057
-2.9928,-2.5426,7.1754,-0.0739,-0.0309,-0.0176,-6.2872,-3.1508,4.8746,-0.0430,-0.0145,-0.0097
-2.9928,-2.4972,7.0581,-0.0766,-0.0341,-0.0196,-6.2704,-3.1508,4.7884,-0.0457,-0.0342,-0.0044
-3.1149,-2.5139,7.3095,-0.0798,0.0021,-0.0116,-6.3542,-3.0885,4.8626,-0.0426,0.0230,-0.0005
-3.0263,-2.5259,7.2065,-0.0890,0.0012,-0.0151,-6.3494,-3.0861,4.7764,-0.0504,0.0189,0.0096
-3.0071,-2.5115,7.2664,-0.0730,-0.0410,-0.0055,-6.3877,-3.1244,4.8866,-0.0489,-0.0461,-0.0088
-3.0598,-2.4804,7.1706,-0.0758,-0.0149,-0.0175,-6.3566,-3.1436,4.7716,-0.0398,0.0208,-0.0112
-3.0287,-2.4852,7.1682,-0.0629,-0.0430,-0.0132,-6.3279,-3.1795,4.9105,-0.0409,-0.0109,-0.0169
-3.1173,-2.4541,7.2137,-0.0830,0.0261,-0.0161,-6.2632,-3.2561,4.8028,-0.0405,0.0570,0.0035
-3.0143,-2.4469,7.1347,-0.0718,-0.0324,-0.0125,-6.2800,-3.0933,4.8626,-0.0466,-0.0254,-0.0033
-3.0622,-2.4493,7.1970,-0.0711,-0.0245,-0.0081,-6.3686,-3.1388,4.8291,-0.0476,-0.0180,-0.0019
-3.0622,-2.5307,7.1132,-0.0771,-0.0061,-0.0173,-6.3279,-3.1675,4.9033,-0.0453,0.0160,0.0016
-3.0885,-2.5355,7.1970,-0.0798,-0.0213,-0.0116,-6.3542,-3.1268,4.7501,-0.0404,-0.0059,-0.0063
-3.0215,-2.4900,7.1539,-0.0737,-0.0211,-0.0131,-6.2896,-3.1436,4.8076,-0.0469,-0.0100,0.0016
-3.0622,-2.4469,7.2353,-0.0753,-0.0007,-0.0212,-6.3901,-3.1699,4.8171,-0.0454,0.0143,0.0020
-3.0502,-2.4756,7.1754,-0.0682,-0.0424,-0.0127,-6.3183,-3.1244,4.8650,-0.0441,-0.0236,-0.0071
-3.1675,-2.5618,7.3550,-0.0877,0.0100,-0.0201,-6.3614,-3.1723,4.8147,-0.0374,0.0562,-0.0039
-3.0023,-2.5019,7.1922,-0.0794,-0.0310,-0.0165,-6.3303,-3.1867,4.8076,-0.0466,-0.0200,-0.0107
-2.9137,-2.3607,7.1323,-0.0813,-0.0509,-0.0156,-6.2776,-3.1651,4.8794,-0.0478,-0.0524,0.0061
-3.1364,-2.5019,7.1204,-0.0947,0.0658,-0.0164,-6.3638,-3.0670,4.7764,-0.0525,0.1239,0.0426
-3.2058,-2.5307,7.1323,-0.0914,0.0005,0.0012,-6.3758,-3.1460,4.8794,-0.0408,0.0063,0.0100
-3.0646,-2.5809,7.1778,-0.0918,0.0218,-0.0113,-6.3470,-3.1220,4.8650,-0.0484,0.0437,0.0057
-3.0406,-2.5786,6.9983,-0.0814,-0.0292,-0.0135,-6.2968,-3.1029,4.7884,-0.0546,-0.0392,0.0039
-3.0909,-2.5235,7.2688,-0.0226,-0.0626,-0.0145,-6.3805,-3.1340,4.8483,-0.0352,-0.0761,-0.0354
-2.9521,-2.5163,7.1251,-0.0649,-0.0004,-0.0199,-6.2321,-3.0813,4.8147,-0.0340,0.0678,-0.0083
-2.9544,-2.5402,7.0605,-0.0813,-0.0099,-0.0167,-6.3015,-3.1292,4.7333,-0.0532,-0.0402,0.0105
-3.0981,-2.4876,7.2951,-0.0834,0.0121,-0.0061,-6.4021,-3.1029,4.8650,-0.0388,0.0578,0.0073
-3.0526,-2.4541,7.1084,-0.0727,-0.0151,-0.0099,-6.3231,-3.0454,4.7788,-0.0469,0.0023,-0.0012
-3.0813,-2.5666,7.1635,-0.0793,-0.0109,-0.0064,-6.4165,-3.1484,4.8770,-0.0381,0.0109,-0.0039
-3.1460,-2.5163,7.1754,-0.0746,-0.0091,-0.0153,-6.3566,-3.1125,4.8219,-0.0424,0.0092,-0.0088
-3.0047,-2.4828,7.1132,-0.0683,-0.0605,-0.0100,-6.3135,-3.0598,4.8698,-0.0445,-0.0618,-0.0099
-3.0933,-2.5235,7.1730,-0.0594,-0.0557,-0.0123,-6.3686,-3.1316,4.9153,-0.0400,-0.0452,-0.0209
-3.0263,-2.4684,7.1611,-0.0714,-0.0096,-0.0213,-6.2417,-3.0694,4.8363,-0.0396,0.0317,-0.0009
-3.1220,-2.4780,7.2472,-0.0849,0.0008,-0.0131,-6.3303,-3.1771,4.7860,-0.0481,-0.0177,0.0123
-3.0478,-2.4780,7.2185,-0.0681,-0.0140,-0.0156,-6.3614,-3.0622,4.8842,-0.0445,0.0061,0.0033
-3.0861,-2.5450,7.2472,-0.0773,0.0020,-0.0127,-6.3925,-3.1460,4.8507,-0.0436,0.0273,-0.0041
-3.1220,-2.5283,7.2856,-0.0727,-0.0232,-0.0143,-6.3590,-3.1029,4.9273,-0.0366,0.0060,-0.0189
-3.0813,-2.5474,7.0964,-0.0689,-0.0273,-0.0113,-6.3135,-3.1795,4.7788,-0.0432,-0.0156,-0.0151
-2.9904,-2.4038,7.2137,-0.0862,-0.0131,-0.0104,-6.3087,-3.1723,4.7860,-0.0481,-0.0069,0.0073
-3.0574,-2.5067,7.2161,-0.0755,-0.0277,-0.0093,-6.3398,-3.1125,4.7980,-0.0518,-0.0418,0.0029
-3.1364,-2.5331,7.2425,-0.0803,0.0196,-0.0171,-6.3734,-3.1388,4.7669,-0.0425,0.0448,0.0013
-3.0885,-2.5474,7.2472,-0.0749,-0.0113,-0.0207,-6.3829,-3.1244,4.8291,-0.0418,0.0072,-0.0097
-2.9616,-2.5091,7.2329,-0.0707,-0.0532,-0.0240,-6.2920,-3.1029,4.9392,-0.0490,-0.0520,-0.0084
-3.1292,-2.4205,7.2544,-0.0830,-0.0397,-0.0416,-6.4452,-3.1220,4.8554,-0.0365,0.0123,-0.0075
-3.0047,-2.4972,7.0342,-0.1017,0.0592,-0.0093,-6.2321,-3.1053,4.7357,-0.0525,0.1156,0.0418
-3.0742,-2.5809,7.2760,-0.0909,0.0257,0.0052,-6.4500,-3.1747,4.7309,-0.0593,-0.0003,0.0253
-3.0526,-2.5714,7.2401,-0.0901,0.0290,-0.0055,-6.3805,-3.1388,4.7046,-0.0432,0.0556,0.0139
-3.0813,-2.5762,7.1323,-0.0673,-0.0474,-0.0045,-6.3853,-3.1173,4.8794,-0.0445,-0.0585,-0.0161
-3.1580,-2.5163,7.1730,-0.0697,0.0059,-0.0152,-6.3925,-3.0909,4.8052,-0.0412,0.0398,-0.0051
-3.0957,-2.5187,7.1611,-0.0734,-0.0382,-0.0128,-6.3542,-3.1651,4.7501,-0.0449,-0.0289,-0.0103
-3.0957,-2.5235,7.2089,-0.0762,-0.0230,-0.0281,-6.4189,-3.1556,4.7070,-0.0496,-0.0180,-0.0017
-3.0239,-2.5474,7.1204,-0.0794,-0.0189,-0.0318,-6.3494,-3.1005,4.7836,-0.0493,-0.0017,0.0115
-3.2394,-2.5594,7.2616,-0.0580,-0.0281,-0.0237,-6.5481,-3.1843,4.8626,-0.0366,-0.0103,-0.0185
-3.1843,-2.6336,7.3885,-0.0324,-0.0322,0.0005,-6.3494,-3.2705,4.9368,-0.0140,0.0325,-0.0701
-3.0574,-2.5163,7.1682,-0.1082,0.2715,-0.0510,-6.3518,-3.1029,4.7238,-0.0689,0.3840,0.1138
-3.0191,-2.4588,6.8833,-0.2735,0.0739,-0.0498,-6.2656,-3.0406,4.7357,-0.0910,0.1645,0.1839
-3.7996,-2.2625,7.8482,0.1624,-1.1564,0.0919,-7.3334,-2.8874,5.4660,0.1701,-0.9234,-0.4522
-1.3360,-2.2338,5.5833,-0.1522,-0.0882,0.0294,-4.5610,-3.1651,4.1922,-0.1641,-0.5277,0.0713
-3.7685,-2.8563,7.8051,-0.1966,0.3537,-0.0602,-7.3526,-3.1268,5.3415,0.0072,0.8470,0.0845
-2.7485,-2.6911,7.1658,-0.0165,-0.2750,-0.0143,-5.8945,-3.0574,4.6687,-0.0236,-0.1279,-0.0354
-3.2274,-2.5498,7.0390,0.0818,0.2563,-0.1960,-6.5888,-3.1460,4.8243,-0.0484,0.0850,0.0405
-3.1915,-2.5881,7.0964,0.0758,0.0835,-0.1442,-6.5003,-3.1005,4.7956,-0.0314,-0.0152,0.0080
-2.7533,-2.4756,6.8546,-0.0703,0.0650,-0.0337,-6.1962,-3.0478,4.7429,-0.0761,0.0641,0.0630
-3.0023,-2.6169,7.2377,-0.1163,0.1904,-0.0005,-6.5122,-2.9904,4.7238,-0.0553,0.1565,0.0790
-3.4117,-2.5402,7.1515,-0.0838,0.2726,-0.0436,-6.7636,-2.9856,4.5394,-0.0377,0.3016,0.0552
-3.1244,-2.5642,7.2185,-0.1021,0.0574,0.0262,-6.6463,-2.9449,4.6160,-0.0737,-0.0040,0.0465
-3.4931,-2.6695,7.3670,-0.0537,0.1231,-0.1085,-6.7612,-2.9113,4.6304,-0.0333,0.1799,0.0055
-3.1436,-2.5809,7.0294,-0.0638,-0.0705,-0.0112,-6.5529,-3.0095,4.6184,-0.0481,-0.1075,-0.0033
-3.2465,-2.5331,6.9815,-0.0903,0.0695,0.0140,-6.6128,-3.0239,4.5514,-0.0437,0.1114,0.0171
-3.1987,-2.6360,7.0629,-0.1039,0.0558,0.0097,-6.6128,-3.0047,4.5370,-0.0601,0.0755,0.0360
-3.5123,-2.6695,7.1611,-0.0862,0.0538,-0.0313,-6.8043,-2.9904,4.6040,-0.0436,0.0730,-0.0013
-3.2729,-2.5953,6.9432,-0.0993,-0.0225,0.0085,-6.6343,-2.9928,4.5490,-0.0533,-0.0089,0.0069
-3.4764,-2.7126,7.0677,-0.0873,0.0589,0.0077,-6.7804,-3.0646,4.5610,-0.0490,0.0779,0.0073
-3.2825,-2.6887,7.0964,-0.0871,-0.0297,-0.0064,-6.7014,-2.9928,4.5897,-0.0490,-0.0147,0.0031
-3.4836,-2.6384,7.1395,-0.0810,-0.0638,-0.0072,-6.6966,-3.0454,4.5035,-0.0504,-0.0799,-0.0124
-3.2561,-2.6719,6.8546,-0.1203,0.0004,0.0124,-6.6200,-2.9880,4.4700,-0.0532,0.0452,0.0116
-3.4572,-2.6863,7.0557,-0.0815,0.0012,-0.0031,-6.7900,-3.0311,4.5035,-0.0418,0.0233,-0.0027
-3.3782,-2.6671,7.0533,-0.0866,-0.0045,0.0011,-6.6583,-3.0239,4.5562,-0.0454,0.0135,0.0008
-3.3782,-2.6911,7.1275,-0.0891,0.0111,0.0009,-6.7229,-2.9951,4.5011,-0.0484,0.0147,0.0060
-3.4141,-2.6815,6.9839,-0.0890,0.0067,-0.0083,-6.6870,-3.0119,4.4819,-0.0493,0.0244,0.0003
-3.4069,-2.7318,7.0533,-0.0863,0.0085,-0.0040,-6.7445,-3.0047,4.5250,-0.0501,0.0159,-0.0008
-3.4117,-2.6815,6.9384,-0.0775,-0.0181,-0.0115,-6.7205,-3.0119,4.5490,-0.0449,-0.0179,-0.0084
-3.3782,-2.6073,7.0006,-0.0911,-0.0144,-0.0032,-6.7038,-3.0550,4.4245,-0.0493,0.0083,-0.0005
-3.3950,-2.7102,7.0916,-0.0947,-0.0087,0.0089,-6.6607,-3.0095,4.5059,-0.0506,-0.0025,0.0033
-3.3519,-2.6671,6.8738,-0.0875,-0.0069,-0.0064,-6.6798,-2.9688,4.5394,-0.0562,0.0145,0.0112
-3.5793,-2.7342,7.1395,-0.0762,-0.0163,-0.0280,-6.8426,-3.0813,4.4053,-0.0321,0.0362,-0.0183
-3.2441,-2.6049,6.9240,-0.0725,-0.0424,0.0017,-6.5912,-2.9856,4.4939,-0.0530,-0.0388,-0.0009
-3.5051,-2.7438,7.1611,-0.0829,0.0695,-0.0268,-6.8378,-3.0071,4.4843,-0.0402,0.1041,0.0017
-3.3327,-2.6767,6.9983,-0.1043,0.0294,-0.0518,-6.7277,-2.9784,4.4867,-0.0593,0.0713,0.0294
-3.5602,-2.7318,7.1228,-0.0914,-0.0076,-0.0354,-6.8067,-3.0095,4.5179,-0.0461,0.0024,0.0043
-3.4620,-2.6839,7.0318,-0.0645,-0.0028,-0.0301,-6.8019,-2.9568,4.4125,-0.0310,0.0530,-0.0203
-3.3232,-2.6504,7.0366,-0.0998,0.0280,0.0238,-6.6559,-3.0215,4.5083,-0.0592,0.0492,0.0250
-3.7206,-2.8347,7.3430,-0.0846,0.0630,-0.0072,-6.9336,-3.0670,4.4484,-0.0361,0.0943,-0.0208
-3.3686,-2.6839,6.9384,-0.0759,-0.0584,0.0185,-6.6248,-3.0143,4.3694,-0.0497,-0.0552,-0.0141
-3.5985,-2.7461,7.0509,-0.0701,0.0115,-0.0316,-6.8761,-2.9951,4.4436,-0.0426,0.0004,-0.0119
-3.3998,-2.7509,6.9887,-0.0654,0.0024,-0.0250,-6.7540,-3.0215,4.3694,-0.0428,0.0036,-0.0077
-3.4764,-2.6911,6.8690,-0.0657,-0.0362,0.0041,-6.7397,-3.0311,4.4652,-0.0462,-0.0572,-0.0156
-3.4237,-2.6911,7.0366,-0.0747,0.0301,0.0013,-6.7301,-3.0167,4.5657,-0.0485,0.0573,0.0015
-3.4716,-2.7629,6.9767,-0.0849,0.0324,-0.0105,-6.8019,-3.0358,4.4269,-0.0506,0.0388,0.0120
-3.3902,-2.7270,6.9384,-0.0787,-0.0601,-0.0123,-6.6966,-3.0239,4.3766,-0.0453,-0.0707,-0.0023
-3.5410,-2.7438,6.9599,-0.0841,0.0270,-0.0195,-6.8019,-3.0023,4.4173,-0.0416,0.0497,-0.0036
-3.4405,-2.5977,6.8211,-0.0819,-0.0278,-0.0069,-6.6391,-2.9688,4.5490,-0.0522,-0.0368,0.0081
-3.6057,-2.7342,7.0294,-0.0829,0.0558,-0.0289,-6.8738,-3.0430,4.4628,-0.0441,0.1005,0.0081
-3.4046,-2.7150,6.9719,-0.0636,-0.0621,-0.0192,-6.7900,-3.0694,4.4460,-0.0404,-0.0689,-0.0203
-3.3854,-2.7390,6.8761,-0.0827,-0.0087,-0.0245,-6.7325,-2.9521,4.4604,-0.0489,-0.0136,0.0029
-3.4572,-2.6839,6.9983,-0.0418,-0.1085,-0.0313,-6.8067,-2.9568,4.4556,-0.0293,-0.1085,-0.0437
-3.3830,-2.6839,6.9216,-0.0636,0.0119,-0.0478,-6.7732,-3.0646,4.5897,-0.0330,0.0754,-0.0181
-3.3112,-2.6695,6.8354,-0.0506,-0.1002,-0.0232,-6.5960,-3.0071,4.4460,-0.0430,-0.1098,-0.0237
-3.3615,-2.7725,7.0437,-0.0663,0.0137,-0.0420,-6.7181,-3.0718,4.5155,-0.0502,0.0572,0.0040
-3.4812,-2.6983,7.0605,-0.0549,-0.0722,-0.0041,-6.6679,-3.1053,4.5442,-0.0325,-0.0480,-0.0372
-3.2441,-2.7869,7.1563,-0.0998,-0.0079,0.0128,-6.5960,-3.0406,4.5083,-0.0525,0.0504,0.0107
-3.5410,-2.6049,7.0198,-0.0506,-0.0682,-0.0129,-6.7900,-2.9880,4.4197,-0.0374,-0.1114,-0.0240
-3.3327,-2.6600,6.9192,-0.0865,0.0333,-0.0060,-6.5984,-3.0670,4.5155,-0.0366,0.0738,-0.0015
-3.4644,-2.6312,7.1299,-0.0520,-0.0230,-0.0107,-6.7756,-3.0382,4.5226,-0.0401,-0.0286,-0.0107
-3.3615,-2.6288,6.9504,-0.0835,-0.0037,0.0045,-6.6391,-3.0095,4.4436,-0.0469,0.0056,0.0055
-3.4046,-2.7485,7.0366,-0.0846,0.0092,-0.0167,-6.7756,-3.0622,4.5011,-0.0417,0.0348,-0.0056
-3.3519,-2.6863,6.9671,-0.0530,-0.0456,-0.0179,-6.6295,-3.0023,4.4628,-0.0424,-0.0538,-0.0175
-3.4261,-2.5905,7.0485,-0.0577,0.0079,-0.0250,-6.6631,-3.1244,4.6328,-0.0450,0.0340,-0.0092
-3.3615,-2.6049,6.8953,-0.0779,-0.0296,-0.0031,-6.5745,-3.0933,4.4628,-0.0481,-0.0120,-0.0001
-3.4093,-2.6671,7.0629,-0.0886,0.0021,-0.0037,-6.7014,-3.0143,4.6400,-0.0432,0.0209,0.0011
-3.3926,-2.6312,7.0749,-0.0842,-0.0143,0.0000,-6.7564,-3.1340,4.5322,-0.0492,0.0060,-0.0089
-3.3639,-2.6647,7.0844,-0.0445,-0.0524,0.0125,-6.6295,-3.0263,4.6136,-0.0521,-0.0878,-0.0441
-3.2848,-2.6193,6.8690,-0.0518,-0.0001,-0.0105,-6.7516,-3.1005,4.4700,-0.0482,0.0151,-0.0378
-3.4500,-2.6240,6.9528,-0.0722,-0.0204,0.0044,-6.6463,-3.1149,4.5250,-0.0469,-0.0385,-0.0374
-3.3375,-2.6791,6.9599,-0.0612,-0.0521,0.0028,-6.6128,-3.0598,4.6352,-0.0457,-0.0652,-0.0313
-3.4477,-2.6528,6.9983,-0.0691,-0.0143,-0.0292,-6.6200,-3.0933,4.5945,-0.0337,0.0373,-0.0278
-3.3447,-2.7078,6.9839,-0.0690,0.0116,-0.0153,-6.6056,-3.1484,4.6783,-0.0477,0.0269,-0.0007
-3.3543,-2.5714,7.0390,-0.0584,-0.0558,-0.0148,-6.6056,-3.0765,4.5657,-0.0485,-0.0817,-0.0123
-3.4668,-2.6911,7.0916,-0.0585,0.0316,-0.0441,-6.7062,-3.1771,4.6591,-0.0344,0.0813,-0.0353
-3.3399,-2.5594,7.0342,0.0541,-0.2641,-0.0080,-6.5481,-3.1196,4.4891,-0.0020,-0.3960,-0.1624
-3.0382,-2.4876,6.9935,0.0151,-0.1937,0.0067,-6.3087,-3.2058,4.7357,-0.0216,-0.2166,-0.1439
-2.8036,-2.3607,6.6774,-0.0714,-0.1146,-0.0056,-6.0741,-3.1436,4.7956,-0.0520,-0.0997,0.0041
-3.4620,-2.5809,7.4077,-0.0859,0.1216,-0.0068,-6.5888,-3.2226,4.7094,-0.0337,0.1978,0.0252
-3.1747,-2.4660,7.2472,-0.0368,-0.0697,0.0168,-6.3183,-3.1699,4.7788,-0.0480,-0.0831,-0.0220
-3.3232,-2.5881,7.4412,-0.0362,-0.0199,0.0059,-6.4643,-3.1843,4.6926,-0.0232,-0.0412,-0.0418
-3.0885,-2.4780,7.1467,-0.0853,0.0152,-0.0224,-6.1890,-3.1436,4.6567,-0.0353,0.1147,-0.0035
-3.2801,-2.5786,7.1994,-0.0510,-0.0775,-0.0105,-6.3829,-3.1795,4.7429,-0.0405,-0.1139,-0.0376
-3.0646,-2.4541,7.1826,-0.0564,-0.0433,0.0029,-6.2321,-3.1987,4.8554,-0.0428,-0.0429,-0.0338
-3.2968,-2.4277,7.1347,-0.0691,0.0072,-0.0145,-6.3566,-3.1795,4.8435,-0.0362,0.0341,-0.0160
-3.1292,-2.5211,7.1275,-0.0877,-0.0072,-0.0139,-6.2441,-3.2920,4.8076,-0.0434,-0.0005,0.0021
-3.1939,-2.4397,7.2113,-0.0655,-0.0879,-0.0167,-6.3207,-3.2178,4.7621,-0.0378,-0.0989,-0.0221
-3.2106,-2.4541,7.1491,-0.0701,0.0156,-0.0195,-6.3159,-3.2154,4.7884,-0.0353,0.0622,-0.0008
-3.1340,-2.4780,7.0174,-0.1058,0.0769,-0.0137,-6.2297,-3.2058,4.7333,-0.0576,0.1232,0.0589
-3.3160,-2.5953,7.2065,-0.1098,0.0632,-0.0037,-6.3207,-3.2681,4.7621,-0.0574,0.0745,0.0421
-3.2489,-2.5307,7.1299,-0.0825,-0.0260,0.0064,-6.4452,-3.1771,4.7860,-0.0538,-0.0429,0.0067
-3.2968,-2.5283,7.1395,-0.0961,0.0180,-0.0241,-6.4069,-3.1699,4.7525,-0.0394,0.0608,0.0103
-3.3447,-2.5019,7.1012,-0.0929,-0.0606,-0.0498,-6.4284,-3.2010,4.6639,-0.0384,-0.0316,-0.0136
-3.3710,-2.5283,7.1850,-0.0621,-0.0630,-0.0689,-6.4428,-3.1556,4.7692,-0.0274,-0.0121,-0.0384
-3.5578,-2.5690,7.0940,-0.1315,0.2423,-0.0564,-6.3949,-3.2130,4.5825,-0.0517,0.3629,0.0612
-3.2465,-2.5067,7.1275,-0.0759,-0.1210,-0.0003,-6.4308,-3.1532,4.5466,-0.0612,-0.2149,0.0021
-3.3423,-2.4924,7.1563,-0.0894,0.0448,-0.0204,-6.4811,-3.1268,4.7262,-0.0468,0.0584,0.0085
-3.3279,-2.6097,7.1658,-0.0755,-0.0045,-0.0103,-6.4476,-3.1843,4.5897,-0.0464,0.0348,-0.0048
-3.4141,-2.6145,7.0940,-0.0341,-0.0699,-0.0185,-6.4404,-3.1699,4.6711,-0.0380,-0.1019,-0.0332
-3.2848,-2.4900,7.0749,-0.0276,-0.0071,-0.0049,-6.3805,-3.2370,4.6088,-0.0301,0.0189,-0.0326
-3.2609,-2.5666,7.2042,-0.0077,-0.0621,-0.0027,-6.4572,-3.2513,4.6424,-0.0345,-0.1130,-0.0534
-3.1364,-2.3750,7.0461,-0.0652,0.0048,-0.0047,-6.2656,-3.0861,4.7405,-0.0526,0.0300,0.0087
-3.3639,-2.4493,7.0844,-0.1083,0.0641,-0.0233,-6.4739,-3.2394,4.8004,-0.0536,0.1050,0.0326
-3.2872,-2.5618,7.2329,-0.0829,0.0147,-0.0201,-6.4308,-3.1651,4.7357,-0.0565,0.0069,0.0213
-3.3040,-2.4972,7.1563,-0.0703,-0.0036,-0.0188,-6.4380,-3.1795,4.6352,-0.0460,-0.0076,0.0071
-3.3495,-2.5139,7.1275,-0.0782,-0.0035,-0.0115,-6.4667,-3.1699,4.7429,-0.0393,0.0212,-0.0049
-3.3327,-2.5115,7.0797,-0.0709,0.0009,-0.0109,-6.4667,-3.2178,4.6878,-0.0389,0.0171,-0.0025
-3.4453,-2.5187,7.0222,-0.0663,-0.0324,-0.0081,-6.4452,-3.2130,4.6495,-0.0462,-0.0328,-0.0053
-3.3543,-2.3990,6.9839,-0.0365,-0.0532,-0.0450,-6.4596,-3.1627,4.6902,-0.0428,-0.0713,-0.0188
-3.1340,-2.4612,6.9743,-0.0799,0.0468,0.0005,-6.3159,-3.1723,4.7333,-0.0601,0.0548,0.0406
-3.2010,-2.3439,7.0222,-0.0839,0.1659,0.0389,-6.3015,-3.2034,4.7980,-0.0830,0.1159,0.0906
-3.3160,-2.4708,6.9767,-0.0737,0.3214,0.0566,-6.1603,-3.1388,4.6256,-0.1203,0.1524,0.1537
-3.8379,-2.7174,7.3310,-0.1482,0.4542,-0.1207,-6.6559,-3.2633,4.7405,0.0085,0.4116,0.0705
-4.4891,-2.4756,7.4124,0.0803,-0.4009,-0.0215,-7.2640,-3.0478,4.4125,0.0425,-0.3363,-0.1708
-2.8156,-2.3248,6.5864,0.1030,-0.4674,0.0157,-6.0071,-3.1053,4.6567,-0.0249,-0.4867,-0.1266
-3.5195,-2.1428,6.4620,-0.0781,0.0842,-0.0522,-6.3207,-3.1460,4.7645,-0.0188,0.3072,-0.0091
-3.5003,-2.4110,7.1754,-0.0690,-0.0064,-0.0115,-6.5122,-3.1268,4.7142,-0.0540,-0.0167,-0.0105
-3.3136,-2.3272,7.0342,-0.0726,0.0113,0.0096,-6.3734,-3.1651,4.7070,-0.0600,-0.0249,0.0053
-3.4117,-2.3703,7.0533,-0.0500,0.1053,0.0462,-6.4308,-3.1460,4.5610,-0.0593,0.0200,0.0208
-3.6559,-2.4062,7.3167,-0.0954,0.0160,0.0044,-6.7349,-3.2298,4.7046,-0.0250,0.1081,-0.0304
-3.4477,-2.2936,7.0222,-0.0276,-0.2224,0.0489,-6.4428,-3.1101,4.6495,-0.0481,-0.3258,-0.0726
-3.3830,-2.2936,7.0198,-0.0433,-0.0256,-0.0091,-6.3015,-3.2896,4.6926,-0.0345,0.0613,-0.0702
-3.5626,-2.2266,7.3095,-0.0145,-0.1430,0.0196,-6.5386,-3.2250,4.7980,-0.0224,-0.1815,-0.0955
-3.1723,-2.2122,7.1419,-0.0165,-0.1130,0.0141,-6.0956,-3.1771,4.7285,-0.0288,-0.1338,-0.0795
-3.2729,-2.2769,7.0916,-0.0628,0.0253,-0.0091,-6.2704,-3.2537,4.7357,-0.0465,0.0445,-0.0140
-3.3950,-2.1739,7.2736,-0.0649,-0.0512,-0.0083,-6.3422,-3.2202,4.8770,-0.0452,-0.0542,-0.0197
-3.2992,-2.1955,7.1778,-0.0766,0.0033,-0.0183,-6.2393,-3.2825,4.8985,-0.0461,0.0438,-0.0048
-3.3088,-2.2170,7.2089,-0.0473,-0.0348,-0.0016,-6.2393,-3.2394,4.8267,-0.0413,-0.0386,-0.0199
-3.2370,-2.1380,7.2257,-0.0666,-0.0240,-0.0091,-6.1938,-3.3327,4.8985,-0.0490,-0.0300,-0.0061
-3.3423,-2.1811,7.2377,-0.0985,0.0088,-0.0157,-6.2896,-3.2250,4.8770,-0.0456,0.0609,-0.0024
-3.2513,-2.1715,7.1323,-0.0831,-0.0095,0.0003,-6.2106,-3.2729,4.8890,-0.0509,-0.0180,0.0073
-3.2825,-2.2314,7.1443,-0.0965,-0.0027,-0.0084,-6.2848,-3.2537,4.9201,-0.0470,0.0095,0.0056
-3.4836,-2.2865,7.3741,-0.0801,-0.0052,-0.0352,-6.4452,-3.3303,4.8961,-0.0300,0.0513,-0.0286
-3.3782,-2.2625,7.3933,-0.0361,-0.1491,-0.0296,-6.2321,-3.2872,4.9392,-0.0063,-0.1569,-0.0962
-3.3136,-2.1572,7.3071,-0.0180,-0.1911,-0.0616,-6.3686,-3.3495,4.9440,0.0139,-0.1053,-0.1288
-2.3511,-2.1213,6.5745,-0.1151,-0.0262,-0.0120,-5.5976,-3.2896,4.7836,-0.0830,-0.1479,0.0525
-3.4596,-2.3032,7.4867,-0.1195,0.0958,-0.0088,-6.5290,-3.3279,5.1092,-0.0544,0.1254,0.0416
-3.1316,-2.3655,7.1970,-0.0477,-0.0965,0.0185,-6.1004,-3.2944,4.8578,-0.0377,-0.0979,-0.0226
-3.1244,-2.1117,7.1251,-0.0899,0.0237,-0.0021,-6.0741,-3.2944,4.9177,-0.0596,0.0124,0.0266
-3.2226,-2.3176,7.1754,-0.0925,0.0625,-0.0083,-6.2058,-3.3016,4.8890,-0.0601,0.0871,0.0416
-3.3567,-2.2051,7.2568,-0.0606,0.0015,-0.0147,-6.3422,-3.2178,5.0063,-0.0444,0.0107,-0.0085
-3.1795,-2.1452,7.0533,-0.0789,-0.0417,-0.0149,-6.0310,-3.2633,4.8483,-0.0486,-0.0380,0.0095
-3.2657,-2.1763,7.2688,-0.0822,0.0273,-0.0388,-6.2393,-3.3112,4.9368,-0.0557,0.0557,0.0258
-3.3758,-2.2889,7.3167,-0.0532,-0.0177,-0.0181,-6.1914,-3.2992,5.0254,-0.0366,-0.0001,-0.0175
-3.1340,-2.1811,7.1228,-0.0646,-0.0025,-0.0148,-6.1723,-3.3303,4.9632,-0.0488,-0.0061,-0.0045
-3.2130,-2.1668,7.1611,-0.0325,-0.0256,0.0159,-6.2560,-3.2322,4.9057,-0.0378,-0.0751,-0.0228
-3.0335,-2.0327,7.2257,-0.0925,0.0040,0.0164,-6.0597,-3.2465,5.0039,-0.0505,0.0457,0.0270
-3.0909,-2.1907,6.9552,-0.1212,0.1228,0.0406,-6.0262,-3.2657,4.7860,-0.0917,0.0819,0.1029
-3.7254,-2.2003,7.1802,-0.1049,0.1709,-0.0163,-6.5457,-3.3016,4.7812,-0.0480,0.1608,0.0433
-3.6631,-2.2218,7.1371,-0.0414,-0.1240,0.0123,-6.4476,-3.2801,4.8578,-0.0333,-0.1498,-0.0434
-3.2441,-2.1404,7.1108,-0.0397,-0.0710,0.0000,-6.1387,-3.2657,4.9153,-0.0294,-0.0745,-0.0388
-3.4285,-2.1428,7.1587,-0.0753,-0.0226,-0.0389,-6.3662,-3.2513,4.7956,-0.0245,0.0510,-0.0346
-3.3447,-2.1261,7.2377,-0.0508,-0.1320,-0.0328,-6.3087,-3.3160,4.8914,-0.0284,-0.1647,-0.0496
-3.1005,-2.0853,6.9456,-0.0606,0.0218,-0.0207,-6.0621,-3.2441,4.8794,-0.0400,0.0853,-0.0028
-3.0598,-2.1404,7.0437,-0.0869,0.0843,0.0338,-5.9544,-3.3184,4.8746,-0.0814,0.0436,0.0826
-3.9217,-2.2003,7.4986,-0.0958,0.0942,-0.0330,-6.6870,-3.3279,5.0159,-0.0225,0.1647,-0.0207
-3.3423,-2.1069,7.1323,-0.0428,-0.2316,-0.0200,-6.2177,-3.2585,4.7262,-0.0302,-0.2806,-0.0667
-3.0358,-2.0830,6.8857,-0.0934,0.0753,0.0112,-6.0454,-3.2561,4.9512,-0.0711,0.0510,0.0626
-3.4548,-2.2553,7.3454,-0.0853,0.1398,0.0025,-6.4069,-3.3591,4.8363,-0.0497,0.1568,0.0228
-3.4572,-2.0997,7.2137,-0.0826,-0.0493,-0.0079,-6.3015,-3.1963,4.8028,-0.0557,-0.1259,0.0043
-3.2968,-2.1596,7.1682,-0.0761,0.0200,-0.0148,-6.2465,-3.1915,4.8602,-0.0433,0.0302,0.0068
-3.3926,-2.2051,7.1706,-0.0746,-0.0105,-0.0077,-6.3183,-3.2441,4.7692,-0.0460,-0.0075,0.0001
-3.2968,-2.1237,7.0078,-0.0738,-0.0092,-0.0079,-6.2058,-3.2537,4.8291,-0.0492,-0.0036,0.0041
-3.3854,-2.1572,7.2065,-0.0715,-0.0028,-0.0124,-6.3710,-3.2370,4.9009,-0.0445,0.0121,-0.0053
-3.3160,-2.1835,7.0509,-0.0694,0.0232,-0.0060,-6.2010,-3.2106,4.6783,-0.0556,0.0322,0.0199
-3.5362,-2.1835,7.1251,-0.0541,-0.0430,-0.0023,-6.3614,-3.2082,4.8650,-0.0408,-0.0529,-0.0104
-3.2633,-2.1620,7.2472,-0.0833,0.0141,-0.0147,-6.2273,-3.2609,4.7645,-0.0474,0.0669,0.0061
-3.5602,-2.1380,7.1922,-0.0734,-0.0053,-0.0099,-6.3446,-3.2705,4.7214,-0.0473,-0.0043,0.0019
-3.4141,-2.1452,7.1012,-0.0711,-0.0048,-0.0077,-6.3039,-3.2106,4.7022,-0.0448,-0.0052,-0.0017
-3.3423,-2.1404,7.1132,-0.0721,-0.0294,-0.0145,-6.3638,-3.2250,4.8387,-0.0470,-0.0160,-0.0061
-3.5889,-2.1093,7.3095,-0.0767,-0.0113,-0.0277,-6.4356,-3.3255,4.7740,-0.0345,0.0342,-0.0211
-3.4261,-2.0830,7.1036,-0.0685,-0.0533,-0.0075,-6.2680,-3.2250,4.9105,-0.0413,-0.0384,-0.0059
-3.3447,-2.1787,7.2257,-0.1003,0.0873,-0.0031,-6.3159,-3.3184,4.7884,-0.0597,0.1132,0.0400
-3.6129,-2.1356,7.1347,-0.0743,-0.0061,-0.0011,-6.4308,-3.1963,4.8626,-0.0501,-0.0229,0.0133
-3.4788,-2.1237,7.1491,-0.0851,-0.0007,-0.0196,-6.3518,-3.3040,4.7812,-0.0405,0.0346,0.0016
-3.5243,-2.0973,7.0437,-0.0754,0.0004,-0.0075,-6.3877,-3.2394,4.8602,-0.0468,-0.0005,0.0032
-3.4764,-2.1093,7.0126,-0.0675,-0.0261,-0.0111,-6.3782,-3.1675,4.7285,-0.0461,-0.0193,-0.0089
-3.5267,-2.1284,7.1682,-0.0706,-0.0077,-0.0159,-6.3111,-3.2130,4.7262,-0.0424,0.0109,-0.0060
-3.5578,-2.2146,7.1084,-0.0842,0.0028,-0.0080,-6.3494,-3.2705,4.7908,-0.0422,0.0342,0.0036
-3.4812,-2.0782,7.1587,-0.0803,-0.0183,-0.0200,-6.3542,-3.2465,4.8459,-0.0416,-0.0005,-0.0028
-3.5171,-2.1021,7.0701,-0.0713,-0.0089,-0.0111,-6.3303,-3.1915,4.8387,-0.0457,-0.0007,-0.0028
-3.5578,-2.1715,7.1730,-0.0773,-0.0053,-0.0189,-6.4069,-3.3208,4.7980,-0.0417,0.0296,-0.0057
-3.4979,-2.1189,7.0701,-0.0737,-0.0414,-0.0081,-6.4165,-3.2465,4.7884,-0.0484,-0.0284,-0.0107
-3.5147,-2.1548,7.2209,-0.0713,0.0163,-0.0120,-6.3446,-3.2513,4.7740,-0.0470,0.0414,-0.0011
-3.4716,-2.1715,7.1299,-0.0806,-0.0116,-0.0172,-6.4021,-3.2920,4.7836,-0.0442,0.0080,-0.0029
-3.5027,-2.1620,7.0797,-0.0725,-0.0238,-0.0077,-6.2991,-3.2058,4.8459,-0.0478,-0.0176,0.0045
-3.4907,-2.1979,7.1994,-0.0770,0.0093,-0.0056,-6.4524,-3.2633,4.6998,-0.0410,0.0406,-0.0001
-3.4836,-2.0877,7.1395,-0.0717,-0.0069,-0.0012,-6.3614,-3.2346,4.7357,-0.0581,-0.0067,0.0072
-3.5817,-2.1668,7.1443,-0.0834,0.0426,-0.0088,-6.4380,-3.2346,4.7692,-0.0448,0.0703,0.0092
-3.3208,-2.2051,7.0366,-0.0989,-0.0250,0.0322,-6.1699,-3.2370,4.8195,-0.0657,-0.0434,0.0273
-3.5674,-2.0303,6.9647,-0.0882,0.1733,0.0000,-6.3853,-3.1891,4.7405,-0.0646,0.1825,0.0516
-4.3503,-2.1955,7.3861,-0.0743,0.0731,-0.0301,-7.0054,-3.2130,4.6040,-0.0044,0.1375,-0.0478
-3.3950,-1.9920,6.5074,0.0722,-0.1847,0.0043,-6.1459,-3.1149,4.5107,-0.0557,-0.4034,0.0108
-3.6583,-2.1045,6.9073,-0.1202,0.2096,-0.0580,-6.4500,-3.1939,4.6232,-0.0412,0.3721,0.0344
-3.7493,-2.2003,7.1299,-0.0909,-0.0783,0.0184,-6.5050,-3.1795,4.6878,-0.0610,-0.1780,0.0196
-3.4477,-2.1069,6.8738,-0.1005,0.0537,0.0242,-6.3327,-3.0933,4.5777,-0.0560,0.1066,0.0333
-3.9337,-2.1979,7.1491,-0.1367,0.1490,-0.0185,-6.8043,-3.2250,4.6328,-0.0605,0.1939,0.0449
-3.7972,-2.1668,6.9432,-0.0763,-0.0777,0.0171,-6.5146,-3.1580,4.4700,-0.0576,-0.1238,0.0056
-3.7493,-2.1883,6.9959,-0.0962,0.1320,-0.0093,-6.5290,-3.1939,4.4604,-0.0478,0.1793,0.0624
-3.8690,-2.1979,6.9599,-0.1006,0.0601,-0.0193,-6.2537,-3.1149,4.5562,-0.0584,0.0208,0.0584
-3.9361,-2.2242,6.9025,-0.0616,0.0172,0.0040,-6.7062,-3.1747,4.4604,-0.0458,-0.0240,0.0155
-3.9169,-2.1500,6.8043,-0.0883,0.1270,-0.0012,-6.6942,-3.1843,4.5155,-0.0573,0.1623,0.0386
-3.9911,-2.2051,6.8929,-0.0358,0.1266,-0.0468,-6.7804,-3.1077,4.3646,-0.0561,0.0934,0.0348
-4.2952,-2.1476,6.7995,-0.0445,-0.0312,-0.0132,-6.9671,-3.1244,4.4412,-0.0405,-0.0069,-0.0137
-4.0079,-2.1931,6.8163,-0.1095,0.0789,-0.0229,-6.7636,-3.1436,4.3000,-0.0440,0.1727,0.0286
-3.9217,-2.1500,6.8115,-0.1062,0.0501,0.0013,-6.7205,-3.2130,4.2904,-0.0662,-0.0016,0.0344
-4.1061,-2.2194,6.9049,-0.0969,0.0604,0.0024,-6.8450,-2.9856,4.1970,-0.0569,-0.0040,0.0208
-4.0797,-2.2601,6.8283,-0.0995,0.0414,0.0035,-6.8163,-3.0909,4.2904,-0.0484,0.0683,0.0180
-3.9911,-2.1907,6.6918,-0.0501,-0.1436,0.0084,-6.7445,-3.0765,4.2473,-0.0437,-0.1775,0.0100
-4.2353,-2.0997,6.8139,-0.0869,0.0805,-0.0195,-6.8426,-3.0311,4.2808,-0.0392,0.1720,0.0274
-4.1659,-2.1739,6.6487,-0.1031,0.0636,-0.0028,-6.8091,-3.0550,4.2329,-0.0662,0.0761,0.0489
-4.3191,-2.2482,6.8809,-0.0903,0.0911,-0.0013,-6.9863,-2.9975,4.1587,-0.0569,0.0241,0.0384
-4.2784,-2.1883,6.6511,-0.0694,0.0211,0.0274,-6.8833,-3.0957,4.2808,-0.0516,-0.0043,0.0241
-4.1396,-2.1476,6.4284,-0.0881,0.1864,-0.0552,-6.8690,-3.0981,4.2210,-0.0702,0.2577,0.0682
-4.3527,-2.2553,6.8977,-0.1079,0.1372,-0.0268,-7.0653,-2.9736,4.1922,-0.0576,0.1208,0.0532
-4.6160,-2.3176,6.8354,-0.0858,-0.0209,-0.0004,-7.1706,-3.0670,4.1539,-0.0376,-0.0145,-0.0115
-4.3574,-2.1500,6.5817,-0.0476,-0.1102,0.0013,-6.9025,-2.9353,4.1156,-0.0325,-0.1164,-0.0218
-4.4724,-2.2314,6.7038,-0.0766,0.0398,-0.0200,-7.0246,-3.0837,4.0797,-0.0365,0.0975,-0.0028
-4.3886,-2.1907,6.6056,-0.0825,-0.0322,-0.0057,-6.9983,-2.9712,4.0773,-0.0533,-0.0322,0.0024
-4.5538,-2.2051,6.6918,-0.0697,-0.0027,-0.0109,-7.1347,-3.0287,4.1779,-0.0388,0.0200,-0.0093
-4.2904,-2.2529,6.5625,-0.0890,0.0282,-0.0160,-6.9121,-3.0382,4.1180,-0.0444,0.0561,0.0163
-4.4149,-2.2745,6.6822,-0.0550,-0.0621,0.0069,-7.0797,-3.0239,4.1132,-0.0406,-0.0707,-0.0185
-4.5801,-2.2170,6.6487,-0.0869,0.0382,-0.0215,-7.1204,-2.9808,4.0749,-0.0278,0.1422,-0.0115
-4.3574,-2.2098,6.5912,-0.0698,-0.0514,-0.0021,-7.0030,-3.0023,4.0486,-0.0548,-0.1163,-0.0008
-4.5274,-2.2434,6.8498,-0.0549,-0.0250,-0.0097,-7.1587,-3.0167,4.1037,-0.0268,0.0420,-0.0269
-4.3048,-2.1548,6.5936,-0.0870,0.0598,-0.0144,-7.0030,-2.9999,4.0414,-0.0416,0.1442,0.0128
-4.4388,-2.2242,6.7469,-0.0561,-0.0336,-0.0193,-7.0557,-3.0311,4.0414,-0.0505,-0.0612,-0.0064
-4.3981,-2.1931,6.5984,-0.0572,-0.0368,-0.0071,-7.0006,-2.9951,4.1492,-0.0412,-0.0474,-0.0068
-4.5179,-2.2362,6.7301,-0.0797,0.0440,-0.0265,-7.1228,-3.1125,4.0151,-0.0336,0.1050,-0.0119
-4.3407,-2.1907,6.5649,-0.0686,-0.0838,-0.0069,-6.9552,-2.9616,4.0462,-0.0469,-0.1188,-0.0129
-4.3191,-2.2218,6.5290,-0.0979,0.0516,-0.0109,-6.9432,-3.0382,4.0654,-0.0582,0.0665,0.0212
-4.3335,-2.2529,6.6726,-0.0909,0.1046,-0.0266,-7.0174,-3.0239,4.0007,-0.0562,0.1142,0.0270
-4.5777,-2.2745,6.7133,-0.0681,-0.0444,-0.0072,-7.1539,-3.0215,4.0797,-0.0374,-0.0268,-0.0179
-4.4269,-2.2170,6.5864,-0.0787,0.0077,-0.0151,-7.0461,-2.9928,4.0079,-0.0448,0.0433,0.0085
