-2.5522,8.0828,2.6767,1.0495,-0.3966,0.9872,-3.2848,6.5912,4.5466,0.8864,-0.3295,-0.3191
-2.0494,8.4084,2.0542,0.7729,-0.0132,1.0320,-2.6743,6.8450,4.5514,0.5914,-0.1852,-0.0725
-1.3264,9.0477,2.2841,0.7679,0.3199,1.3300,-3.9121,6.5242,3.9816,0.6066,1.2676,-1.0697
0.8380,9.0644,1.3862,0.6880,-1.4456,2.4267,-4.4508,6.7708,3.4596,0.7580,-0.8423,-0.6359
3.0598,9.2129,0.2873,0.8466,-0.1888,1.4578,-3.2992,7.6423,3.3160,0.6210,0.4470,-0.0144
2.5762,9.1626,-1.4150,0.1195,0.5473,-0.3151,-2.7773,9.0429,1.8866,-0.1889,0.0634,0.7618
2.8539,9.1674,-0.3950,-0.0690,0.9677,-2.1041,-3.9313,7.6423,2.1021,-1.2828,1.2632,1.0985
1.5850,9.1961,-2.2218,-0.5770,1.2540,-3.2830,-6.5194,5.5785,4.1827,-2.1032,0.5195,4.2397
1.3240,7.1826,0.5986,-1.9224,0.3527,-4.3657,-0.9313,5.3008,5.4564,-3.3156,-0.0733,4.3656
-5.3989,5.8227,1.5371,-2.3507,0.9030,-3.2353,2.1907,6.3231,4.1420,-0.8266,4.3656,2.1425
-7.2640,5.1188,3.5291,-3.5313,0.3984,-2.5401,-1.4629,5.6934,5.3175,-1.7946,4.3656,1.4959
-8.0900,4.4604,3.7757,-0.3092,-0.1800,-0.2657,-4.1468,5.2912,6.1435,-2.0351,-0.2614,0.4979
-3.9361,3.7709,3.3567,-1.3214,-0.2479,-0.6478,0.3543,4.3503,8.6574,-0.5125,0.9951,0.2896
-7.5130,4.4436,4.9608,-0.6868,-0.6767,-0.1282,-3.4812,4.8100,5.7796,-0.7352,0.5433,-0.0839
-6.0837,4.2952,3.5075,-0.4803,0.0985,-0.1026,-2.4445,4.8100,5.7437,-0.1138,0.4327,-0.0723
-7.0461,3.8499,5.4755,-0.6266,-0.2892,0.0923,-4.0438,4.1635,7.2808,-0.2791,0.6029,0.0334
-6.0956,3.4405,2.5809,-0.3308,-0.4746,0.0085,-4.0558,4.1348,6.3590,-0.3601,0.3917,-0.1215
-6.3375,3.3998,5.5881,-0.1479,-0.0573,-0.0533,-3.6871,4.3024,5.9065,-0.4251,0.2318,-0.2037
-6.3782,3.5698,3.5099,0.2411,0.0238,0.0212,-5.0206,3.9456,6.3877,-0.0005,-0.4383,-0.2224
-7.4747,3.9624,2.9951,-0.1090,-0.0782,-0.0949,-4.9560,4.5035,5.7006,-0.4398,0.1803,-0.1002
-6.7516,3.8762,4.9704,0.0597,0.0525,-0.0135,-5.2481,3.7685,7.1922,0.0891,0.1568,-0.1920
-6.2872,3.5458,5.6360,-0.4269,-0.0942,-0.0245,-4.4700,3.4955,7.7452,0.0565,0.5169,-0.0636
-6.2560,3.7086,2.9856,-0.1115,-0.1423,-0.0910,-4.5681,3.9576,6.2489,0.2734,-0.1005,-0.2538
-7.1323,3.4285,5.2241,-0.0340,0.3128,0.0452,-4.3048,4.5274,5.1260,0.0698,0.1777,0.1025
-6.7253,3.2394,3.7014,-0.0188,-0.0946,0.0385,-4.5586,4.2593,5.2146,-0.1753,0.2399,0.0538
-7.4436,3.3064,3.6512,-0.7036,0.0438,-0.2329,-4.0630,5.1715,3.3806,-0.3307,0.6847,0.5942
-6.8761,3.1149,3.4692,-0.2655,0.0356,0.2020,-4.0055,4.5729,6.6176,-0.2745,0.1095,0.1855
-6.9336,3.5195,5.4612,-0.5244,0.1723,-0.2806,-4.9129,4.2569,7.3861,0.3359,0.7838,-0.1763
-7.1467,3.5314,5.4684,-0.3392,0.4060,-0.4898,-5.1787,4.4628,6.4500,0.3964,0.5648,-0.2397
-6.9647,3.0526,3.7038,-0.1202,0.2206,-0.1491,-4.6160,4.5777,5.7964,0.2129,0.0821,0.0434
-8.1475,3.2944,3.4165,0.1439,0.4991,-0.2245,-7.0246,4.8746,4.0582,0.3926,0.1555,0.1833
-6.7588,2.7749,4.0630,-0.1508,0.0883,-0.1875,-5.1068,4.5179,5.3295,0.1763,0.2502,-0.0161
-8.7867,2.7438,4.2521,-0.0548,0.4583,-0.4259,-8.0828,5.7461,4.1515,0.6903,0.4802,-0.0320
-9.2320,2.9209,4.4772,-0.0053,0.3862,-0.1491,-6.4093,6.1627,5.4516,0.3432,0.2340,0.1743
-7.6902,3.8499,2.6911,0.2125,0.3770,-0.1364,-4.5657,5.9568,5.4253,0.3668,-0.2061,0.2475
-7.2401,3.7038,2.0207,0.0778,0.3445,-0.4415,-2.8036,5.9209,4.5777,0.5983,-0.0320,0.0865
-7.6998,2.7749,2.6432,0.2794,0.3420,-0.5363,-4.0342,5.8538,3.7661,0.7314,-0.0636,-0.1103
-8.3893,2.1452,1.9369,0.0654,0.3243,-0.6832,-5.1643,6.1387,3.4692,0.7679,0.4923,-0.2863
-8.6455,1.5658,2.2553,0.0967,0.2048,-0.5509,-6.4284,5.9568,2.6983,0.5593,0.0918,-0.1863
-8.7340,1.3791,2.8467,0.0434,0.3651,-0.4796,-6.5769,6.1244,2.6839,0.4501,0.3641,-0.0064
-8.7508,1.0247,1.3264,0.1974,0.3596,-0.2589,-5.9472,6.5170,2.6647,0.4842,-0.1664,-0.0152
-8.5904,0.9242,1.5993,-0.0657,-0.0297,-0.1966,-5.3582,6.7229,2.6528,0.1238,0.1009,-0.0620
-8.9854,1.2809,1.7142,-0.2582,0.1675,-0.3044,-5.9161,6.8690,3.0335,0.1587,0.4451,-0.0645
-9.3446,1.4700,2.5019,-0.4032,0.0478,-0.3692,-6.2297,6.7325,3.5171,0.2042,0.2948,-0.1037
-9.5720,1.3288,1.2713,0.1492,0.3425,-0.4398,-5.8730,7.1658,1.1995,0.4982,-0.1046,-0.1575
-8.8921,1.0726,2.2218,0.0805,0.0400,-0.0994,-6.0238,6.3159,3.0454,0.2753,-0.0141,-0.0991
-8.2432,1.1229,1.2641,-0.0108,0.1815,-0.3104,-5.2577,6.3159,1.8890,0.3736,0.1073,-0.0686
-8.7580,0.3424,1.5275,-0.1065,0.2185,-0.3313,-5.8562,6.3614,1.0127,0.3015,0.2253,-0.0650
-7.7117,0.3687,1.5754,-0.0233,0.0545,-0.3167,-5.0470,6.1004,1.4126,0.2038,0.0402,-0.1655
-8.5210,0.0000,2.5929,-0.1522,-0.1376,-0.3080,-6.2201,5.7102,2.1811,0.0750,0.1947,-0.4033
-8.2289,-0.3807,1.6113,-0.0080,0.0024,-0.3838,-5.7772,6.1627,0.6608,0.4104,-0.0027,-0.2533
-8.6119,-0.4549,1.4006,-0.3162,-0.1448,-0.3146,-6.0525,6.1363,0.3543,-0.0885,0.4766,-0.1745
-8.1283,-0.3615,1.5586,-0.3521,-0.2723,-0.2633,-6.9983,5.4947,1.4916,-0.1332,0.3667,-0.2839
-9.2296,-1.3216,1.6089,-0.2076,-0.2614,-0.1258,-7.4436,6.3686,0.2155,-0.0862,0.4286,-0.2693
-7.1922,-1.0558,1.4006,-0.3194,-0.7033,0.2817,-6.8163,5.0254,1.4916,-0.6897,-0.1825,-0.2172
-8.4013,-1.1995,3.5674,-0.5604,-0.3084,0.0917,-8.3270,4.9105,1.0942,-0.4161,0.4824,-0.1031
-7.9224,-1.2594,2.1500,-0.5453,-0.2553,0.1307,-7.2568,5.3175,1.1277,-0.4289,0.1939,-0.0729
-8.7173,-1.3312,2.4349,-0.4501,-0.0517,0.2418,-7.6662,5.7102,0.0383,-0.3143,0.1099,0.0786
-8.8083,-1.1229,2.8539,-0.3541,-0.3285,0.4878,-7.3813,5.3822,0.5028,-0.6199,-0.0794,0.0537
-7.6567,-0.6800,2.9951,-0.3635,-0.4708,0.3952,-8.1930,4.8267,1.8842,-0.3869,0.0914,0.0037
-8.0134,-0.3926,2.4229,-0.4198,-0.4616,0.5576,-6.5721,5.2816,1.0343,-0.8112,-0.2162,-0.0466
-7.7955,-0.0934,3.8188,-0.3271,-0.1631,0.5356,-7.7021,4.5633,2.0016,-0.5925,-0.1523,0.1671
-8.2456,0.1604,3.8451,-0.3328,-0.2846,0.4639,-7.8626,4.5538,2.3104,-0.5776,0.1071,0.1118
-7.9320,0.2059,4.1803,-0.3933,-0.3826,0.3516,-8.7173,4.3598,2.8826,-0.5029,0.2625,-0.1616
-7.7620,0.8763,4.0199,-0.1482,-0.1915,0.3619,-6.5218,4.7740,2.7390,-0.5053,-0.1933,0.0588
-7.2760,0.9050,4.4987,0.0116,-0.1964,0.4631,-7.9966,4.0989,4.2186,-0.3453,-0.3793,0.0738
-7.3622,1.1875,4.3886,-0.1094,0.1002,0.2597,-6.5505,4.5993,2.6791,-0.2487,0.0084,0.2230
-7.9009,0.8787,4.6160,0.2084,-0.0981,0.4303,-7.3789,4.5777,3.1364,-0.2737,-0.4521,0.1116
-8.0709,0.9864,4.1108,-0.1236,0.2992,0.0893,-7.7620,4.7357,3.3303,-0.0055,0.2491,0.2152
-7.8841,1.4772,4.8171,0.2930,-0.0045,0.3924,-6.4883,4.6663,3.3878,-0.1873,-0.5930,0.1410
-6.5050,2.1739,4.4221,0.2201,-0.0258,0.2751,-5.8658,4.1444,5.2744,-0.0453,-0.4632,0.1188
-7.3981,2.4852,4.7549,0.4395,0.0392,0.1380,-6.2680,4.6543,4.7118,0.1382,-0.5400,0.0489
-7.3454,2.4157,4.1468,0.6009,0.0946,-0.0589,-6.5529,4.8291,4.4891,0.4255,-0.4758,-0.0771
-7.2185,1.8818,3.7302,0.5602,0.1816,-0.1885,-5.7796,4.7477,3.8595,0.5085,-0.4391,-0.0837
-7.0749,1.4461,3.7421,0.6812,0.1724,-0.1663,-5.7102,4.6807,3.8714,0.4775,-0.7081,-0.0195
-6.7588,1.5945,3.9720,0.5841,0.0645,-0.3833,-6.1316,4.2808,4.1084,0.6704,-0.2001,-0.1677
-7.3071,1.9896,3.9600,1.0451,-0.3002,0.0051,-5.4899,5.1356,3.5721,0.4353,-1.0487,-0.1537
-8.8538,2.7557,3.4931,0.9890,-0.0175,0.0859,-7.2544,5.7293,3.4285,0.4547,-0.7953,0.0264
-7.4412,2.8276,1.3048,1.5436,-0.2970,0.3961,-4.8554,5.8849,4.5777,0.4936,-1.5990,0.1909
-8.5712,3.6966,2.3343,1.4065,-0.0564,0.5187,-5.5282,6.4021,4.1539,0.4646,-1.6108,0.3424
-7.8626,4.1683,1.4365,1.2645,0.1811,0.2022,-4.0893,7.0006,4.2808,0.5903,-0.9348,0.2021
-7.4891,4.7333,1.4341,0.8104,0.5610,-0.0449,-2.9521,6.8570,4.0654,0.7456,-0.5594,0.2250
-8.1977,4.6759,0.4238,1.0336,0.1568,0.1491,-3.0095,7.3885,3.4596,0.6183,-0.9186,0.2070
-7.3646,4.7262,-0.7039,1.0893,0.0029,0.0328,-1.9968,7.6662,3.1508,0.6077,-1.0349,0.0021
-8.1499,5.0925,1.3695,0.9812,0.1528,0.0020,-2.3870,7.7883,3.7828,0.5906,-0.9321,-0.0163
-7.1012,5.0518,-0.6512,0.9453,-0.0458,-0.0558,-1.1349,7.7357,4.5825,0.6251,-0.9987,-0.1256
-8.1427,5.5186,0.4741,0.8051,0.0675,-0.0180,-1.6951,8.1523,3.3782,0.5201,-0.7565,-0.0240
-7.4412,5.2146,-1.3360,1.0609,-0.1699,0.0958,-0.8236,8.1738,3.0311,0.4779,-1.1670,-0.1367
-7.6662,5.2265,-1.6017,1.0519,-0.1009,0.0225,-0.2658,8.5018,2.4517,0.4299,-1.1950,-0.3043
-7.2520,5.2960,-2.3056,0.5966,-0.2104,-0.1832,-0.6464,8.1570,3.4524,0.3481,-0.5151,-0.3168
-7.4962,5.5617,-2.2960,0.7380,-0.3667,-0.0682,-0.2418,8.7077,2.5379,0.1825,-0.8148,-0.4330
-8.1882,6.0861,-0.3352,0.1659,-0.0313,-0.5229,-1.8052,8.5617,3.8618,0.3920,0.2541,-0.4734
-8.2145,5.6264,-1.8172,0.6595,-0.4262,-0.3509,-1.1636,8.7556,2.9449,0.3545,-0.5838,-0.5084
-7.2592,5.3439,-0.9625,0.4533,-0.3272,-0.4411,-1.2282,8.2672,2.9832,0.4462,-0.4326,-0.5450
-7.4484,4.5777,-1.9225,0.6146,-0.4096,-0.3790,-1.4557,8.2193,2.1404,0.3019,-0.5167,-0.5776
-8.4515,3.9672,-0.1077,-0.0069,-0.2502,-0.5656,-2.5738,7.8793,1.8579,0.1675,0.3190,-0.5909
-8.2361,3.5458,-1.9800,0.0629,-0.3841,-0.3094,-2.4924,8.1211,1.6999,0.0079,0.0281,-0.4938
-9.3302,3.9552,-0.7207,-0.0717,-0.2081,-0.2120,-3.6320,8.4851,2.0566,-0.0821,-0.0129,-0.3713
-8.7987,3.9911,-0.8332,-0.0161,-0.2679,-0.0075,-2.6743,8.4898,2.6169,-0.1283,-0.1531,-0.2202
-8.9998,4.0223,-0.7590,-0.1549,-0.1952,-0.0718,-3.4022,8.3510,2.6911,-0.1464,0.1334,-0.1609
-8.4491,3.9289,-0.9888,0.0384,-0.3596,0.0502,-2.4852,8.3246,2.6049,-0.2109,-0.1748,-0.2133
-8.7101,4.0414,-0.0742,-0.0236,-0.1271,-0.0167,-3.1580,8.0589,2.5187,-0.0785,-0.0172,-0.1392
-8.2384,4.2186,-0.8164,-0.0943,0.0072,-0.0248,-2.9616,8.0852,2.4948,-0.1188,0.1308,-0.0369
-8.5138,4.6017,-1.1013,0.2477,-0.2964,0.0877,-2.6121,8.5784,2.5618,-0.0222,-0.5084,-0.0713
-8.6119,4.4939,-0.8667,0.0522,-0.0199,-0.0861,-2.3631,8.5186,2.4948,0.0079,-0.1711,-0.0991
-8.0900,3.9145,-2.3798,-0.1063,-0.0805,-0.1681,-2.1452,8.4372,1.7071,-0.0089,0.2292,-0.1418
-9.0812,4.1635,0.0455,-0.2138,-0.0907,-0.0994,-2.5498,8.5760,1.4269,-0.2076,0.2651,-0.2617
-8.0517,3.6919,-1.8364,0.0277,-0.3949,0.0112,-2.7078,8.0086,2.8539,-0.2519,-0.1226,-0.2848
-9.8186,4.1492,1.7789,0.2920,-0.3906,0.3195,-4.8818,7.7835,2.6264,-0.3405,0.1432,-0.2699
-7.5705,4.3958,-1.3240,-0.1255,-0.3617,0.1479,-3.1292,7.2999,4.0318,-0.3559,0.4434,-0.1382
-8.6000,4.8746,2.0111,-0.2102,-0.2097,0.0252,-4.0534,7.4244,4.1204,-0.2870,-0.0242,-0.1079
-7.3526,4.7669,-0.8787,-0.0556,-0.2914,0.0605,-2.9736,7.1156,4.2665,-0.1940,-0.2581,-0.1379
-7.9823,4.8243,0.7829,-0.2301,0.0633,-0.1264,-3.8451,7.1132,4.3000,-0.0532,0.4197,-0.0513
-7.6207,4.3646,-0.3160,-0.3255,-0.0585,-0.1395,-2.9880,7.1563,2.8778,-0.1304,0.3348,-0.1294
-8.0230,4.1276,1.2977,-0.2113,-0.1019,-0.0003,-3.8499,6.8307,3.2441,-0.2146,0.0187,-0.1042
-7.2688,3.9456,0.0838,-0.6879,-0.1680,0.0087,-3.6799,6.5769,2.9209,-0.4064,0.5236,-0.0999
-7.8410,3.8523,0.6057,-0.3457,-0.4054,0.3592,-4.7740,6.3518,3.4069,-0.6290,0.1071,0.0188
-6.7038,4.5298,0.1125,-1.1098,-0.0184,-0.0524,-1.9513,6.9743,4.3934,-0.4596,0.8523,-0.0286
-7.9559,4.6687,1.9058,-1.1927,-0.1099,-0.1647,-4.2042,6.9001,5.0159,-0.5630,0.9820,-0.0270
-7.8099,4.3742,1.0271,-1.1008,-0.0157,-0.3243,-4.2138,6.8019,4.1563,-0.3909,1.1307,-0.1415
-7.9080,3.6296,1.4365,-0.4018,-0.4479,-0.0526,-4.8650,6.3063,3.7757,-0.3908,-0.1976,-0.2994
-7.5753,3.5745,2.4565,-0.5983,-0.2365,-0.1430,-5.1020,5.8514,4.0821,-0.3380,0.3877,-0.2707
-7.1036,3.5889,2.3870,-0.5449,-0.1895,-0.1520,-4.6208,5.6383,4.3646,-0.3002,0.3901,-0.2248
-7.9727,3.3974,3.2178,-0.5812,-0.0300,-0.3484,-5.6886,5.6862,3.8738,-0.1155,0.6095,-0.2878
-7.9703,2.7988,2.8946,-0.6019,-0.0687,-0.3800,-6.0071,5.7509,3.8355,-0.1296,0.6290,-0.2862
-8.2720,2.3535,2.7581,-0.7469,0.1288,-0.5217,-6.2058,5.8275,3.1460,-0.0713,0.9154,-0.2149
-8.6000,1.7406,2.8754,-0.5637,0.0397,-0.3433,-7.0437,5.7509,2.2769,-0.1077,0.6161,-0.2703
-8.1427,1.3024,3.7661,-0.4940,-0.0212,-0.1552,-6.6702,5.3199,2.8395,-0.2309,0.4137,-0.1352
-7.6303,1.5227,3.4117,-0.5977,0.0306,-0.2186,-6.2177,4.9680,2.8299,-0.2373,0.5245,-0.0879
-8.2528,1.5155,3.7062,-0.3067,0.0380,-0.1490,-7.0126,5.0159,2.4110,-0.1689,0.3160,-0.0529
-7.8290,1.2306,2.7198,-0.2879,0.1127,-0.1168,-6.9168,5.1092,2.5187,0.0025,0.2875,0.0606
-8.4300,1.0654,3.5650,-0.3950,0.0985,-0.1096,-6.9049,5.2098,2.2122,-0.1436,0.4422,0.0674
-7.6854,0.8715,2.7557,-0.2842,0.1949,-0.0528,-5.9448,5.0135,2.9688,-0.0648,0.1843,0.1003
-8.4707,0.9146,2.6552,-0.2830,0.2136,-0.0386,-7.6974,5.1954,1.8100,-0.0859,0.4294,0.1296
-7.6567,0.7925,2.9401,-0.2045,0.1374,0.0233,-5.7030,5.1068,2.4493,-0.1747,0.0738,0.1112
-8.5234,0.4669,2.6121,-0.3556,0.4084,-0.2158,-7.0390,5.4157,1.1540,-0.0273,0.5858,0.0971
-8.8801,0.2586,3.1699,-0.3352,0.0506,-0.2073,-7.9703,5.2146,1.0654,-0.1978,0.6006,-0.1022
-7.6806,0.2035,1.8148,-0.3411,-0.0825,-0.1941,-7.1443,4.8171,2.3703,-0.1187,0.0819,-0.1580
-9.1363,0.3160,2.5402,-0.2294,-0.2542,-0.1280,-7.4555,5.4731,0.9361,-0.1326,0.0320,-0.2867
-8.4300,0.0862,2.2505,-0.2864,-0.1380,-0.1223,-7.7716,4.9919,1.8076,-0.1392,0.3088,-0.1705
-8.4731,0.1389,2.6145,-0.2891,-0.0963,-0.0526,-7.3717,5.2457,1.1756,-0.2046,0.1506,-0.1174
-8.1858,-0.1053,2.4828,-0.3122,-0.0385,-0.0458,-7.3191,5.1188,1.0894,-0.2373,0.1079,-0.0886
-8.2744,-0.1460,2.4780,-0.1955,-0.1015,0.0250,-7.9535,4.7932,1.1636,-0.2010,0.0600,0.0201
-8.6718,-0.3663,2.5738,-0.3778,-0.0377,-0.0430,-8.5976,4.7166,0.9744,-0.1705,0.4814,0.0316
-8.5353,-0.8739,2.1380,-0.5562,0.2169,-0.2386,-7.6447,5.1906,-0.1293,-0.0915,0.6420,0.0165
-7.8913,-0.7973,2.6145,-0.5572,-0.0632,-0.1063,-7.0988,4.6615,0.8619,-0.4299,0.0610,-0.1224
-8.1690,-0.7398,3.7326,-0.5295,-0.0942,-0.0112,-8.6000,4.1204,1.4246,-0.2938,0.4461,0.0087
-8.2624,-0.8930,2.9497,-0.3575,-0.1400,0.0136,-8.6095,4.1587,0.3184,-0.3504,0.3243,-0.1255
-8.5377,-1.1372,3.4189,-0.2694,-0.0009,0.0282,-8.3199,4.6543,0.1891,-0.2326,0.1046,0.0143
-9.1004,-1.2115,2.0949,-0.5502,-0.0015,0.0833,-8.6335,4.7597,0.1676,-0.2406,0.2727,-0.0211
-8.2624,-0.9098,3.5458,-0.3718,-0.2212,0.2286,-8.5234,4.1899,1.8411,-0.5279,0.0281,0.0330
-8.3653,-0.8787,2.7366,-0.3752,-0.1071,0.1085,-8.7556,4.3407,0.9888,-0.3200,0.0695,0.0329
-8.6143,-1.0774,3.1196,-0.2691,-0.1745,0.0232,-8.9998,4.3718,0.8308,-0.1559,0.3748,-0.0906
-8.0541,-0.8332,2.8946,-0.3011,-0.0268,0.0051,-8.2720,4.2497,1.1468,-0.1074,0.1038,0.0201
-8.5569,-0.9840,3.6631,-0.2397,-0.0128,0.1223,-8.5305,4.3096,0.5914,-0.2292,0.0460,0.0823
-8.6024,-0.9242,3.0765,-0.2594,0.1151,0.0802,-9.0094,4.3934,0.8643,-0.1386,0.2270,0.1673
-8.0541,-0.5315,2.7821,-0.1447,-0.0590,0.1808,-7.4603,4.7142,0.6776,-0.2831,-0.3258,0.0882
-8.2839,-0.4645,3.3040,-0.0710,0.1271,0.2401,-7.7045,4.5490,0.9697,-0.2670,0.0088,0.1556
-7.7716,-0.4238,2.5498,-0.2101,0.0937,0.1118,-7.5082,4.5394,1.1540,-0.1935,-0.0044,0.1787
-7.6614,-0.6416,2.9592,-0.1132,-0.0274,0.1314,-7.5441,4.4317,1.5251,-0.1820,-0.3954,0.1010
-8.0086,-0.5004,2.6815,-0.1280,-0.0927,0.0333,-8.0685,4.3981,0.9218,-0.1892,-0.0562,0.0063
-8.2097,-0.4477,2.7246,-0.0670,0.0000,0.0846,-7.4436,4.7333,0.8404,-0.0893,-0.1366,0.1081
-8.6191,-0.9625,2.4612,-0.1138,0.0276,0.1078,-8.7388,4.5993,0.6656,-0.0372,0.1154,0.1042
-9.3158,-1.3527,2.8036,-0.1828,0.1272,0.1322,-8.3893,5.0589,-0.3974,-0.1957,0.2669,0.0837
-9.1291,-1.6472,2.2170,-0.2022,0.0532,0.2140,-9.1291,4.9895,-0.5148,-0.2491,-0.1661,0.2021
-9.3206,-1.7095,2.2338,-0.3878,0.0440,0.3262,-9.0692,5.0446,-0.6009,-0.3656,0.2166,0.2482
-9.0836,-0.8691,2.8252,-0.3676,0.0039,0.4447,-8.4348,4.9129,0.1676,-0.4795,0.1524,0.3288
-8.5593,-0.2586,3.0981,-0.4064,0.0108,0.4728,-7.9775,4.7381,1.4222,-0.5895,0.0701,0.2794
-8.3031,-0.0527,2.9353,-0.5155,0.1615,0.3709,-7.2760,5.0159,1.2115,-0.4267,0.1675,0.3660
-8.6191,-0.1030,2.8563,-0.4281,0.0087,0.4578,-7.7428,4.8554,1.1013,-0.5224,0.0325,0.3122
-7.7405,0.3855,3.4429,-0.5852,-0.1900,0.4405,-6.1172,4.7836,1.6161,-0.6211,0.0797,0.2300
-7.5872,0.4070,1.9848,-0.4104,-0.2805,0.5147,-7.2377,4.8123,1.4892,-0.5798,-0.2417,0.2499
-8.1499,0.5578,2.8706,-0.5236,0.0474,0.3921,-6.8929,5.0422,1.4437,-0.5624,0.1831,0.2538
-8.0206,0.5602,2.8467,-0.4030,-0.1037,0.5423,-7.4819,4.6711,1.9824,-0.6378,0.0309,0.3048
-8.5569,0.5052,3.2226,-0.4465,0.0222,0.4273,-7.8099,4.7549,1.8651,-0.4932,0.3014,0.3166
-7.6519,0.7207,2.9425,-0.4154,-0.0135,0.4076,-6.7732,4.7645,2.4828,-0.4546,0.0568,0.2693
-8.5281,0.5818,3.7134,-0.4021,-0.0671,0.4640,-7.3813,4.9752,1.9417,-0.5173,0.0432,0.2835
-7.9152,0.8045,1.7502,-0.5597,0.0361,0.3295,-7.6088,4.9919,2.2218,-0.5107,0.1191,0.2991
-8.3031,1.1085,2.9401,-0.4397,-0.0718,0.4944,-7.0246,5.2194,2.1524,-0.6354,-0.0905,0.2867
-8.4013,1.0511,2.9329,-0.6230,0.0831,0.3048,-7.4364,4.7645,3.5985,-0.5967,0.4393,0.2562
-7.9344,1.1708,3.4141,-0.5870,-0.0787,0.3223,-7.0246,4.6902,3.2753,-0.4952,0.2996,0.2686
-8.1307,1.5083,3.1675,-0.3877,-0.0083,0.4096,-6.6607,4.9871,2.7677,-0.4686,-0.0115,0.2817
-7.6136,1.6664,3.1627,-0.3508,0.0124,0.3463,-6.4500,4.6759,3.3854,-0.4397,0.0533,0.2358
-7.8386,1.6041,2.8826,-0.3066,0.1220,0.2990,-6.3494,5.1188,2.9592,-0.2711,-0.0177,0.3088
-7.7117,1.9800,2.7725,-0.2278,-0.0245,0.3615,-6.0813,5.1020,3.1340,-0.3539,-0.1363,0.2461
-8.1642,1.9704,2.6264,-0.2962,0.0353,0.3492,-6.3829,5.4372,2.8874,-0.3416,0.0445,0.2691
-8.0900,2.0782,2.6959,-0.3393,-0.0637,0.2750,-6.1100,5.3295,3.6057,-0.3706,0.0289,0.1723
-7.9942,2.2194,3.1915,-0.2677,-0.0151,0.2515,-6.5601,5.1858,3.5314,-0.3087,0.0593,0.1520
-8.1642,2.1524,3.3447,-0.2376,0.1053,0.2125,-6.3758,5.3534,2.9113,-0.2438,0.0612,0.1703
-8.2097,2.1045,3.1412,-0.2770,-0.0694,0.2118,-6.8905,5.1547,3.6631,-0.2629,0.1202,0.1847
-7.6926,2.3655,2.6073,-0.1739,-0.1380,0.1993,-5.7269,5.2241,3.2705,-0.2702,-0.1194,0.0881
-8.0038,2.0207,2.6504,-0.2068,-0.3664,0.3825,-6.1699,5.2241,4.3287,-0.3750,-0.2228,0.2421
-8.0206,2.3846,3.2681,-0.0790,0.0645,0.1824,-6.2489,5.3582,3.4884,-0.1932,-0.0906,0.1331
-7.7979,2.3415,3.6176,-0.1382,-0.0376,0.2280,-6.5673,5.0542,3.9265,-0.2014,0.0035,0.1992
-7.8338,2.2865,2.8395,-0.1631,0.0755,0.2332,-5.9137,5.2409,3.1412,-0.1875,0.0365,0.2094
-7.7405,2.3822,2.6695,-0.2182,0.0362,0.2113,-6.0190,5.1523,3.6655,-0.2209,-0.0320,0.2266
-7.4292,2.7533,2.9425,-0.1841,-0.0298,0.2855,-5.8419,5.0829,3.9672,-0.2611,-0.1214,0.2121
-7.4675,2.8754,2.9042,-0.2450,0.0137,0.2148,-5.1954,5.3463,3.7469,-0.2205,-0.0879,0.1604
-7.7117,2.8683,2.8683,-0.1179,-0.0805,0.2859,-5.5426,5.3295,4.1084,-0.2928,-0.1591,0.1573
-7.5322,3.4405,3.1603,-0.1707,-0.0249,0.2166,-5.5186,5.2170,4.5418,-0.2801,-0.0012,0.1235
-7.6231,3.3303,3.5051,-0.1707,0.0646,0.2202,-5.4181,5.2792,4.2832,-0.1973,-0.0155,0.2356
-7.1347,3.4860,3.4429,-0.0530,-0.1708,0.3003,-5.0182,5.0829,5.0254,-0.2044,-0.3031,0.1267
-7.3981,3.5769,3.1532,-0.0585,0.0164,0.1294,-5.0087,5.3989,4.4724,-0.1330,-0.0348,0.0755
-7.3334,3.5458,3.1939,-0.0489,0.0320,0.0655,-4.7333,5.5067,4.6088,-0.0572,-0.0975,0.0454
-7.6782,3.5482,3.0574,-0.0075,-0.0089,0.0865,-5.0685,5.4157,4.4532,-0.0652,-0.1522,0.0855
-7.7069,3.5506,3.2609,-0.0528,0.0530,0.0123,-5.3558,5.5402,4.3527,-0.0302,0.0213,0.0336
-7.2209,3.5291,2.9928,-0.0789,-0.0678,0.0645,-4.9560,5.3439,4.9464,-0.0861,-0.0175,0.0346
-7.1204,3.6392,3.2394,-0.0461,-0.0453,0.0246,-4.7285,5.2960,4.5562,-0.0569,-0.0835,0.0004
-6.9216,3.6559,2.8994,-0.0598,0.0366,-0.0416,-4.8530,5.1619,4.7645,-0.0103,0.0187,0.0041
-6.9576,3.7828,3.2657,-0.0217,-0.0518,-0.0769,-4.8076,5.1787,4.8578,0.0185,-0.0658,-0.0524
-7.3454,3.7062,3.5817,0.0021,0.0795,-0.1354,-4.8171,5.2744,4.7645,0.1090,-0.0093,-0.1034
-7.2880,3.6727,3.1651,0.0994,0.0370,-0.1867,-4.7573,5.4612,4.7980,0.1202,0.0558,-0.1292
-7.5489,3.6583,3.1220,0.0823,-0.0444,-0.2224,-5.3726,5.4708,4.7812,0.1708,0.0177,-0.1643
-7.5369,3.7110,3.4812,0.0869,-0.0264,-0.1980,-5.5091,5.4396,4.8554,0.1565,0.0353,-0.1705
-7.0006,3.7134,3.1819,0.1106,0.0156,-0.3252,-4.6878,5.3630,4.9752,0.2570,-0.0217,-0.2092
-7.3933,3.4668,2.7629,0.2617,0.0397,-0.4555,-6.2345,5.1236,5.1164,0.5407,0.0101,-0.1912
-7.7859,3.0670,3.0526,0.1595,0.2078,-0.3732,-5.1930,5.4827,4.0821,0.4303,0.0662,-0.1238
-7.3861,2.8491,2.3679,0.1964,0.0556,-0.4154,-4.5466,5.6527,3.8427,0.3969,-0.0809,-0.2168
-8.1259,2.7773,2.4086,0.2326,0.0393,-0.3348,-5.9209,5.7964,3.6224,0.3679,-0.0222,-0.1857
-8.1690,3.2010,2.3559,0.2081,0.0662,-0.3701,-5.2241,6.2704,3.7828,0.3445,-0.0478,-0.2260
-8.1475,3.2489,2.5786,0.1432,-0.0625,-0.3411,-5.4995,6.0573,3.9145,0.2761,0.0254,-0.2558
-7.9679,2.9521,2.4517,0.3293,0.0221,-0.3758,-5.7365,5.8323,4.0055,0.4571,-0.0707,-0.2069
-8.5066,2.5331,2.7749,0.2397,0.0541,-0.4680,-6.1699,6.0166,3.2250,0.4314,0.1310,-0.3012
-7.9679,2.3535,2.1213,0.3086,-0.0421,-0.3504,-5.5019,5.9185,2.7581,0.3641,-0.1426,-0.2415
-8.1068,2.2458,2.0830,0.3172,-0.1122,-0.2915,-5.5067,5.8275,2.6360,0.3281,-0.2486,-0.3008
-7.8386,2.2170,1.6305,0.3472,-0.1876,-0.2990,-5.3439,5.7988,2.5474,0.2693,-0.2666,-0.3428
-7.8099,2.2003,1.9632,0.2495,-0.1962,-0.4141,-5.5138,5.6599,2.9760,0.3255,-0.0827,-0.4446
-7.9655,2.1476,2.1715,0.3400,-0.3095,-0.3399,-5.7485,5.7748,2.7653,0.2422,-0.2821,-0.4622
-8.4635,1.8986,2.4948,0.3036,-0.1900,-0.3615,-6.3566,5.7461,2.5714,0.2783,-0.1246,-0.4133
-8.2983,1.6975,2.6911,0.2479,-0.2389,-0.3675,-6.4069,5.5186,2.8563,0.2132,-0.1414,-0.4554
-8.3773,1.5945,2.6001,0.2505,-0.2439,-0.2646,-6.5888,5.4492,2.5522,0.1632,-0.2125,-0.3766
-8.0278,1.5179,3.1436,0.2610,-0.2012,-0.2647,-6.9216,5.1739,2.7605,0.2269,-0.1447,-0.3252
-7.8266,1.5323,2.6528,0.2070,-0.2554,-0.1684,-6.6200,5.0733,2.7749,0.0903,-0.3315,-0.2876
-7.9535,1.1923,3.0311,0.1561,-0.1965,-0.3195,-7.0222,4.8985,2.5259,0.2109,-0.1386,-0.3014
-7.8841,1.1037,2.8611,0.1315,-0.2292,-0.2747,-7.0318,4.7453,2.7246,0.1203,-0.1927,-0.3122
-8.1930,0.9888,3.2250,0.0097,-0.1110,-0.3500,-7.5489,4.8291,2.2242,0.1825,0.1079,-0.2840
-8.2097,1.0822,3.3854,0.0769,-0.1070,-0.2831,-7.5753,4.7716,2.6264,0.1958,0.0608,-0.2646
-8.1187,1.0750,3.4572,0.1318,-0.1406,-0.2110,-7.5705,4.8243,2.2936,0.1675,-0.1588,-0.2044
-8.4180,0.9577,3.6751,0.1976,-0.1740,-0.0564,-8.1163,4.5873,2.6240,0.0710,-0.1408,-0.1491
-8.0517,1.1971,3.5554,0.1916,-0.1649,-0.0376,-7.3382,4.6519,2.5786,0.1035,-0.0779,-0.1204
-7.5729,1.1732,3.2106,0.1875,-0.1529,-0.1278,-6.8378,4.4724,3.0454,0.0931,-0.3056,-0.1804
-7.5753,1.0127,3.3543,0.1348,-0.1292,-0.1817,-7.1251,4.4029,2.7557,0.1339,-0.1937,-0.2273
-8.1570,0.8452,3.9935,0.1693,-0.0835,-0.1414,-7.5465,4.5490,2.2051,0.1286,-0.0414,-0.1549
-8.0589,0.5195,3.2058,0.1214,-0.0325,-0.2132,-7.6998,4.5777,1.9848,0.2137,-0.0705,-0.1571
-8.1092,0.8859,3.3519,0.0065,-0.1460,-0.1015,-6.9623,4.8698,2.2122,0.0027,-0.2554,-0.1455
-8.1163,1.0511,3.3710,-0.0120,-0.2108,0.0040,-7.4292,4.7238,2.4181,-0.1812,-0.1912,-0.1316
-7.7261,1.3001,3.7230,-0.0372,-0.1548,-0.0261,-7.3957,4.2377,3.1580,-0.1238,-0.0071,-0.1143
-8.0062,1.1444,3.9983,-0.0012,-0.0036,-0.0857,-7.7524,4.3862,2.9042,0.0488,0.0250,-0.0593
-8.0062,0.7087,4.2689,-0.0264,-0.0013,-0.1126,-8.1906,4.1994,2.9616,0.0921,0.1669,-0.0897
-8.2456,0.4286,4.5131,0.0671,0.2276,0.0486,-7.7141,4.6352,2.4517,0.1071,-0.0974,0.0432
-7.5824,0.8859,4.1707,0.0449,0.0526,0.0221,-7.6351,4.0677,2.9736,0.0071,-0.0789,0.0917
-7.3909,0.8787,3.8786,-0.0165,0.2611,-0.1092,-7.0844,3.9696,2.6719,0.1679,0.0933,0.1156
-7.0270,0.6345,3.9983,0.1500,0.1704,-0.1054,-7.1635,3.5937,2.3343,0.2160,-0.0452,0.0714
-7.3095,0.7111,3.0765,-0.0140,0.1645,-0.0833,-6.8785,4.0462,1.9393,0.1348,-0.0910,0.1039
-8.1451,1.2474,3.7661,0.1861,0.1167,0.0545,-7.8147,4.3574,2.6193,0.1190,-0.2470,0.1015
-7.9464,0.9481,3.9337,0.2699,0.0208,0.1154,-8.0230,4.1779,2.7318,0.0994,-0.1378,0.0281
-8.0780,1.5467,3.5338,0.3273,0.1311,0.1716,-6.7469,4.9512,2.6887,0.1535,-0.3913,0.1492
-8.2217,1.8483,3.7757,0.4173,-0.0580,0.1549,-7.2640,4.8219,3.7852,0.1901,-0.3766,0.0834
-8.2504,1.9178,3.3279,0.0915,0.1158,-0.1571,-6.7133,5.3463,2.8802,0.1936,0.2008,0.0104
-8.4396,2.0662,2.9257,0.3258,0.1487,-0.0689,-6.8091,5.4827,2.6887,0.1927,-0.3693,-0.0089
-7.1299,1.7238,2.4253,0.2141,-0.0044,-0.1424,-6.5290,4.7118,2.9066,0.2046,0.0404,-0.0353
-8.2624,1.5443,2.3367,0.3325,0.1116,0.0384,-6.1651,5.2936,2.4110,0.2611,-0.4527,0.0950
-8.6383,2.0518,2.4349,0.3878,0.1691,0.0211,-6.4955,5.7916,1.8435,0.2683,-0.3042,0.0822
-7.6184,2.4277,1.1660,0.2711,0.1180,-0.0097,-5.1691,5.9496,2.9305,0.1970,-0.4575,0.0969
-8.4635,1.8340,2.1644,-0.0157,0.2533,-0.2819,-6.5338,5.9448,2.3415,0.3360,0.1883,0.0023
-9.0142,2.2841,1.8124,0.0201,0.0173,-0.0528,-6.0956,6.6655,2.5642,0.0063,-0.1379,-0.0056
-8.9280,1.9201,2.0327,0.0601,0.1324,-0.0226,-6.2513,6.4691,1.6448,0.1248,-0.0526,0.0429
-8.4060,1.5107,1.1253,0.0328,0.0183,0.1134,-6.4883,5.8634,2.2817,-0.0402,-0.3230,0.1478
-9.0525,1.8699,1.9345,-0.0336,0.3162,0.0636,-6.5553,6.2848,1.7190,0.0771,0.0883,0.2065
-8.2073,1.4988,1.9130,-0.2999,0.0898,0.1216,-6.4284,5.2002,2.6193,-0.1713,0.1103,0.2248
-8.9687,1.4940,1.3479,-0.2153,0.1263,0.2822,-5.9161,6.4500,1.1995,-0.2498,-0.1206,0.2711
-7.6950,2.6647,2.6121,0.1038,-0.0306,0.2751,-6.0238,5.9161,4.0797,-0.1112,-0.2471,0.1880
-7.6088,2.8730,1.7861,0.0883,-0.2114,0.2048,-4.2569,5.9807,4.2090,-0.2673,-0.6271,0.1414
-9.3877,3.6990,1.6592,0.2587,-0.1387,0.2074,-5.6503,7.2640,2.7007,-0.0344,-0.3700,0.0360
-7.7812,3.6655,1.6257,0.0909,-0.3059,0.0498,-4.9009,6.5003,4.3958,-0.0023,-0.0180,-0.0746
-7.8530,3.1340,1.1109,0.1403,-0.0121,-0.0917,-6.0765,6.0789,2.8036,0.2810,-0.1864,0.0763
-9.4188,3.1651,2.3320,0.3869,-0.2447,0.3424,-6.1507,6.9599,3.5434,-0.1915,-0.5482,0.1407
-9.3470,3.4429,1.1851,0.6590,-0.1247,0.4795,-6.3877,7.2042,2.8012,-0.0605,-0.8823,0.1968
-8.4994,3.9504,2.4900,0.5389,0.1908,0.5813,-4.9249,6.4332,5.0422,0.1856,-0.8745,0.5873
-7.4627,4.1994,1.1803,0.6347,0.3403,0.5444,-3.0215,6.6343,3.7469,0.2515,-1.1243,0.6315
-7.4962,4.5945,1.3048,0.7461,0.1525,0.4780,-3.4237,6.6942,4.6064,0.3515,-1.0243,0.4795
-7.7788,5.0637,0.1077,0.8307,0.3702,0.3649,-2.5953,7.4771,3.8642,0.4104,-0.8155,0.4651
-7.7740,5.2050,0.5626,0.9717,0.2320,0.4221,-2.5570,7.3215,4.6807,0.5323,-1.1624,0.4783
-7.4627,5.3965,-0.0239,1.1700,0.1601,0.2677,-2.0542,7.7476,4.3598,0.6055,-1.0431,0.3230
-7.2999,5.4205,-0.4597,1.4318,0.1756,0.2686,-0.9936,8.0158,3.7517,0.7284,-1.5396,0.2049
-7.9128,5.8682,-1.2091,1.6072,-0.1608,-0.0265,-2.4732,8.3294,3.4740,0.8162,-1.1263,-0.2453
-7.2137,5.3678,-2.2960,0.9982,0.3277,-0.1112,-0.4836,8.2193,2.2290,0.8501,-0.6536,0.0473
-7.9440,5.7030,-1.0918,1.1590,0.0179,-0.2511,-1.4509,8.6095,2.7653,0.8254,-0.7613,-0.3175
-6.9384,5.3319,-3.1819,1.1111,0.0392,-0.0873,-0.1700,8.3294,1.8914,0.7216,-0.8031,-0.1347
-8.0158,5.2792,-2.4110,1.1651,-0.1340,-0.1503,-1.1492,8.6742,1.1660,0.6921,-0.8868,-0.2951
-7.0390,4.6926,-4.6687,1.3203,-0.4938,-0.0041,0.2514,8.9016,0.9840,0.7212,-1.4575,-0.3756
-7.7261,4.7956,-5.1763,1.0716,-0.5601,-0.2410,-0.6249,9.4116,0.0096,0.5726,-0.9182,-0.6003
-8.1116,4.9512,-3.6751,0.8262,-0.5117,-0.2274,-1.2019,9.2823,0.5411,0.4743,-0.8323,-0.6511
-7.8961,4.7788,-4.3742,0.9310,-0.6428,-0.2054,-0.8284,9.2751,1.1636,0.5380,-0.9866,-0.7127
-8.4515,4.8818,-3.7062,0.7115,-0.2650,-0.4478,-1.1684,9.3589,1.6975,0.6467,-0.5776,-0.5568
-8.4851,4.4173,-3.5195,0.4402,-0.2805,-0.2380,-1.2402,9.3158,0.6488,0.3452,-0.5497,-0.3307
-8.9854,4.1922,-3.7828,0.7560,-0.2511,-0.1797,-2.0375,9.3326,0.0838,0.4730,-0.5432,-0.4205
-8.7987,3.8882,-3.7613,0.6599,-0.1652,-0.1985,-1.8004,9.3111,0.0527,0.3929,-0.5151,-0.3965
-8.7221,3.7972,-4.3407,0.6157,-0.1406,-0.1859,-1.7861,9.1482,0.3591,0.4253,-0.4341,-0.4114
-8.6119,3.6583,-3.3591,0.3837,-0.1187,-0.1960,-2.5211,9.1578,-0.3663,0.3619,-0.2004,-0.3950
-8.5473,2.9975,-4.6017,0.5249,-0.1416,0.0149,-2.4445,9.2368,-0.5794,0.2663,-0.6003,-0.0342
-9.2440,2.8132,-4.2186,0.2806,-0.0204,-0.0926,-3.0981,9.4020,-1.0534,0.2449,-0.3143,-0.1547
-8.7484,2.9880,-4.3287,0.0165,0.1998,-0.0121,-2.4014,9.4403,-1.0870,0.0722,0.0248,0.1324
-8.4946,3.2633,-3.8307,-0.0652,0.1168,0.0093,-2.6145,9.4044,-0.5052,-0.0028,0.0859,0.1124
-8.9352,3.1412,-3.2681,-0.1320,0.2153,0.0394,-2.1452,9.3350,-0.8260,-0.0566,0.1936,0.0244
-7.7931,2.8659,-3.9049,-0.0095,-0.1254,0.0121,-1.3384,9.0285,-0.3256,-0.0063,-0.2089,-0.0554
-9.1004,3.0382,-3.1580,-0.3460,-0.0829,-0.1648,-3.2825,9.1650,-0.6393,-0.0855,0.0939,-0.1679
-8.8897,3.3016,-4.2186,0.0600,0.0135,0.2246,-2.4373,9.3829,-0.4501,-0.0749,-0.2637,0.0841
-8.3606,3.5530,-4.1563,-0.0032,0.2380,0.2709,-1.6400,9.5146,-0.4525,-0.0072,-0.1496,0.4549
-8.6167,3.7661,-4.1468,-0.0153,0.4032,0.3309,-1.3862,9.5936,-0.7278,-0.0131,-0.1628,0.4022
-8.0134,3.8379,-5.5857,-0.0642,0.4301,0.4166,-1.2330,9.7396,-1.4198,-0.0586,-0.1057,0.5601
-7.6974,4.1396,-5.5809,-0.2775,0.4844,0.2769,-0.2490,9.5960,-1.1325,-0.1599,0.1921,0.5245
-7.0390,4.4149,-5.6264,-0.6622,0.3368,0.1990,-0.0192,9.4810,-0.9146,-0.3555,0.5489,0.4457
-7.1946,4.8195,-5.7413,-0.6773,0.2906,0.0297,-0.0622,9.6391,-0.8428,-0.3002,0.6687,0.2967
-7.5489,4.9416,-3.5147,-0.3299,-0.1083,0.0665,-0.5171,9.5696,-0.1006,-0.5039,0.2040,0.0486
-8.0110,4.8650,-5.4444,-0.0585,0.0566,0.3192,-0.6345,9.6462,-0.1221,-0.4241,-0.2008,0.4570
-7.4101,5.2768,-5.4612,-0.2999,0.1576,0.0793,-0.1724,9.3901,0.3998,-0.3380,0.3536,0.2539
-6.9288,4.9105,-4.9488,-0.5452,0.0612,0.0340,1.0606,9.3613,0.7111,-0.4210,0.3765,0.2152
-7.4962,4.7692,-6.1076,-1.3370,0.2705,-0.0429,-0.0168,9.6079,-0.1796,-0.6253,1.2718,0.2318
-7.8434,4.6280,-5.1547,-1.6780,0.2669,-0.0863,-0.2370,9.3541,0.1365,-0.8138,1.4761,0.2842
-7.7428,4.6256,-3.6559,-2.0713,0.3471,-0.1204,1.0750,9.3302,0.9601,-1.0131,1.7393,0.2451
-8.2361,5.0637,-3.1388,-1.5881,-0.0550,0.3122,-1.2617,9.0214,0.9577,-1.1302,0.9130,0.2388
-7.8410,5.8682,-3.3902,-1.3111,-0.1973,0.2277,-0.8140,8.9854,2.0734,-1.0136,0.8732,-0.0256
-6.9456,6.0597,-3.1244,-1.1764,-0.3583,0.2233,-0.0479,8.7317,2.6719,-0.9053,0.5982,-0.0679
-6.4979,6.2537,-2.4469,-1.3053,-0.5369,0.1022,0.1317,8.4420,2.8730,-1.0828,0.7405,-0.3026
-6.7756,6.3877,-1.2402,-1.0800,-0.5856,0.0382,-0.6823,7.8458,3.8451,-1.0020,0.5970,-0.4262
-7.0605,6.4907,-0.3232,-0.7444,-0.7212,0.0771,-1.4916,7.5681,3.7828,-0.9622,0.3175,-0.5293
-6.4404,6.0837,-0.8428,-0.4856,-0.8559,0.1775,-2.0279,6.8139,4.7836,-0.8415,-0.0414,-0.3481
-6.4141,6.3805,0.3879,-0.3204,-0.7655,0.1974,-1.7502,6.5553,4.9129,-0.6857,-0.1731,-0.3647
-5.7772,6.4955,0.4070,-0.6937,-0.2153,-0.1298,-1.6305,6.3375,5.2409,-0.4393,0.6019,-0.2920
-6.0837,6.4260,1.4653,-0.6719,-0.4523,-0.1082,-2.1907,6.1794,5.6551,-0.5589,0.3949,-0.3315
-6.2273,6.0885,0.5914,-0.9711,0.1548,-0.3965,-2.4708,6.2537,5.6096,-0.2257,0.9210,-0.1488
-7.8027,5.3319,1.0080,-0.7208,0.1819,0.1471,-4.6926,5.8921,5.4947,-0.3156,0.3295,0.2605
-8.1738,5.0589,3.0933,-1.1339,0.6636,-0.4001,-5.0973,6.0693,4.4197,0.0809,1.5545,0.1179
-7.8434,4.5203,2.1811,-0.7268,0.5185,0.0703,-4.7764,6.1962,3.4093,-0.2923,0.7024,0.4743
-7.4364,4.2545,1.9920,-1.2133,0.0544,-0.1355,-4.9057,5.7652,3.9768,-0.6868,1.1546,-0.0035
-6.4380,4.0031,2.4684,-1.1381,0.2851,-0.1267,-2.8252,5.6240,4.4460,-0.5432,1.0175,0.0545
-7.4915,4.0079,1.1540,-1.3591,0.0506,-0.0328,-4.2689,5.7197,4.2569,-0.8463,0.9975,0.1250
-5.9664,3.6775,3.3064,-1.7981,0.4237,-0.1467,-3.3495,5.3798,5.0925,-0.7685,1.6918,0.2053
-8.2672,3.1675,1.6544,-1.6872,-0.0144,-0.0256,-5.5833,5.7174,2.6647,-0.9738,1.1259,0.0108
-7.8673,3.1603,3.7733,-1.2067,0.2241,-0.0212,-6.6894,5.1595,4.1348,-0.7493,1.1022,0.0625
-7.4508,2.5187,3.7397,-1.1515,-0.1596,0.0761,-6.2177,4.8411,4.0103,-0.7727,0.8711,0.0406
-7.4843,2.5019,4.1755,-1.0051,0.1043,0.1375,-6.5194,4.7621,3.3902,-0.6683,0.6025,0.2550
-7.9559,2.3415,4.0223,-0.7088,0.1508,0.2979,-7.4388,4.3527,3.2872,-0.5817,0.2904,0.1945
-6.6679,2.0303,2.7988,-1.0397,0.1701,0.1545,-5.2960,4.2832,4.7812,-0.3797,0.5584,0.2904
-7.9559,2.2841,5.0135,-0.8190,0.0942,0.2270,-7.2113,4.2066,3.8235,-0.6980,0.5335,0.2229
-6.8714,1.8316,3.3495,-0.7570,0.1663,0.1663,-6.4404,3.8666,4.4556,-0.5677,0.5828,0.2268
-8.0445,2.1380,3.7182,-0.6748,0.4727,0.1872,-6.9001,4.4987,3.2250,-0.4751,0.4787,0.4510
-7.5322,1.8603,4.1348,-0.5959,0.2153,0.1633,-7.0605,4.0654,3.9768,-0.3773,0.3838,0.3321
-7.4723,1.8004,4.3311,-0.6492,-0.0228,0.1444,-6.9097,4.0773,3.5482,-0.5512,0.4037,0.0729
-7.0653,1.9704,4.3766,-0.3821,-0.0518,0.1471,-7.0653,3.8475,4.5777,-0.3024,0.1390,0.1186
-8.2935,2.0016,4.4077,-0.3934,0.0809,-0.0093,-9.0142,4.0701,4.0582,-0.1503,0.4391,0.1063
-7.9344,1.7813,4.5801,-0.3118,0.1176,0.1375,-7.1970,4.2353,3.8451,-0.2690,0.2974,0.2105
-8.0278,1.5730,3.4692,-0.3848,0.4414,0.0739,-7.1419,4.8530,3.3926,-0.0883,0.3336,0.3317
-8.5353,1.8364,3.4333,-0.1677,0.2329,0.4080,-6.5960,5.1188,2.5594,-0.2325,-0.1159,0.4355
-7.5082,2.4110,3.2346,-0.2563,0.5024,0.2721,-6.2704,4.9704,3.1915,-0.1412,0.2618,0.4895
-7.2832,2.5187,2.9161,-0.1156,0.2025,0.3059,-6.6248,4.4484,3.9672,-0.1242,-0.0133,0.4362
-7.6399,3.4117,3.5338,-0.0586,0.0512,0.5252,-5.3630,5.1858,3.8834,-0.3728,-0.2923,0.4295
-5.5067,3.7278,1.8723,0.1318,-0.1059,0.4287,-4.2449,4.8961,4.8459,-0.0452,-0.4010,0.2555
-7.3574,3.6919,3.5626,0.0477,0.0368,0.2129,-5.2337,5.1164,4.2353,-0.0570,-0.1683,0.2133
-6.0382,4.2713,2.4804,0.4403,-0.1523,0.2076,-3.4788,4.9847,5.7245,0.1100,-0.5922,0.0580
-6.6367,4.2521,2.8204,0.2848,0.1382,-0.2407,-3.9672,5.1882,5.3486,0.4718,-0.1569,-0.0516
-6.5553,3.8834,3.4860,0.4557,0.0075,-0.5159,-5.0925,4.5346,6.0789,0.6411,-0.0769,-0.3186
-7.3263,3.2202,3.4812,0.4610,0.3702,-0.7821,-5.3965,5.2601,3.9744,0.8843,0.0502,-0.2399
-8.0709,2.6145,2.8395,0.6908,0.1467,-0.6543,-6.3063,5.0302,3.7230,0.9355,-0.2986,-0.2817
-8.4252,2.4014,2.6743,0.9759,0.2943,-0.4586,-5.9137,5.8730,3.0119,1.0031,-0.5578,-0.1809
-7.8506,2.9257,2.3655,0.8474,0.2411,-0.5023,-5.5091,5.5809,2.9712,0.9052,-0.3645,-0.1613
-7.5872,2.5019,1.3384,0.9614,0.0269,-0.6202,-4.5753,5.8371,3.1723,0.9884,-0.6496,-0.3556
-8.8178,2.0638,-0.3041,0.9074,0.0131,-0.6559,-5.6288,6.9264,1.7095,1.0126,-0.5303,-0.3316
-9.7252,0.8787,0.2993,0.3148,0.3848,-0.5435,-6.4404,7.1850,-0.3567,0.7064,0.1287,-0.0739
-9.0956,1.2689,-1.0415,0.2481,0.1932,-0.3095,-5.5306,7.5729,0.4860,0.4619,-0.0669,0.0321
-9.2344,1.6496,-0.2729,0.0798,-0.1402,-0.1755,-6.1603,8.1499,-0.1413,0.0544,-0.0653,0.1051
-8.9567,1.4868,-1.9225,-0.2234,0.4177,-0.4132,-4.7884,7.8314,0.8571,0.3351,0.3120,0.1264
-11.1282,0.7015,-0.1844,-0.2542,0.4839,-0.3035,-7.1228,8.4515,-0.9768,0.1785,0.5389,0.2862
-9.7252,0.6584,-2.0925,-0.5371,0.2326,0.0103,-4.9368,8.1858,0.0407,-0.3288,0.6009,0.5020
-9.6151,0.7566,-2.1380,-0.4972,0.3198,0.0581,-4.2258,8.3917,-1.5227,-0.2226,0.3433,0.3958
-9.0501,0.7039,-2.3008,-0.6591,0.3357,0.1396,-3.9313,8.0134,-1.4054,-0.3320,0.5506,0.3501
-9.1913,0.8571,-2.0758,-0.6773,-0.3107,0.1799,-4.8530,7.8769,-0.5578,-0.7807,0.4662,0.0565
-10.3022,0.6129,-2.0423,-1.2578,-0.1977,-0.0441,-4.6974,8.5114,-0.9984,-1.1281,1.2536,0.0725
-9.2823,0.5148,-1.7095,-1.0870,-0.2057,0.1196,-5.0973,8.0062,-0.0144,-0.8108,0.4672,0.1264
-9.3422,0.8452,0.4262,-1.1377,-0.5700,0.4501,-6.5936,7.0940,0.1556,-1.4209,0.7269,0.0962
-8.5497,1.3934,1.0774,-0.9987,-0.1760,0.2282,-5.8012,6.7493,2.2362,-0.9795,0.7802,0.0887
-7.7189,1.3671,0.6680,-0.7831,-0.4179,0.0538,-5.5043,6.3279,2.8491,-0.7505,0.2610,-0.2098
-10.2711,1.1468,1.6712,-0.9871,0.1138,-0.1756,-6.4739,7.1084,-0.4884,-0.6279,1.2812,-0.0839
-8.0421,0.5459,0.4549,-0.7939,-0.3729,0.1499,-5.4660,6.2584,2.4397,-0.8102,-0.3620,-0.1648
-9.0668,0.0503,0.3472,-0.9950,-0.0189,-0.3845,-7.0581,6.3638,0.9146,-0.1260,1.1162,-0.2220
-9.2727,-0.0910,2.3032,-0.8994,-0.6386,0.0721,-7.7381,5.6958,1.9537,-0.8505,0.6027,-0.2698
-8.5784,1.1995,2.9137,-0.9567,-0.4159,0.1893,-6.5218,5.0015,2.2051,-0.9020,0.4999,-0.1234
-7.9464,1.3958,3.9600,-0.6825,-0.2856,0.0762,-8.1355,4.6112,3.3040,-0.4743,0.4792,-0.0927
-7.8458,1.4389,3.5698,-0.5091,-0.0212,-0.0604,-7.3071,4.9153,4.3670,-0.2320,0.1162,-0.0652
-8.7388,1.2881,3.8810,-0.4155,-0.4656,0.3070,-6.5122,5.5593,2.2122,-0.7197,-0.3015,-0.1514
-7.4124,1.3001,4.7190,-0.0803,-0.2433,0.1924,-7.9871,4.0247,4.8961,-0.3520,0.1202,-0.0570
-7.2568,1.4988,4.8195,0.2354,-0.0691,0.0449,-7.7165,3.5674,4.8602,0.0802,-0.2565,0.0697
-7.5369,1.3527,4.3646,0.5720,0.2441,-0.0985,-8.0804,4.0223,4.3335,0.5311,-0.4225,0.1238
-8.6550,1.2091,2.2745,0.4124,0.2322,-0.1495,-7.6734,5.3486,2.2146,0.4579,-0.2262,-0.0097
-7.8602,0.9960,3.5602,0.6861,0.2005,-0.1142,-7.3694,4.9033,2.7845,0.5187,-0.3933,-0.0353
-8.4898,1.4222,3.4165,0.6143,-0.1049,0.1709,-6.6655,5.1164,3.8858,0.0865,-0.7049,0.0207
-8.6933,1.0798,2.0925,1.2458,0.5275,-0.2277,-7.1204,5.7772,3.4812,0.9515,-0.6536,-0.0935
-9.6103,1.1684,2.0016,0.8655,0.2876,-0.4247,-6.7421,6.8187,0.8978,0.9645,-0.2395,-0.0432
-8.5018,0.4501,0.2538,1.0733,0.5753,-0.5886,-6.1244,6.3015,0.0455,1.3486,-0.6376,0.0024
-8.9399,-0.1820,-0.7685,0.8512,0.2144,-0.5857,-5.3822,6.6511,0.1820,0.8583,-0.3022,-0.1359
-9.1674,-1.0056,-0.4166,0.4606,-0.1047,-0.6644,-5.9664,7.0246,-2.9928,0.5709,-0.1772,-0.1246
-8.6143,-1.7741,-0.3831,0.6475,-0.2966,-0.0262,-7.2784,6.3231,-1.8172,-0.0505,-0.8366,-0.1151
-9.8569,-0.6393,0.1460,0.0783,0.0064,0.1940,-7.5753,6.7876,-1.9154,-0.0616,0.1404,0.1887
-9.0166,0.4573,-0.5890,0.0638,-0.2493,0.5617,-5.8730,6.8785,0.1101,-0.3984,-0.4766,0.1705
-9.3637,1.0534,-0.0096,0.0762,-0.2096,0.5906,-5.7197,7.2951,1.5993,-0.4429,-0.3144,0.2081
-9.3398,1.1420,0.2705,-0.2706,0.0883,0.3561,-5.5952,7.2832,1.0846,-0.3726,-0.0137,0.2122
-9.7803,1.0104,-0.0503,-0.3387,0.2533,0.2261,-6.1028,7.4675,0.9218,-0.2651,0.0456,0.3904
-9.0453,1.1827,-0.6680,-0.5108,-0.0737,0.3741,-4.6591,7.4651,1.4150,-0.3809,-0.1740,0.2630
-10.3310,2.8036,-1.3001,-0.6536,-0.0678,0.2950,-3.7661,9.0070,1.0511,-0.7017,0.4479,0.0497
-8.6550,3.3806,0.5722,-0.7746,-0.3297,0.2193,-4.8339,7.3694,4.5921,-0.6975,0.3801,0.0322
-8.7197,3.4764,1.0487,-0.5732,-0.1897,0.0177,-4.5729,7.2592,3.5219,-0.3420,0.2467,-0.0954
-8.7269,2.5738,0.4645,-0.2667,0.0286,-0.0994,-5.2864,7.1539,2.7078,-0.0173,0.1799,-0.0734
-9.6175,2.2170,-0.2131,-0.1867,-0.0544,0.0048,-5.1308,7.7907,2.0087,-0.1653,0.2952,-0.0950
-9.4236,2.2817,-0.7039,-0.1805,-0.1136,0.1366,-4.7333,7.7764,1.2761,-0.2068,0.0825,-0.0344
-9.0860,2.5642,0.9673,-0.1503,-0.0841,0.1943,-4.8842,7.1323,2.1859,-0.2899,-0.0020,-0.0546
-8.1906,1.9034,0.6608,-0.0450,0.1050,0.1192,-5.2840,6.1459,3.3471,-0.0580,-0.1358,-0.0155
-9.2847,1.6400,2.7318,-0.4856,0.6588,-0.1126,-6.7253,6.1699,1.1564,0.1184,0.8052,0.3653
-7.6830,1.4102,-0.1604,-0.1807,0.3395,0.0485,-5.5186,6.1387,2.1500,0.0601,-0.1877,0.2069
-9.5792,1.5897,2.0973,-0.1974,0.2368,0.1865,-6.4093,6.5697,-0.2203,0.2034,0.6963,-0.6611
-9.3134,1.3575,1.5036,0.1170,-0.2317,0.5179,-6.8594,6.1866,1.6161,-0.2393,-0.6787,0.0217
-9.5241,2.4780,2.4517,-0.1757,-0.0941,0.6512,-6.1363,6.4907,2.6097,-0.2795,0.0241,0.1982
-9.7683,2.8778,2.2458,0.0943,-0.0893,0.6619,-7.2951,6.5505,3.3926,-0.1495,-0.2313,0.1707
-8.2911,3.7517,1.7119,0.2064,0.0229,0.5533,-4.1539,6.7900,4.6878,-0.2410,-0.9406,0.2718
-9.3901,3.2609,2.6576,0.0802,0.1737,0.4430,-7.2880,6.7516,3.4548,-0.2482,-0.2912,0.4469
-7.2065,3.5817,0.8643,0.8801,0.0818,0.7899,-4.1348,6.0382,2.6001,0.1427,-1.3458,0.5597
-7.6998,4.1324,0.4310,0.7902,0.0691,0.3627,-4.3934,6.3231,2.9185,0.4329,-0.9402,0.4694
-6.7780,4.6400,0.4956,1.1939,-0.5474,0.8102,-1.8627,6.8809,2.4852,0.0294,-1.7572,0.0493
-5.5138,5.6407,1.8435,0.7965,-1.4601,0.1116,-2.5570,5.7174,7.0797,0.5189,-0.7440,-0.4317
-8.2480,4.9464,0.2586,1.0970,0.8033,-0.2309,-3.1268,7.4412,3.0287,0.7597,-1.1107,0.0629
-7.1802,5.7078,0.7135,1.8959,-0.8198,0.8196,-1.3240,7.4412,4.5849,0.3509,-2.3657,0.0374
-6.2345,6.2321,-2.3727,1.9930,-0.6901,0.3336,0.1245,7.8937,3.2250,0.8298,-1.9789,-0.2765
-6.5649,5.7820,-1.7286,2.5596,-1.0024,0.5015,0.0072,8.1379,3.6464,0.7604,-3.0202,-0.4483
-6.6798,5.5402,-2.1739,2.5034,-1.1326,0.2914,0.4381,8.3462,2.2769,1.0063,-2.7837,-0.7695
-5.8466,6.0166,-4.9560,2.4048,-1.1544,0.3412,-0.2131,8.4228,2.9473,0.7035,-2.8603,-0.4541
-6.2417,5.9759,-2.8347,2.4108,-1.2907,0.1675,-0.7087,8.1594,3.6583,0.9514,-2.5604,-0.7637
-6.3159,6.0023,-5.3870,1.8727,-0.7137,0.0334,1.2665,8.8514,1.4988,0.9162,-1.6752,-0.6845
-6.6918,5.7724,-5.0685,1.4641,-0.6716,-0.5025,1.1923,9.0309,0.9553,1.0557,-1.6449,-1.0348
-6.8929,5.3870,-6.4548,1.3775,-1.0519,-0.5469,0.3112,9.2823,-0.0503,0.8171,-1.5098,-1.1826
-5.8251,4.7884,-5.5881,1.0411,-0.8274,-0.5031,0.6895,8.9376,0.4573,0.4907,-1.0328,-1.0511
-7.4867,4.3431,-2.7102,0.0477,-0.8327,-0.5737,0.9242,9.2153,1.3671,0.0253,-0.7478,-1.4524
-8.7293,4.3934,-3.2537,0.1423,-0.6332,-0.5997,-3.9121,8.6431,0.6369,0.3004,-0.0758,-1.0439
-8.8562,4.1946,-3.1077,0.1066,-0.5796,-0.3424,-3.1843,8.9088,1.0223,-0.0797,-0.3091,-0.4032
-9.4188,3.3040,-2.6791,-0.1330,0.1443,-0.2871,-4.2760,8.9519,-0.1293,-0.0149,0.3247,0.0116
-7.8458,3.6009,-3.0933,-0.1218,0.1725,0.2344,-2.1811,8.8298,0.1245,-0.1516,-0.0831,0.1876
-8.3055,3.7373,-3.5602,-0.0416,0.1180,0.1258,-2.9137,8.9591,-0.1796,-0.1958,0.0378,0.1491
-8.6526,3.6847,-3.0239,0.1673,0.4342,-0.1375,-2.4445,9.4810,-0.7207,-0.0735,-0.0675,0.1624
-9.4930,3.7517,-4.2641,-0.1411,0.1533,0.2813,-3.9217,9.1961,-0.5076,-0.1599,-0.0598,0.3794
-6.9336,4.1468,-2.8252,-0.1290,0.1075,0.3497,-1.6735,8.7436,1.5275,-0.0526,-0.1330,0.4760
-8.8753,4.5083,-4.5825,0.2152,0.2040,0.5822,-2.4493,9.2847,0.0479,-0.0353,-0.3166,0.4326
-6.9647,4.5825,-3.2082,-0.5621,-0.6359,1.4083,1.1372,9.1626,0.3328,-0.3834,-1.0897,0.0955
-8.2097,5.3870,-5.4324,0.1649,0.1051,0.5204,-0.9864,9.1961,0.7661,0.4771,-0.3668,-0.5879
-6.5242,5.3127,-4.8004,0.6634,0.0241,0.3163,-1.9417,8.6694,1.6448,0.1961,-0.9080,0.0113
-7.1994,5.5067,-5.8490,0.1775,0.5437,0.2325,-1.9130,9.0190,0.3759,0.7817,0.2747,-1.1013
-7.3598,5.9280,-4.3024,-0.4445,0.8957,0.5877,-2.5307,9.1267,0.4334,0.3597,0.2535,-0.5676
-11.2001,5.7317,-4.0342,-0.3072,0.2368,1.9393,-3.6440,9.0285,0.0766,0.8310,-0.4255,-1.3070
-4.1037,6.9552,-1.2163,0.9242,-1.6501,1.5673,-3.1675,8.3534,0.1556,1.5973,-4.0652,-0.7821
-3.2705,6.8402,-6.8426,0.8656,-2.3489,2.1460,-3.6990,8.7293,-1.7262,1.3539,-1.6923,-1.0785
-4.2066,7.7428,-5.3247,0.7966,-0.9301,0.8629,-3.7493,9.0764,-2.1763,1.0108,-0.5717,-0.8052
-3.4884,7.9224,-5.5737,0.4155,-0.4754,0.3796,-3.8188,9.1866,-2.4541,0.3455,-0.7004,-0.1268
-3.2633,7.7835,-7.3143,-0.0485,-0.3357,-0.2065,-3.6416,8.9304,-1.9010,-0.2940,-0.2995,-0.0797
-4.8842,7.8506,-4.2329,-0.0572,-0.1282,-0.0801,-4.8866,8.5114,-1.6999,-0.4413,-0.0458,-0.2020
-5.1906,7.6926,-4.3838,-0.3766,0.0903,-0.1635,-4.5298,8.2337,-0.5818,-0.3696,0.3928,-0.1863
-4.5514,7.9871,-4.9871,-0.1707,0.1268,-0.1655,-5.2313,7.8650,-0.4166,-0.2773,0.0846,-0.1363
-5.1380,7.7859,-4.6280,-0.1783,0.0566,0.0321,-5.0422,8.1738,-1.0199,-0.1940,0.0594,0.0181
-4.7094,8.1666,-3.5985,0.4179,0.6198,-0.6614,-3.8618,8.7556,-1.2306,-0.0107,0.2948,0.0300
-4.9105,7.6351,-5.1140,0.2233,-0.0917,-0.6177,-4.0606,8.8849,-1.6640,-0.0109,-0.4920,0.4608
-4.1899,7.2999,-3.8164,-0.2717,-0.1303,-0.2025,-4.3072,8.3414,-0.7326,-0.1327,0.1104,0.4489
-6.5386,7.0701,-4.8985,0.3583,0.1210,0.4141,-4.1659,8.7604,-1.8723,-0.3226,0.3172,0.0272
-5.1906,7.4603,-5.3103,-0.1649,0.0301,-0.0550,-4.3359,8.5401,-1.3072,-0.1891,0.0465,-0.1820
-7.4795,6.7947,-7.7405,-0.9581,-0.2942,1.0273,-4.2832,8.3366,-0.6440,-0.1088,-0.2757,-0.1857
0.6345,7.8937,-3.4453,-0.1136,-0.2222,-1.6795,-8.9639,6.3255,-1.1253,0.2950,0.6246,4.3656
-11.3796,5.0135,-3.7924,2.0804,1.0090,-4.0488,7.3694,9.4571,1.9728,-2.8048,-4.1514,4.3656
-8.7388,4.0534,-7.1395,0.8420,-0.1680,-1.0369,4.6376,9.8234,0.8547,0.0553,0.4515,0.7967
-7.9918,4.3072,-6.7995,0.4747,-0.2305,-0.3412,1.0032,8.9184,0.8930,-0.5137,0.0013,-0.0382
-7.0102,4.4077,-6.6966,-0.2342,0.3587,0.2137,4.7956,9.9096,-1.2689,-0.2471,-0.5057,0.2866
-8.2384,4.6591,-6.2369,-0.0440,0.1478,0.0285,1.0630,9.4116,0.1484,-0.3777,0.2415,-0.0436
-7.6064,4.6184,-5.9017,-0.0838,-0.1255,-0.0670,3.1556,9.6007,0.0982,-0.1370,0.2044,0.1612
-7.4364,4.4365,-5.8778,-0.1386,-0.1511,0.0117,2.5953,9.1626,0.3376,-0.2062,-0.0140,0.0368
-7.5346,4.6112,-5.2385,-0.3319,-0.1966,-0.0842,1.3072,8.8131,1.5538,-0.3183,0.4562,-0.0498
-7.5417,4.3239,-4.9440,-0.1981,0.0747,-0.2621,1.7645,9.1243,0.5219,-0.1840,0.4342,-0.2435
-7.8530,3.8858,-7.3909,-0.9884,0.2100,-0.7127,1.7837,9.4715,-0.4669,-0.1773,1.3383,-0.2060
-7.7476,4.1132,-4.3766,-0.2561,-0.1124,0.0717,0.9409,9.2177,1.2977,-0.4639,-0.6319,0.0032
-8.0900,4.5179,-3.2346,-0.7638,0.0795,0.0398,0.9074,8.8825,2.3511,-0.3140,0.5380,0.1450
-8.1714,4.9416,-3.6990,-0.4265,0.2218,0.1230,2.0255,9.0956,1.8387,-0.1009,0.2595,0.1287
-8.0158,5.1451,-4.5849,-0.2721,0.0862,0.1915,2.5977,9.3374,1.1013,-0.1669,0.1717,0.0743
-7.4939,4.9368,-5.5234,-0.6615,-0.0695,-0.0374,2.3415,9.0261,1.5538,-0.0199,0.4802,-0.0446
-8.0972,4.7573,-3.5506,-0.1889,-0.0842,0.0216,1.2570,9.1004,1.6927,-0.2301,0.0833,-0.1649
-7.4220,4.4891,-3.4357,-0.2459,-0.1439,0.1017,1.5347,9.0022,1.6161,-0.2082,0.1659,-0.1144
-8.0349,4.7429,-4.2282,-0.0256,-0.3236,0.2746,0.8499,8.8202,2.3535,-0.3019,-0.2959,-0.2301
-7.0318,5.1930,-3.9983,0.0193,-0.2979,0.4108,1.5443,8.7101,2.5091,-0.2927,-0.2846,-0.1095
-7.8195,5.4995,-4.2162,-0.0005,-0.0618,0.2870,1.5036,8.8514,2.1763,-0.1136,-0.1956,-0.1876
-5.7700,6.2345,-2.6504,-0.2061,-0.3996,0.2691,2.0734,8.2265,4.0462,-0.2270,-0.1631,-0.0163
-6.1627,6.7540,-3.1436,-0.0625,-0.1127,0.0506,2.1117,8.1714,4.1970,-0.1107,-0.2701,0.0027
-7.0006,6.6104,-3.4716,0.0148,0.0530,-0.2778,1.5443,8.1882,4.5203,0.2478,0.2779,-0.1804
-7.4436,6.0406,-3.4692,0.0386,0.0673,-0.1985,1.5634,8.7652,2.6121,0.1527,0.0485,-0.2705
-7.5872,5.4181,-3.4069,0.2677,0.2499,-0.1791,0.9122,8.7101,2.4301,0.4433,-0.0958,-0.1122
-6.9839,5.4564,-3.5147,0.2980,0.0564,-0.3103,1.2570,8.6143,3.0837,0.3485,-0.4499,-0.2137
-7.0581,6.7852,-2.6360,-0.0533,0.0813,-0.5646,1.9968,8.0254,6.0765,0.5616,-0.0123,-0.3612
-7.9727,5.9137,-2.0087,0.4898,0.7273,-0.7469,0.3711,8.4611,2.7198,1.2317,0.3079,-0.3368
-7.4579,3.8283,-5.5186,0.4247,0.7574,-0.6899,0.5243,8.9711,-0.5794,1.2153,0.3265,-0.3663
-8.2504,2.4972,-6.3063,0.3126,0.6495,-0.5721,-0.4118,9.4475,-2.4612,0.9168,-0.0316,-0.2393
-8.6095,1.6472,-7.8147,0.0592,0.4210,-0.2030,-0.1939,10.0820,-3.2154,0.4163,-0.1342,0.1764
-8.2744,1.9082,-6.9073,-0.3507,0.4407,-0.0228,-0.0407,9.9575,-3.0239,0.0520,0.4005,0.3176
-7.8673,2.5259,-7.4101,0.0248,0.1343,0.3720,-0.0886,9.9335,-2.9305,-0.2473,-0.5911,0.4620
-7.7931,3.2944,-6.7564,-0.4859,-0.0442,0.6539,1.1588,9.7252,-1.4868,-0.6583,0.2398,0.3226
-7.7333,3.8475,-6.3207,-0.4900,-0.1817,0.7388,0.9601,9.6510,-1.8100,-0.9643,0.0608,0.4301
-6.7852,3.9073,-6.1339,-0.6967,-0.3084,1.0684,0.8906,8.7795,-0.4070,-1.1879,0.0757,0.6432
-6.6511,4.2952,-6.9480,-0.8715,-0.4687,1.2323,1.7789,8.7029,-0.5962,-1.4910,-0.0332,0.5613
-6.0071,4.9057,-6.4548,-1.5916,-0.4175,1.1279,2.2984,8.1523,0.1556,-1.8190,0.7592,0.6590
-4.9177,6.0382,-4.4101,-2.0603,-0.4347,0.9978,2.3080,7.1850,1.7190,-1.9576,1.3448,0.6925
-1.9704,8.1523,-1.8699,-1.6387,-0.7564,1.2756,5.6288,5.9568,4.7070,-2.0456,0.6455,0.4335
-2.1835,8.0325,-4.4317,-2.7006,-0.7994,0.1577,4.9201,5.1715,7.2113,-1.6066,1.7904,0.0648
-3.4117,7.0533,-0.6776,-4.0288,-0.2116,-0.9749,1.9393,4.5203,7.6543,-1.6843,3.8732,-0.1560
-3.9887,5.1212,3.4093,-4.3657,0.6792,-1.5549,-0.4836,3.9887,7.6806,-1.1550,4.3656,-0.1330
-6.5769,2.9616,3.9049,-4.3657,0.7802,-1.8390,-4.0103,4.1037,6.7708,-0.7148,4.3656,-0.1852
-9.0621,2.2841,6.8761,-3.2090,0.6233,-1.5755,-7.0461,4.5394,5.0206,-0.4572,3.9198,-0.4704
-8.9759,1.6927,6.8761,-1.3654,0.2221,-0.8212,-7.7931,4.2880,4.8028,-0.0678,1.6347,-0.4201
-8.4108,1.1660,5.1858,-0.5343,-0.1587,-0.1583,-8.2480,4.0462,4.6735,-0.0909,0.2958,-0.2922
-8.7987,0.2155,4.0390,-1.0423,0.2398,-0.0356,-8.8466,3.9145,3.7709,-0.2389,1.0062,0.0709
-10.2663,-0.2753,6.7277,-0.1683,0.5293,0.2457,-11.6693,3.7924,3.6081,-0.0095,0.9904,0.4639
-8.9112,0.0503,5.5881,-0.0496,0.4887,0.6935,-9.5289,3.4429,4.8100,-0.0148,-0.8363,0.9689
-7.7835,0.9529,3.1196,-0.0927,0.8492,0.7703,-6.2920,4.4269,3.2825,0.1564,-0.3916,1.2576
-7.1275,2.7222,3.2825,-0.1852,0.9310,0.8423,-4.7262,4.9656,4.0247,-0.0400,-0.0839,1.2466
-6.6655,3.6392,2.3703,-0.2943,0.8663,0.7096,-3.9409,5.1930,5.4468,0.0949,-0.0200,1.1595
-6.8331,4.0294,0.7757,-0.4714,0.8034,0.4803,-2.3224,6.1818,3.9097,0.0314,0.2826,1.0236
-7.2377,4.4939,0.7398,-0.5509,0.9350,0.1852,-2.0494,6.6990,3.8595,0.1340,0.6957,0.7666
-6.6942,5.1332,0.7350,-0.3524,0.4495,-0.1210,-0.6656,7.2185,3.5410,0.0897,0.4786,0.1735
-6.0142,4.8937,-0.8356,-0.1138,-0.0838,-0.4069,-0.7350,6.7349,4.4508,0.1158,0.1643,-0.3027
-7.2784,3.4907,-0.6895,-0.4040,-0.1553,-0.9599,-2.7605,7.0366,2.1787,0.0845,0.9109,-0.8102
-8.3294,1.1181,0.1772,-0.8007,-0.0509,-1.1189,-5.8203,5.9568,2.6432,0.2574,1.1952,-0.5149
-10.3549,-1.1995,5.0159,-1.4983,0.2702,-1.1389,-10.4387,5.2960,1.6712,0.2089,2.2408,-0.2248
-12.0524,-3.2250,5.0087,-0.3063,-0.0730,-0.0966,-12.8401,5.1427,0.2586,-0.2553,-0.0478,0.1307
-10.8529,-2.1189,2.1715,0.1103,0.6310,0.5400,-10.6877,5.6599,0.3998,-0.1167,-0.3431,1.0132
-9.6774,0.0215,1.7526,-0.2975,0.6411,0.9072,-7.4316,6.1148,1.1756,-0.3132,-0.0209,1.3134
-7.3310,4.2665,0.7949,-0.1951,0.3701,1.0880,-2.0279,7.0294,3.5913,-0.4462,-0.5517,1.2356
-4.8028,7.1156,-1.6592,0.2972,0.2477,0.4898,4.0893,7.8937,4.0917,-0.1030,-0.6241,0.4463
-4.8914,6.0454,-0.9912,0.1936,-0.4429,-0.5028,2.5881,7.3741,4.1204,0.1588,-0.0534,-0.8271
-8.6862,1.8244,0.5578,0.2357,-0.6165,-1.1213,-5.0230,6.5457,2.4541,0.3906,0.3922,-1.3964
-9.9886,-0.7566,2.4086,0.0817,-0.3916,-0.9970,-8.8059,5.9496,1.7406,0.3990,0.3924,-1.0198
-12.0692,-2.7581,3.3878,-0.0161,0.1127,-0.2677,-12.4475,5.7174,0.4908,0.2601,0.4070,-0.1214
-11.5784,-2.9616,2.2936,-0.0810,0.3111,0.5135,-11.6071,5.8035,-0.3328,-0.1587,-0.3914,0.6568
-9.8043,-0.8523,1.2546,-0.2773,0.6197,0.9585,-7.9775,6.1292,0.5555,-0.2741,-0.3182,1.1413
-7.5896,3.3160,0.1987,-0.2707,0.3824,1.0283,-2.1596,6.9576,2.9113,-0.4848,-0.3191,0.8664
-5.9831,6.9839,0.6776,0.9332,-0.2301,0.6305,1.8435,7.7620,5.2529,0.1207,-1.4729,-0.1303
-4.3167,6.1579,-4.0606,1.9466,-1.1037,-0.4815,2.4636,7.7668,3.4381,1.0363,-1.9103,-2.2888
-6.2106,3.3974,-1.7502,-0.0254,-0.8316,-1.2813,-0.7614,7.0581,1.4964,0.2774,0.4237,-1.5418
-9.3877,0.8068,1.7621,-0.2194,-1.0781,-1.3398,-8.5186,5.1427,1.1947,-0.1600,1.0985,-1.7343
-8.0134,-0.1580,1.1277,0.1451,-0.8741,-0.9785,-7.4172,4.4077,1.0534,0.2088,0.0237,-1.3362
-8.1163,-0.6895,1.6257,-0.3180,-0.9835,-0.6091,-8.8059,3.6512,1.9968,-0.2380,0.3475,-0.7261
-10.1873,-1.5921,2.6217,-0.6531,-0.4862,-0.7165,-10.5967,4.2449,-0.2370,-0.1752,1.2373,-0.8243
-9.2871,-1.5586,3.8738,-0.6877,-0.0973,-0.2537,-9.7252,3.9049,0.8212,-0.3856,0.6951,-0.4141
-9.3948,-0.7207,4.6064,-0.4679,-0.1023,0.1620,-9.9958,3.5841,2.3296,-0.3620,0.3158,-0.0654
-7.6710,-0.2634,4.1563,-0.2967,-0.3512,0.1897,-8.1427,3.8259,2.4684,-0.3989,-0.2774,0.0454
-8.2145,-1.1875,1.2115,-0.1438,0.0755,0.0365,-7.8003,4.4796,-0.1389,-0.0092,-0.2273,-0.0597
-8.8538,-3.5171,0.6943,-1.0565,0.2786,-0.0209,-8.7867,4.1803,-3.7757,-0.5646,1.2235,0.1270
-10.1610,-3.7110,1.2737,-1.1442,-0.4746,0.7182,-10.0437,3.7637,-5.2888,-1.4910,1.1281,0.0569
-9.0261,-2.2984,4.4508,-0.8254,-1.1410,1.3355,-10.7883,1.9154,0.5052,-2.0031,-1.0842,0.1248
-8.3677,-0.3519,6.3279,-0.6969,-0.8464,1.4533,-10.2185,2.0494,3.0143,-1.6054,-1.1245,0.6984
-7.5872,0.7326,5.7916,-0.3505,-0.5883,1.7197,-8.4348,2.2266,4.4221,-1.4698,-0.9242,0.9033
-6.6032,2.1117,6.6918,-0.4341,-0.0123,1.4162,-7.4364,2.4157,6.2201,-1.0288,-0.2176,0.9469
-7.0342,2.4828,5.9065,-0.2146,0.0092,1.3099,-7.0198,2.9760,5.9233,-0.7288,-0.4928,1.1267
-6.9767,3.0215,6.2728,-0.0121,0.1765,1.1378,-7.1706,3.3519,5.7461,-0.4854,-0.3256,1.0640
-5.7509,3.4500,4.5370,0.4163,0.4313,0.9914,-5.2433,3.7038,5.8849,-0.0293,-0.7617,1.0010
-6.0765,3.7421,3.4333,0.2206,0.4058,0.9222,-4.5370,4.1970,5.3965,-0.0530,-0.6126,1.0148
-7.2209,3.7565,4.2904,0.1716,0.5842,0.8379,-5.5210,4.6543,5.0661,-0.0642,-0.3595,1.0380
-6.2848,4.9704,3.5147,0.2473,0.4716,0.6944,-3.8762,4.9680,5.6527,0.0699,-0.4514,0.8348
-6.1699,5.6767,3.0981,0.3481,0.5574,0.5720,-3.5650,5.3127,5.8275,0.2333,-0.2902,0.8303
-5.4564,6.1675,2.8587,0.3813,0.4307,0.4139,-2.1644,5.5115,6.2249,0.3281,-0.3852,0.6651
-5.3534,6.7373,2.2817,0.4395,0.4984,-0.1446,-1.8244,5.9233,6.7325,0.7083,-0.0418,0.3283
-6.5074,6.1435,1.5131,0.7093,0.5513,-0.4006,-2.2170,6.4907,5.0087,0.9517,-0.1893,0.0437
-6.8019,5.3582,0.7446,0.8507,0.5265,-0.5577,-2.4469,6.7828,3.8547,1.1535,-0.4266,-0.0027
-7.2113,4.5657,0.3759,0.9635,0.3850,-0.6273,-3.0215,7.0174,3.1149,1.1578,-0.3589,-0.2767
-8.3534,3.4022,-0.3400,0.6960,0.2678,-0.6102,-3.9337,7.3191,2.2577,0.9627,-0.0653,-0.3451
-10.4148,3.0574,4.3335,0.7569,0.2455,-0.2066,-6.2944,7.3071,2.4756,0.6242,-0.5031,-0.0593
-7.9320,3.7206,-0.5507,2.1025,-0.3052,0.4772,-3.3232,7.6231,1.9273,1.0560,-1.9803,0.0903
-8.2648,4.3862,-2.0901,2.9440,-0.8612,0.6839,-2.9880,8.2049,2.0231,1.1114,-3.2454,0.0196
-7.0916,5.0087,-2.8706,2.5651,-0.3957,0.4294,-0.9840,8.6862,1.0870,1.1928,-2.4568,-0.0727
-6.5769,5.2098,-4.4125,2.5050,-0.4471,0.3087,0.3855,8.7987,1.2953,1.2754,-2.4463,-0.1318
-6.9695,5.2577,-4.0127,1.7886,-0.2058,-0.1302,-0.2849,8.9471,1.0989,1.0455,-1.3873,-0.3328
-7.4795,4.9943,-4.1779,1.7612,-0.3898,-0.1808,-0.6680,9.1818,0.2131,0.9955,-1.3314,-0.5530
-7.5082,4.4772,-5.0159,1.6156,-0.7619,-0.1545,-0.8116,9.1602,0.0527,0.7284,-1.6214,-0.6358
-7.2880,4.3766,-4.5586,1.1882,-0.5810,-0.3336,-1.6209,8.9759,-0.4070,0.5665,-0.9318,-0.7250
-7.9080,3.4884,-4.8435,1.3973,-0.7518,-0.1785,-1.8818,9.1722,-0.5650,0.6018,-1.5697,-0.6322
-8.3079,3.3567,-4.8004,0.8585,-0.4490,-0.3203,-1.9034,9.3589,-1.1732,0.4648,-0.7646,-0.6374
-7.9296,3.1603,-4.9249,0.7008,-0.6029,-0.2836,-1.6664,9.2105,-0.8021,0.2983,-0.7502,-0.6400
-8.8202,3.0430,-4.0893,0.7558,-0.6129,-0.3056,-2.5522,9.4140,-1.3599,0.2996,-0.8155,-0.7654
-8.7676,2.6576,-4.0630,0.5003,-0.5347,-0.2402,-3.0454,9.0237,-0.9433,0.1106,-0.5337,-0.6530
-9.3158,2.4588,-3.9097,0.5616,-0.5870,0.0460,-3.8547,8.9902,-0.8571,0.0262,-0.8272,-0.4173
-8.9328,2.5163,-4.7597,0.3661,-0.4920,0.0818,-3.5889,9.0501,-1.0989,-0.0658,-0.6718,-0.2854
-8.9280,2.9736,-3.8810,0.2763,-0.3547,0.1138,-3.2178,8.9016,-0.3615,-0.0167,-0.4884,-0.2145
-8.7795,2.9736,-3.9193,0.4874,-0.5885,0.0917,-3.1292,8.9447,-0.4932,-0.0609,-0.7197,-0.3513
-8.8562,2.8970,-3.3064,0.5548,-0.6411,-0.0036,-3.9720,8.7939,-0.4046,-0.0927,-0.6905,-0.4510
-9.5577,2.9257,-1.7765,0.3421,-0.5761,-0.0673,-4.1707,8.6526,-0.0072,-0.1494,-0.2104,-0.5424
-8.9902,2.8395,-2.2242,0.5440,-0.7974,0.0738,-4.4005,8.3749,0.3567,-0.1593,-0.9691,-0.5255
-9.4547,2.7246,-1.5323,0.4286,-0.6471,-0.0597,-4.8100,8.1259,0.5004,-0.1438,-0.3973,-0.6101
-9.5289,2.6145,-1.3096,0.6109,-0.7994,0.1062,-5.1595,7.9511,0.7853,-0.1480,-0.7795,-0.5099
-9.1554,2.5977,-1.7095,0.5573,-0.6301,0.1584,-4.9440,7.9009,1.0534,-0.1440,-0.9140,-0.3605
-9.2392,2.6240,-1.4485,0.2397,-0.4479,0.2189,-5.2553,7.6686,1.5347,-0.2122,-0.4092,-0.0801
-8.9639,2.9592,-0.7805,-0.1488,-0.0313,0.1464,-4.9321,7.6543,1.7813,-0.2455,0.0833,0.0917
-8.9830,3.1077,-0.7063,-0.0504,0.0426,0.1911,-4.9225,7.6638,1.7789,-0.1757,-0.2101,0.1419
-9.0932,3.0550,-0.7877,-0.0374,0.1483,0.1402,-5.3965,7.5513,2.1117,-0.1279,-0.0155,0.2210
-9.3948,2.8443,-0.1915,-0.1605,0.3732,0.1781,-6.0047,7.3694,2.1787,0.0007,0.2260,0.4406
-9.1123,2.7701,-0.9026,-0.5720,1.0183,0.2462,-5.7221,7.2736,2.1859,0.0448,0.5023,0.9522
-9.6510,2.7414,-0.4405,-0.8448,1.5982,0.3736,-5.9256,7.3239,1.8004,0.0570,1.1179,1.4560
-8.8466,2.7916,-2.3846,-0.7653,1.8822,0.6328,-4.1803,7.7524,0.5315,0.1844,0.9152,1.7091
-7.9727,3.7230,-4.8937,-1.1227,1.8775,0.8166,-1.4437,8.7388,-0.6895,-0.1675,1.0812,1.8259
-6.8211,4.9105,-5.9017,-1.1121,1.5552,0.8462,0.1652,9.1195,-0.3663,-0.4185,1.0345,1.7473
