-2.7007,1.3336,7.6662,-0.1224,0.3395,-0.0794,-5.4013,-5.0996,4.5729,-0.2578,0.3625,-0.0073
-2.8108,1.2594,7.6926,-0.1160,0.2316,-0.0857,-5.7940,-5.2816,4.2497,-0.2308,0.3003,-0.0545
-3.1771,1.1444,7.8626,-0.0749,0.1953,-0.1150,-6.0238,-5.5761,4.3383,-0.1418,0.1716,0.0121
-2.9880,1.1923,7.1970,-0.0957,0.1677,-0.0641,-5.7078,-5.1188,3.8978,-0.1459,0.1216,0.0284
-3.1340,1.1468,7.6638,-0.0906,0.2038,-0.0943,-5.9185,-5.3965,4.2976,-0.1889,0.2538,-0.0007
-3.1244,1.2330,7.3287,-0.0590,0.2694,-0.0891,-5.7844,-5.3127,3.8331,-0.1819,0.2789,-0.0133
-3.3830,1.2139,7.0964,-0.1387,0.2591,-0.0613,-6.0190,-5.3510,3.5674,-0.2735,0.2329,-0.0221
-3.4213,1.1229,7.6734,-0.1230,0.3993,-0.0581,-6.1220,-5.5641,4.0199,-0.2763,0.3301,0.0164
-3.5530,1.1133,7.0222,-0.1358,0.2775,-0.0281,-6.0047,-5.3798,3.4261,-0.2506,0.1676,-0.0115
-3.3926,1.0151,7.5585,-0.1856,0.1160,0.0364,-5.8682,-5.5952,3.8547,-0.2669,0.1584,-0.0234
-3.5362,1.1061,7.1898,-0.1460,0.1086,-0.0440,-5.9113,-5.5019,3.5123,-0.1436,0.0288,0.0109
-3.9002,1.0558,7.1132,-0.1549,0.1492,-0.0324,-6.2968,-5.6743,3.4046,-0.1709,0.1875,-0.0378
-3.9792,1.1229,7.4699,-0.1342,0.0293,0.0492,-6.6248,-5.8419,3.5458,-0.1186,0.0472,0.0207
-3.7948,1.3671,7.3670,-0.0650,-0.0356,0.0765,-6.3734,-5.3486,3.6559,-0.0328,-0.0618,0.0759
-3.6440,1.3120,7.2329,-0.0690,-0.1006,0.0037,-6.2920,-5.4205,3.4022,0.0045,-0.0222,-0.0397
-3.3495,1.0989,7.2736,-0.1015,-0.1591,0.0272,-5.9735,-5.3582,3.7421,0.0109,-0.1609,-0.0195
-3.1819,0.9912,7.4579,-0.0966,0.0061,-0.0266,-5.8490,-5.4708,3.9241,-0.0821,0.0476,-0.0486
-3.2465,1.1061,7.2281,-0.1194,0.0837,-0.0357,-5.8873,-5.3750,3.7062,-0.1448,0.1081,-0.0256
-3.3327,1.0846,7.2520,-0.1395,0.1443,-0.0722,-5.8490,-5.4300,3.7182,-0.1848,0.1719,-0.0589
-3.5985,0.9744,7.2640,-0.1868,0.1980,-0.0870,-6.0549,-5.6336,3.6081,-0.2618,0.2738,-0.0777
-3.8068,0.9888,7.3598,-0.1989,0.3459,-0.1247,-6.2513,-5.8107,3.5554,-0.2872,0.3122,-0.0958
-4.1683,1.0127,7.0653,-0.1535,0.2513,-0.1228,-6.4907,-5.7844,2.9999,-0.2340,0.2491,-0.0755
-3.9409,0.8906,7.3981,-0.1487,0.1243,-0.0413,-6.3877,-5.8897,3.2441,-0.1733,0.0785,-0.0109
-4.0917,0.8954,7.2329,-0.1183,0.1404,-0.0438,-6.3686,-5.8035,3.0239,-0.1553,0.1617,-0.0285
-3.9983,0.7925,7.3334,-0.1059,0.0530,-0.0512,-6.3566,-5.9137,3.1603,-0.0877,0.0488,-0.0217
-4.1492,0.7805,7.0629,-0.0682,0.0893,-0.0278,-6.3159,-5.8634,2.9688,-0.0977,0.0881,0.0160
-3.7948,0.7087,7.1108,-0.0943,0.0318,-0.0203,-6.1507,-5.8634,3.3662,-0.0845,0.0079,0.0027
-3.9720,0.7494,7.2233,-0.0866,0.1318,-0.0276,-6.2824,-5.9544,3.2657,-0.1286,0.0783,0.0276
-4.2066,0.8068,7.2449,-0.0719,0.0253,0.0273,-6.4715,-5.9927,3.1220,-0.0977,0.0897,0.0581
-4.2425,1.0199,7.8314,0.0055,-0.0228,0.0378,-6.6798,-6.3782,3.3639,-0.0238,-0.0096,0.0883
-4.9392,0.7087,9.0788,0.3171,0.1949,0.1322,-7.5250,-7.5369,3.7421,0.0474,0.3909,0.3297
-4.5514,0.5507,8.3629,0.6403,0.1027,0.4157,-6.8331,-7.3263,3.9025,0.3387,-0.2156,0.8223
-4.6926,0.3735,8.5425,0.9038,0.3790,0.5581,-6.6056,-6.9671,3.5219,0.2074,0.8360,0.9197
-4.7166,0.6871,7.6136,0.6706,0.3333,0.4105,-6.8666,-6.3782,2.8371,0.0512,0.2936,0.8156
-6.1172,1.0558,9.6175,0.3639,0.8976,0.2855,-8.8514,-7.9679,3.8499,-0.4334,1.1118,0.5925
-7.1060,1.4844,9.5505,0.5415,0.5080,0.5895,-9.5984,-8.1547,2.5977,-0.2597,0.6334,0.9641
-6.2800,1.3240,7.6279,0.6483,0.2106,0.7029,-8.1187,-6.4236,1.8196,0.1271,-0.3292,1.1370
-5.0709,1.2546,5.5186,0.2763,-0.1935,0.6131,-6.4476,-4.6160,0.6345,0.0456,-0.3730,0.7774
-4.6017,1.0822,4.7429,-0.0797,-0.3649,0.4758,-6.0980,-4.8315,0.7973,-0.0147,-0.9068,0.4646
-4.5059,1.2043,5.2529,-0.0498,0.0088,0.8062,-6.1172,-4.8602,1.2713,-0.3481,-0.2793,0.7364
-3.4548,1.2785,5.1236,-0.0366,0.2276,0.8761,-5.4995,-4.2497,1.7454,-0.4545,-0.3240,0.7858
-3.0909,1.6999,4.5538,-0.1037,0.0628,0.8228,-5.2840,-3.2657,1.7909,-0.4105,-0.4318,0.6760
-2.5187,1.1516,4.2832,-0.0958,-0.0147,0.6010,-4.5083,-3.5291,1.7573,-0.1753,-0.5111,0.4870
-2.8683,1.6496,3.7685,0.1138,-0.8391,0.7448,-4.9416,-2.7892,0.7254,0.2971,-0.7661,0.4958
-1.5969,1.7430,1.4293,-0.2924,-0.9108,0.5116,-2.9736,-0.8475,0.4477,0.1027,-1.5493,0.2426
-2.8036,1.5275,2.1452,-1.0508,0.4530,0.1010,-4.1276,-1.9992,-0.2562,-1.1431,0.4004,-0.5280
-3.8283,1.3240,3.5195,-1.4598,0.4211,0.2903,-5.5378,-3.5554,-0.0335,-1.3432,-0.2301,-0.5857
-3.0023,0.8140,3.7637,-1.5543,-0.4948,0.4234,-4.2665,-3.4381,0.6656,-0.8404,-1.6178,-0.6183
-2.4924,0.7518,3.5985,-1.8189,-0.8115,0.5544,-3.8571,-3.3830,0.7829,-0.9860,-1.7832,-0.7059
-1.5467,0.0958,4.0893,-2.3289,-0.6422,0.7814,-2.9904,-3.8188,1.8148,-1.5765,-1.6685,-0.9284
-0.6847,-0.3376,6.1124,-2.6120,-1.0904,0.7915,-2.8611,-4.9608,3.6559,-1.3840,-2.2254,-1.1908
-0.2442,-0.6800,7.1850,-2.2599,-1.7134,0.6932,-2.6671,-5.6072,4.7190,-0.6734,-2.7375,-1.0716
0.2418,-1.1995,5.4253,-2.2463,-1.7193,0.9100,-1.1301,-4.6950,3.2585,-0.8509,-2.8015,-0.9529
1.4820,-1.9058,8.4348,-2.4283,-1.5723,0.9256,-0.9984,-6.6607,6.9288,-0.9968,-2.5924,-1.0576
1.4844,-1.9393,9.1411,-2.0232,-2.0227,1.0339,-1.2929,-6.7373,6.6511,-0.4382,-2.8090,-0.8394
1.7502,-2.8730,6.0190,-2.2629,-1.7984,1.0500,0.8523,-5.3558,4.4341,-0.8563,-3.5703,-0.7649
2.3798,-3.8164,8.7053,-2.7295,-0.9004,1.0095,1.0487,-7.7692,7.4101,-1.7114,-2.2220,-0.9677
2.2745,-4.0558,9.6414,-2.1669,-1.6208,0.9170,0.2682,-8.1977,7.2975,-0.7909,-2.2733,-0.9486
3.0119,-4.6017,8.7173,-2.1380,-2.2977,0.9020,1.9441,-7.8913,6.9671,-0.2695,-3.8028,-0.9026
3.4069,-5.3678,7.3239,-2.0375,-1.9586,0.9040,3.5003,-6.9887,6.2010,-0.6319,-2.8385,-0.7586
4.5657,-5.9783,8.1666,-2.4561,-1.2408,0.7205,4.2258,-7.8123,7.1036,-1.2774,-2.2311,-1.0760
4.4365,-6.3351,8.8298,-2.2753,-0.8029,0.3632,3.9552,-8.7293,7.5513,-1.1814,-1.8205,-1.0862
3.5458,-6.8522,8.0062,-2.1244,-0.9273,0.0979,3.8499,-8.7149,6.0932,-0.9422,-1.5537,-1.3412
2.9497,-7.1108,8.0637,-1.9352,-1.5300,-0.0594,3.6009,-9.5505,5.5881,-0.3635,-2.0018,-1.4224
2.8730,-7.8027,7.0844,-1.6381,-1.6220,0.0875,4.3479,-9.2703,4.5897,-0.2503,-2.3674,-1.1016
3.9456,-8.3869,6.7876,-1.9681,-1.2498,0.3700,5.6527,-9.2081,5.0518,-0.8360,-2.1402,-0.9781
4.5681,-8.5808,7.1826,-1.7436,-0.7016,0.1330,6.2920,-9.2895,5.6240,-0.8479,-1.3078,-0.9879
3.4572,-8.3941,5.5617,-1.6948,-0.5670,0.1014,5.6455,-8.7532,3.3926,-0.9811,-1.0798,-0.9634
3.7733,-8.6335,5.8083,-1.6906,-0.5642,0.0269,5.9640,-8.9280,3.9983,-0.8841,-1.0608,-1.0042
3.0813,-8.6862,4.8435,-1.4985,-0.6070,-0.0468,5.6814,-8.8490,2.6719,-0.7233,-0.9610,-0.9467
3.1508,-8.9735,4.9871,-1.4056,-0.5881,0.0222,5.7700,-9.1794,2.8587,-0.6837,-1.0876,-0.7822
3.5003,-9.3206,4.6040,-1.2460,-0.3713,0.1081,6.5098,-9.0046,2.8060,-0.7288,-0.8322,-0.6210
3.9887,-9.4906,4.9823,-0.9550,-0.2419,-0.0284,6.5864,-9.2344,3.3375,-0.5700,-0.5837,-0.5313
3.5793,-9.4739,4.2760,-0.8112,0.4612,0.0826,6.7349,-8.8490,2.5618,-0.9140,-0.1891,-0.1596
3.8906,-9.4140,5.1691,-0.6226,0.7445,-0.1190,6.6750,-9.3206,3.4596,-0.8820,0.6607,-0.2013
3.1723,-9.5409,4.8339,-0.2474,0.7665,-0.3082,6.2369,-9.3948,2.5809,-0.5303,0.6499,-0.0762
3.3016,-9.4475,4.9273,-0.0849,1.0036,-0.2872,6.3734,-9.3661,2.9042,-0.6006,0.9666,0.0989
3.0789,-9.4763,4.6495,0.3195,1.3856,-0.4153,6.2201,-9.2847,2.3798,-0.4890,1.4953,0.2785
2.7031,-9.4379,3.6751,0.4104,1.4893,-0.3276,6.2297,-8.6814,1.2378,-0.5301,1.6305,0.4405
2.5881,-9.1937,3.7254,0.4435,1.6822,-0.3044,5.7581,-8.8394,1.5395,-0.6079,1.6505,0.5293
2.3727,-8.9184,3.5386,0.6358,1.6493,-0.2060,5.6360,-8.5401,1.1372,-0.4752,1.6667,0.6893
2.7007,-8.9112,2.8228,0.5621,1.6014,-0.1479,6.0861,-7.8602,0.6943,-0.5201,1.5074,0.7028
2.6552,-8.7364,3.0478,0.5060,1.4975,-0.1114,5.8323,-7.9535,0.9170,-0.5195,1.4629,0.6791
2.8347,-8.6455,2.8419,0.5490,1.3319,-0.1118,5.9137,-7.7333,0.9026,-0.3515,1.2800,0.6403
2.8443,-8.4635,2.4995,0.6045,1.2309,-0.1183,6.0645,-7.2927,0.5890,-0.2529,1.2327,0.6343
2.7485,-8.1331,1.6209,0.4679,1.1119,-0.1254,6.1292,-6.6032,-0.0790,-0.3247,1.1309,0.5180
2.6384,-8.0828,1.5658,0.2377,1.1145,-0.1447,5.9017,-6.6511,-0.0024,-0.4710,1.0447,0.3575
2.6432,-8.1092,1.9872,0.0931,0.9970,-0.2189,5.8658,-6.9240,0.3639,-0.4684,0.9129,0.2080
2.5426,-8.2911,2.2314,0.0292,0.7962,-0.2506,5.7413,-7.3334,0.3903,-0.3817,0.7580,0.1006
2.2242,-8.5904,2.1859,-0.0161,0.7009,-0.2713,5.6383,-7.5920,0.2107,-0.3687,0.7353,0.0163
2.0590,-8.4946,2.2817,-0.0949,0.5389,-0.2870,5.4109,-7.6902,0.1101,-0.3227,0.5798,-0.0673
1.9225,-8.4276,2.0566,-0.1848,0.2976,-0.2795,5.4181,-7.4555,-0.1484,-0.2382,0.3620,-0.1757
1.8052,-8.4300,1.7334,-0.3146,0.3206,-0.2486,5.4564,-7.4005,-0.4310,-0.3553,0.2634,-0.2182
1.9321,-8.3893,1.9082,-0.4161,0.3016,-0.2446,5.4013,-7.3765,-0.4094,-0.4229,0.2252,-0.3000
2.0710,-8.4252,2.0614,-0.5331,0.0512,-0.2364,5.4779,-7.5082,-0.0622,-0.3473,-0.0222,-0.4037
2.1787,-8.3797,1.6712,-0.5830,-0.0918,-0.2591,5.6599,-7.2377,-0.3065,-0.2987,-0.1532,-0.5016
2.3511,-8.6933,1.5012,-0.7360,-0.1620,-0.2781,6.0741,-7.2927,-0.3519,-0.3798,-0.2802,-0.6121
2.3296,-8.8250,1.6999,-0.8825,-0.1707,-0.2932,6.0717,-7.4508,-0.4286,-0.4505,-0.3226,-0.7109
2.5426,-9.0118,1.8076,-0.9573,-0.3331,-0.2649,6.2225,-7.6471,-0.1963,-0.4190,-0.4968,-0.7460
2.6600,-9.0716,1.8244,-0.9601,-0.4057,-0.2795,6.4859,-7.6686,-0.1293,-0.3946,-0.5538,-0.7827
2.5738,-9.4427,1.6257,-1.0231,-0.4686,-0.3210,6.6439,-7.8985,-0.2825,-0.3748,-0.5821,-0.8508
2.4612,-9.5768,2.1165,-1.0344,-0.4177,-0.2846,6.4021,-8.2145,-0.1149,-0.4334,-0.4998,-0.8528
2.6552,-9.6750,2.2482,-0.9573,-0.4966,-0.2582,6.5912,-8.3414,0.2131,-0.3163,-0.6247,-0.7639
2.5714,-9.6510,2.1452,-0.8891,-0.4322,-0.2878,6.6272,-8.2648,0.0168,-0.3220,-0.4704,-0.7885
2.3822,-9.6247,2.3774,-0.8552,-0.3559,-0.2461,6.2920,-8.5162,0.0646,-0.3432,-0.4233,-0.7000
2.3511,-9.8258,2.5546,-0.6719,-0.3027,-0.2148,6.4093,-8.7987,0.2801,-0.2489,-0.3348,-0.5646
2.2553,-9.6702,2.7054,-0.5131,-0.3348,-0.1458,6.2153,-8.6239,0.3519,-0.1107,-0.3365,-0.4299
2.4062,-9.6414,2.3415,-0.3758,-0.2763,-0.1227,6.4260,-8.5162,0.1915,-0.0580,-0.2990,-0.2962
2.0662,-9.6247,2.4301,-0.1955,-0.1467,-0.0825,6.0478,-8.7652,-0.0383,-0.0341,-0.0675,-0.1575
2.1045,-9.6103,2.3296,-0.0530,-0.1703,-0.0059,6.2441,-8.5186,-0.1269,0.0849,-0.1688,0.0208
2.4301,-9.4954,2.1428,0.0139,-0.0645,0.0324,6.3231,-8.2097,-0.0503,0.0524,-0.0172,0.0608
2.3104,-9.5050,2.0039,0.0997,-0.1541,0.0242,6.2680,-8.2839,-0.1556,0.1608,-0.0557,0.1069
2.3439,-9.6606,2.1452,0.1439,0.0480,0.0879,6.4356,-8.3893,-0.1006,0.0602,0.0766,0.2158
2.4325,-9.5768,2.2865,0.2992,0.0572,0.1247,6.5074,-8.4204,0.0168,0.1688,0.1258,0.3399
2.6504,-9.6702,1.9201,0.3874,0.1215,0.1617,6.6990,-8.1642,-0.0599,0.1478,0.1779,0.4227
2.7845,-9.8737,2.5977,0.4405,0.2381,0.1434,6.6367,-8.7412,0.5195,0.1418,0.3355,0.4860
2.5690,-9.8713,2.6671,0.6967,0.3970,0.1843,6.5649,-8.8466,0.4214,0.2402,0.5269,0.6832
2.6887,-9.6702,2.0997,0.8033,0.3271,0.2336,6.6463,-8.1906,-0.1365,0.3393,0.4820,0.7627
2.6695,-9.5050,2.2410,0.8255,0.3317,0.2707,6.5410,-8.2456,0.1628,0.3472,0.4770,0.7899
2.5522,-9.2967,1.8100,0.9070,0.2637,0.2963,6.4260,-7.8386,-0.3184,0.4289,0.4647,0.8302
2.5833,-9.2392,1.7095,0.7898,0.2625,0.2975,6.4093,-7.7788,-0.2442,0.3256,0.4042,0.7665
2.6935,-9.1985,2.1117,0.8163,0.2258,0.2976,6.3015,-7.9440,0.2155,0.4012,0.3998,0.7678
2.4852,-8.9471,1.4174,0.7974,0.0858,0.2879,6.3111,-7.2233,-0.6464,0.4533,0.2418,0.7128
2.2122,-8.6191,1.1492,0.6142,-0.0221,0.2705,5.9041,-7.0150,-0.9002,0.3728,0.1853,0.5456
2.3176,-8.6072,0.7278,0.3841,-0.2445,0.2844,6.2106,-6.5457,-1.0942,0.2935,-0.0144,0.3826
2.2194,-8.3031,0.6033,0.1964,-0.1968,0.2028,5.9185,-6.4859,-1.1157,0.2162,-0.1647,0.2501
2.1548,-8.2911,0.3089,-0.0133,-0.3900,0.1584,5.9664,-6.3782,-1.2234,0.1752,-0.3323,0.0306
2.0758,-8.3725,0.5914,-0.2008,-0.5524,0.1266,5.9352,-6.5074,-1.2905,0.1551,-0.5566,-0.1152
2.1500,-8.5665,0.6536,-0.3761,-0.6539,0.1486,5.9113,-6.7277,-1.2785,0.0715,-0.7120,-0.2029
2.4229,-8.7412,0.3615,-0.5621,-0.7500,0.1648,6.4979,-6.6415,-1.2522,0.0044,-0.9105,-0.3419
2.6001,-9.0381,0.5914,-0.7478,-0.9493,0.1362,6.6080,-6.9408,-1.3096,-0.0052,-1.1405,-0.5105
2.6624,-9.2560,0.6057,-0.9028,-1.0396,0.1279,6.9623,-7.0030,-1.2067,-0.0466,-1.3067,-0.6077
2.9425,-9.3901,0.7590,-1.0655,-1.1135,0.0717,7.0797,-7.2329,-1.0080,-0.1184,-1.3724,-0.7689
2.9018,-9.6367,0.9888,-1.1425,-1.2738,0.1419,7.1132,-7.5489,-0.7278,-0.1392,-1.5407,-0.7682
3.1867,-9.8043,1.5778,-1.1453,-1.2693,0.1675,7.2832,-7.7931,-0.1963,-0.1214,-1.4859,-0.7670
3.2058,-9.8378,1.7310,-1.0523,-1.3039,0.1536,7.3215,-8.0278,0.0670,-0.0406,-1.4480,-0.7597
3.3495,-9.7923,2.0303,-0.9371,-1.3376,0.1191,7.3430,-8.0948,0.3998,0.0837,-1.4168,-0.7241
3.5051,-9.7444,2.2410,-0.7186,-1.0543,0.0818,7.2832,-8.0182,0.5243,0.0890,-1.0627,-0.5736
3.1891,-9.5960,1.9656,-0.4578,-0.7835,0.0249,7.0294,-7.8147,0.1604,0.1171,-0.7127,-0.4198
3.0574,-9.4715,2.0446,-0.4199,-0.6985,-0.0004,6.8019,-7.8961,0.1030,0.1179,-0.6622,-0.3664
2.8994,-9.3877,2.0159,-0.3669,-0.5273,-0.0080,6.6942,-7.8482,0.1269,0.0494,-0.4970,-0.2995
2.7845,-9.4092,2.1548,-0.3186,-0.4081,-0.0489,6.5386,-7.9942,0.1556,0.0290,-0.3736,-0.2697
2.7438,-9.2799,2.0758,-0.2549,-0.2939,-0.0364,6.4715,-8.0110,0.1820,0.0055,-0.2687,-0.1769
2.6671,-9.4332,2.1141,-0.2042,-0.1022,-0.0416,6.4739,-8.2193,0.1149,-0.0834,-0.0821,-0.1091
2.5929,-9.4954,2.2075,-0.1009,0.1522,0.0049,6.4236,-8.2145,0.1532,-0.1679,0.1391,0.0517
2.7270,-9.3637,2.2817,0.0572,0.1859,-0.0462,6.4931,-8.2241,0.3496,-0.0404,0.2216,0.1087
2.8611,-9.5433,2.1644,0.2258,0.2465,-0.0520,6.6846,-8.1690,0.1460,0.0533,0.2771,0.2258
2.8611,-9.6343,1.6975,0.3579,0.4374,-0.0681,6.8929,-8.0134,-0.0670,0.0203,0.5726,0.3003
3.0502,-9.7085,1.6735,0.4551,0.5435,-0.0910,7.0461,-7.9392,-0.1939,0.0464,0.6702,0.3830
2.8850,-9.8306,1.3408,0.5088,0.7048,-0.1222,7.1323,-7.8386,-0.4836,-0.0216,0.8462,0.4108
2.8156,-9.8569,1.8268,0.5457,0.8665,-0.1210,7.0581,-8.3342,-0.2825,-0.0690,0.9567,0.5071
2.6624,-10.0197,1.7095,0.6742,0.9053,-0.0747,6.8809,-8.3653,-0.4094,-0.0123,1.0311,0.6083
2.5881,-10.0413,2.0638,0.6913,0.8370,-0.0252,6.8426,-8.5449,-0.3663,0.0151,0.9718,0.6548
2.1548,-10.1203,2.4157,0.8126,0.9808,0.0179,6.4260,-9.0860,-0.1532,0.0136,1.1462,0.7655
2.3152,-10.2304,2.5139,0.9204,0.9670,0.0810,6.6176,-9.0166,-0.0263,0.0955,1.0916,0.8644
1.5131,-10.3573,2.9951,1.0172,0.8186,0.1264,5.8059,-9.9359,-0.1700,0.2301,1.0973,0.9173
2.2649,-10.8194,3.7230,1.2937,1.2217,0.2886,6.5697,-10.1897,0.7302,0.1186,1.3777,1.3078
1.9728,-10.7188,4.7836,1.3647,1.7104,0.4534,6.0573,-10.8697,1.4868,-0.1436,1.6337,1.6683
2.1404,-10.9774,5.3008,1.5689,1.8546,0.4838,6.1746,-11.2336,1.9058,-0.0364,1.9020,1.7587
0.5866,-10.6207,5.4708,1.8105,1.4572,0.5585,4.5250,-11.5616,1.0463,0.2879,1.9434,1.8075
0.9768,-9.7564,5.1308,1.9333,1.1057,0.8140,4.8554,-10.5417,1.5371,0.5469,1.0917,2.0459
1.4653,-9.1985,5.4157,1.9152,0.9185,0.6780,4.7190,-9.9096,2.0758,0.6575,1.2119,1.8410
1.0942,-8.3773,5.8035,1.8342,1.0681,0.5918,3.7397,-9.9072,2.4277,0.5233,1.3005,1.7644
1.0032,-7.8697,6.4859,1.7710,1.1494,0.6335,3.1627,-9.8617,3.2848,0.4008,1.5335,1.7702
1.1109,-7.3957,6.6319,1.7769,1.1481,0.4437,3.0646,-9.2440,3.2681,0.4710,1.3530,1.6530
0.2394,-6.6846,6.6248,1.6730,1.3801,0.3998,1.9561,-9.4403,3.2872,0.2595,1.8414,1.5890
0.3448,-6.1387,7.5106,1.6995,1.1619,0.4243,1.0415,-9.4930,4.2641,0.3862,1.5552,1.5720
-0.1365,-5.2385,7.1012,1.8912,1.0284,0.2882,0.4932,-8.7029,3.6344,0.6458,1.3438,1.6273
-0.0383,-4.3742,7.4891,1.8735,1.0583,0.2944,-0.0024,-8.1523,4.4604,0.6367,1.7616,1.4789
0.1867,-3.4046,7.9296,2.2535,0.1529,0.0969,-0.7494,-7.5896,4.8961,1.4184,1.1842,1.4172
0.3926,-2.6264,6.7277,2.2968,0.6105,-0.1760,-0.2753,-6.0525,4.5131,1.3483,1.0375,1.3957
-0.9840,-1.7095,6.6966,2.0720,1.0392,-0.2610,-1.9704,-6.0501,3.8786,0.8613,2.8341,1.0292
-0.4381,-1.5874,7.6423,2.1098,0.4599,-0.4702,-2.5211,-6.5050,4.9129,1.4328,1.2761,1.0445
-1.3623,-1.0726,5.7724,2.1885,0.4788,-0.6490,-2.3727,-5.2864,3.0502,1.4534,1.6653,0.8454
-1.5060,-0.4381,5.8012,1.9886,0.5886,-0.7686,-3.2441,-5.1236,2.9951,1.2666,1.9448,0.6655
-1.7861,-0.2083,5.3774,1.7680,0.3900,-1.0376,-3.2274,-4.5777,2.5881,1.3630,1.5970,0.2825
-2.8371,0.1508,5.0039,1.3308,0.4169,-1.2008,-4.2234,-4.7094,1.9656,1.0206,1.6487,-0.0554
-3.0358,0.0694,5.9256,1.0845,0.3672,-1.3073,-4.6687,-5.3367,2.3367,0.9545,1.5760,-0.2658
-3.9361,0.1293,5.9352,1.0576,0.3579,-1.3571,-5.6647,-5.9089,1.9130,0.9641,1.5503,-0.3368
-4.9440,0.0886,5.8083,1.1094,0.3736,-1.1839,-6.2369,-6.3518,1.0822,0.9252,1.6678,-0.1789
-5.3822,0.2969,5.3917,1.0575,0.2553,-1.0022,-6.7229,-5.9927,0.4717,0.9246,1.2702,-0.0835
-5.8012,0.5818,4.9584,0.9709,0.0350,-0.7886,-6.5673,-5.5929,-0.1173,0.9216,0.8769,-0.0004
-5.3391,0.6847,5.2313,0.6828,-0.3468,-0.6254,-6.2608,-5.4205,0.4262,0.9148,0.4719,-0.1452
-4.9009,0.8068,6.2824,0.6632,-0.8933,-0.6367,-6.6272,-5.8826,1.4269,1.2874,-0.0899,-0.2581
-4.6711,1.1013,6.7301,0.6996,-1.2521,-0.4784,-6.7229,-5.7461,1.9345,1.4805,-0.2182,-0.2793
-3.3830,1.2282,6.1483,0.4811,-1.8820,-0.5371,-5.6814,-4.7094,2.5905,1.7388,-0.9166,-0.5729
-3.6464,1.4078,6.6535,0.6302,-2.5106,-0.7476,-6.3015,-5.0302,2.5091,2.2811,-1.1343,-0.7244
-2.7509,1.4365,5.3654,0.4016,-2.2163,-0.5416,-5.1212,-3.8954,2.2410,1.8631,-1.3876,-0.6289
-1.6544,1.0415,5.2816,-0.0065,-1.9220,-0.4642,-4.0725,-3.8618,2.9521,1.3423,-1.0984,-0.8082
-0.5339,0.5770,7.0940,-0.0177,-2.0450,-0.4074,-3.8475,-4.7788,4.8123,1.4105,-1.4897,-0.7091
-0.3256,0.1676,6.2297,-0.1062,-1.2851,-0.2349,-2.9568,-4.6926,4.5035,0.7869,-1.3009,-0.3876
-0.1628,-0.1891,7.4795,-0.5049,-0.7056,0.1629,-2.9113,-5.0973,5.3199,-0.0386,-0.0322,-0.4575
0.9337,-0.2059,8.6095,-0.3984,-1.1907,0.0204,-2.8874,-5.4947,6.8283,0.5352,-1.5155,-0.3259
-0.9984,0.2035,7.0150,-0.3423,-0.4334,0.2017,-3.3639,-5.0709,4.5083,-0.1001,-0.4343,-0.1086
0.1341,0.1604,8.2696,-0.5672,-0.2382,0.4939,-3.3950,-5.3941,6.2273,-0.4983,-0.1025,-0.0553
0.7733,0.2011,9.2105,-0.3964,-0.3635,0.3344,-3.1364,-5.5617,7.3502,-0.0779,-1.0593,0.0798
0.1269,0.5674,9.1028,-0.2028,-0.4435,0.4884,-3.7924,-5.5378,6.7469,-0.0911,-0.0317,0.1174
0.5315,0.7039,8.5952,0.0011,-0.7702,0.6094,-3.6344,-5.0446,6.7014,0.2747,-0.9252,0.3533
1.9537,0.7829,8.5569,0.0073,-0.9832,0.5959,-2.3487,-4.2018,7.7883,0.4121,-1.0166,0.2533
1.9154,2.0327,9.8857,0.3656,-0.6190,0.5685,-3.3567,-3.8427,8.5952,0.4263,-0.5015,0.6271
1.8603,0.8356,8.4276,0.0196,0.4587,0.0486,-2.3966,-4.1061,7.8913,-0.2894,0.4891,0.0933
0.4693,1.8818,9.6271,-0.0683,0.0678,-0.1656,-5.0996,-4.9656,7.2808,-0.0257,0.8106,-0.1776
0.8859,2.0303,6.7947,-0.0107,-0.1753,0.1631,-3.9217,-2.9113,6.0094,0.1563,-1.2312,0.3733
1.4844,2.0016,6.7564,-0.1069,0.4545,0.1430,-2.9568,-2.8874,6.1794,-0.4338,0.3547,0.2447
0.2921,1.8124,7.7141,0.0128,0.6225,0.2657,-4.5538,-3.9576,6.0861,-0.5124,0.4956,0.3833
1.4820,1.3575,8.2839,0.1164,0.5852,0.3573,-2.9640,-3.7661,7.4508,-0.3439,0.0369,0.5379
1.1875,1.4509,8.3175,0.1899,0.4437,0.1741,-3.2705,-3.8116,6.7900,-0.2128,0.4856,0.3467
0.5124,1.4030,8.3677,-0.0958,0.6117,0.0211,-3.7350,-4.3455,6.7636,-0.5152,0.4299,0.1560
0.6081,1.4892,8.5281,-0.1404,0.3348,-0.0017,-3.9073,-4.1659,6.5290,-0.3170,0.3964,0.0655
0.7374,1.4868,7.3095,-0.1929,0.1962,-0.0181,-3.3734,-3.5338,6.3063,-0.3130,0.1448,-0.0057
0.3328,1.2617,8.5018,-0.2228,0.5344,-0.2049,-4.0917,-4.8243,6.6391,-0.5084,0.7629,-0.1531
-0.3041,1.4844,8.3653,-0.0871,0.4660,-0.0851,-4.7381,-4.8411,5.8730,-0.3159,0.3268,0.0573
-0.0670,1.3096,8.0804,-0.1050,0.4437,-0.1065,-4.2210,-4.6017,6.2704,-0.2900,0.3412,-0.0145
-0.3950,1.3408,8.4683,-0.0368,0.2737,-0.1322,-4.6064,-4.7238,5.9879,-0.1203,0.3564,-0.0217
-0.2083,1.3910,8.2217,-0.0072,0.0365,-0.1362,-4.3287,-4.4245,6.1028,0.0484,0.0176,-0.0179
-0.3232,1.6209,8.0685,0.0072,0.0372,-0.1573,-4.4939,-4.4508,5.8419,0.0141,0.1855,-0.0553
-0.3759,1.7214,8.0110,-0.0324,0.0059,-0.0530,-4.7166,-4.3742,5.8155,-0.0201,0.0609,0.0044
-0.2849,1.7813,7.8051,-0.0398,0.0445,-0.0060,-4.5298,-4.1444,5.9113,-0.0573,0.0155,0.0469
-0.1532,1.6281,7.9823,-0.0970,0.1962,-0.0648,-4.3886,-4.3167,6.0501,-0.1847,0.2134,-0.0160
-0.5650,1.5419,8.0038,-0.0789,0.2733,-0.0620,-4.7118,-4.6160,5.7557,-0.2065,0.2041,0.0545
-0.2514,1.5227,8.0780,-0.0910,0.2915,-0.0438,-4.4556,-4.3981,6.0406,-0.2409,0.2157,0.0670
-1.9010,2.0949,6.4045,-0.1737,0.3408,0.0020,-5.0039,-3.8547,3.7924,-0.4229,0.4183,-0.0168
-0.1844,0.9481,8.9423,-0.1524,0.1367,0.0469,-4.2569,-5.2050,6.8354,-0.1648,-0.2758,0.1063
-0.5842,0.9194,8.2744,-0.0510,0.1075,-0.0949,-4.3383,-5.2313,5.8514,-0.0678,0.2547,-0.0256
-0.2538,1.3599,8.1882,0.0084,0.0120,-0.1332,-4.4029,-4.6448,5.9640,0.0677,0.0127,0.0055
-1.0774,1.6017,7.8482,-0.0183,0.0866,-0.1916,-4.9105,-4.6017,5.2840,-0.0128,0.2831,-0.1100
-1.0726,1.6855,8.2121,-0.0366,-0.0328,-0.1163,-5.3271,-4.8339,5.5809,0.0517,0.0566,-0.0632
-1.0918,1.6712,7.9775,-0.0096,-0.1989,-0.0683,-5.1044,-4.6471,5.4277,0.1416,-0.0537,-0.0562
-0.8595,1.7071,8.0517,0.0024,-0.2300,-0.0272,-4.9344,-4.5562,5.6479,0.1529,-0.1046,-0.0268
-0.2945,1.4174,7.7620,-0.0366,-0.1107,-0.0617,-4.2832,-4.4317,5.8921,0.0713,-0.0597,-0.0485
-0.2682,1.4653,8.0038,-0.0386,0.0549,-0.1151,-4.4676,-4.5011,5.9400,-0.0139,0.1104,-0.0469
-0.4693,1.4724,7.6255,-0.0681,0.0793,-0.0689,-4.4197,-4.3359,5.7102,-0.0883,0.0990,-0.0040
-0.4980,1.4700,7.8314,-0.1096,0.2270,-0.0909,-4.4987,-4.4173,5.6886,-0.2028,0.2117,-0.0448
-0.9960,1.6831,8.0278,-0.1423,0.2442,-0.0911,-5.0973,-4.5897,5.3941,-0.2260,0.3067,-0.0891
-1.5131,1.8818,8.1307,-0.1352,0.2321,-0.0935,-5.5019,-4.7932,5.2696,-0.2001,0.2192,-0.0592
-1.7741,1.9585,8.1810,-0.1029,0.0372,-0.0027,-5.9448,-4.9799,5.0877,-0.0887,0.0702,-0.0084
-1.3288,1.6305,8.0541,-0.0709,-0.1913,0.1731,-5.2720,-4.8937,5.4396,0.0338,-0.2838,0.1306
-0.7350,1.4916,8.0086,-0.0493,-0.2204,0.1423,-4.6448,-4.5681,5.7892,0.0476,-0.2189,0.0975
-0.7661,1.6759,7.8985,-0.0517,-0.2189,0.1199,-4.8746,-4.5226,5.4588,0.0566,-0.2074,0.0709
-0.8236,1.7166,8.1834,-0.0685,-0.2012,0.1625,-5.0398,-4.6471,5.6168,0.0320,-0.2498,0.1015
-0.8906,1.7047,7.8506,-0.0814,-0.2491,0.1740,-4.8794,-4.3838,5.4372,0.0225,-0.2667,0.0809
-0.5076,1.6903,8.4084,-0.0753,-0.2314,0.1731,-4.8818,-4.6208,6.0190,0.0400,-0.2863,0.0927
-0.5890,1.8340,8.0014,-0.0592,-0.4403,0.2108,-4.7645,-4.0414,5.5426,0.1132,-0.4157,0.0470
-0.2610,1.6568,7.7237,-0.1944,-0.2531,0.1709,-4.5370,-4.2713,5.8610,-0.0345,-0.4333,0.0105
0.0359,1.6640,8.2169,-0.3134,-0.0905,0.1765,-4.4700,-4.4125,6.4165,-0.2294,-0.2495,-0.0192
0.2346,2.0758,8.0206,-0.3628,-0.0304,0.1751,-4.3694,-3.7804,6.3877,-0.3006,-0.3258,-0.0025
0.2059,1.5419,7.7620,-0.6510,0.1211,0.1731,-3.9049,-3.9337,6.2153,-0.6991,-0.2658,-0.1074
0.7087,1.3671,8.7508,-0.8775,0.6113,-0.2725,-3.8882,-4.4365,7.1491,-0.9976,0.3471,-0.4676
-1.7262,0.8835,9.0716,-1.0717,1.1603,-0.2775,-5.9304,-6.6128,5.9759,-1.5019,0.9831,-0.5129
-1.9034,0.2993,10.5800,-0.6916,1.6677,0.0348,-5.8826,-8.1020,7.2999,-1.5457,0.8848,0.1178
-1.6041,-0.2729,10.3070,0.2786,1.3845,-0.0870,-5.5569,-7.7237,6.6104,-0.4970,1.5251,0.4816
-2.2410,0.0048,9.6271,0.5008,0.3551,-0.1645,-5.2672,-7.1850,5.3319,0.1627,0.4722,0.3379
-1.2546,-0.0311,9.4763,0.7293,0.3436,-0.2886,-4.4939,-6.7852,6.0813,0.3941,0.5789,0.4064
-1.4676,0.1389,8.3893,0.6795,0.6807,-0.4892,-4.5179,-6.0789,5.2385,0.1728,1.1566,0.2381
-1.2163,0.3400,8.4611,0.6205,0.9806,-0.6527,-4.4125,-5.7916,5.6862,0.0261,1.2377,0.1869
-2.4995,1.1468,8.2887,0.7609,1.1297,-0.7020,-5.9975,-5.7820,4.4149,0.0526,1.7984,0.1905
-2.2194,1.4174,8.2408,0.9788,0.9185,-0.5416,-5.8682,-5.6024,4.9488,0.3740,0.9974,0.5002
-2.0087,1.6520,6.8426,1.2301,0.7751,-0.6502,-5.3008,-4.2641,4.0606,0.5814,1.4368,0.4242
-1.9968,1.9010,6.4093,1.1442,0.9224,-0.9041,-5.2361,-3.9720,3.9911,0.5757,1.4845,0.2490
-2.8323,2.1189,6.9959,1.2886,1.0985,-1.0559,-6.0837,-4.8435,4.1444,0.5429,1.8691,0.2883
-4.3718,2.5953,7.2042,1.8091,1.5569,-0.9186,-7.7596,-5.0757,2.9425,0.6356,2.6552,0.7072
-5.1858,3.1556,4.9752,1.7213,0.5961,-0.4219,-7.6662,-3.2944,0.2442,0.9649,1.2004,0.8336
-4.4796,3.2729,3.9935,1.0966,0.3380,-0.3186,-6.9623,-2.5618,0.9266,0.5786,0.9370,0.5229
-4.0845,3.3806,4.6495,0.8739,0.5574,-0.4254,-7.1682,-2.7581,1.7861,0.4061,1.0567,0.3532
-4.1851,3.5889,4.1396,0.8192,0.2955,-0.5458,-6.9791,-2.0901,1.0151,0.5518,0.8548,0.1356
-4.2856,3.6320,3.6200,0.5436,0.0823,-0.7742,-7.1563,-1.9968,0.5602,0.5926,0.8188,-0.2470
-4.5155,3.6057,3.4931,0.3381,-0.0789,-0.9348,-7.1754,-2.1524,0.5004,0.5790,0.6227,-0.4874
-4.8530,3.4141,3.5985,0.1430,0.0835,-1.1042,-7.2975,-2.4995,0.5938,0.3878,0.7286,-0.7119
-5.4468,3.4884,4.0510,0.0222,0.0785,-1.1532,-7.9248,-2.9544,0.3184,0.3540,0.7161,-0.8107
-5.2816,3.0263,4.2306,0.0945,-0.0250,-1.1607,-7.5729,-3.3208,0.5052,0.4634,0.7228,-0.8103
-5.7988,2.8587,4.6687,0.0608,-0.0207,-1.2517,-7.9895,-3.9433,0.4549,0.5297,0.7412,-0.9088
-5.8395,2.6959,5.1643,0.2229,-0.6014,-1.2453,-8.0732,-4.4293,0.7207,1.0163,0.3216,-0.9212
-5.2672,2.4636,3.9313,0.1487,-0.7048,-1.2121,-7.1251,-3.5817,0.2849,0.8041,0.2033,-0.9329
-5.0182,2.3296,4.8985,-0.2483,0.0690,-1.1807,-7.0102,-3.9528,1.0606,0.1511,0.7240,-1.0192
-4.7262,1.4581,6.1172,-0.4736,0.2693,-1.4508,-6.6583,-5.3127,2.2553,0.0012,0.9041,-1.3151
-5.7964,0.7087,7.0916,-0.1720,0.3072,-1.6762,-7.7189,-7.0557,2.0686,0.3401,1.1163,-1.2621
-7.1228,0.1508,6.4811,0.2222,0.0721,-1.6016,-7.8290,-7.6112,0.2322,0.6584,0.9971,-1.0431
-7.7524,-0.3807,5.3486,0.2539,0.1017,-1.3522,-7.5992,-7.6184,-1.0702,0.5606,0.9734,-0.8186
-8.1714,-0.6512,5.5665,0.4541,0.3868,-1.1607,-7.6710,-8.1547,-0.8068,0.4963,1.0123,-0.5083
-8.8011,-1.1947,4.5969,0.5221,0.4506,-0.9422,-7.4603,-7.9296,-2.8276,0.4876,1.0352,-0.3120
-9.5409,-1.3551,4.0630,0.0681,0.1027,-0.5991,-7.9080,-8.3031,-3.2944,0.1203,0.3519,-0.3191
-9.0477,-0.9744,5.1188,-0.1154,0.1948,-0.0946,-7.9679,-8.4156,-1.8675,-0.1867,0.1479,-0.0003
-8.0876,-0.8404,5.1116,-0.0039,0.2234,0.0602,-7.4005,-7.7213,-1.4269,-0.1576,0.2057,0.1518
-8.2217,-0.4046,4.7070,-0.1134,0.1287,0.1769,-7.6662,-7.3310,-1.6233,-0.2659,0.0159,0.1929
-7.5346,-0.2322,4.9105,-0.1597,0.2990,0.3705,-7.2903,-7.0342,-0.9074,-0.4475,-0.0249,0.3373
-7.9248,-0.0359,5.2768,-0.2166,0.3956,0.3964,-7.8793,-7.2544,-1.0104,-0.5347,0.0317,0.3480
-7.7045,0.1437,5.1523,-0.2010,0.4092,0.5895,-7.6974,-6.9432,-0.9122,-0.6194,-0.0606,0.5327
-7.4915,0.1652,5.2888,-0.1985,0.4960,0.5682,-7.6207,-6.8833,-0.6057,-0.6193,0.0350,0.5111
-7.9799,0.3735,5.1164,-0.0999,0.3664,0.6546,-8.1738,-7.0342,-0.9936,-0.5132,-0.1199,0.6416
-7.5920,0.7111,4.2689,0.0384,0.4243,0.8083,-7.7093,-5.8826,-1.3599,-0.5152,-0.0889,0.8072
-7.2688,0.8739,3.9816,-0.0846,0.4211,0.8135,-7.5465,-5.5354,-1.3599,-0.6101,-0.1049,0.7549
-7.7165,1.3168,3.9409,-0.0923,0.5151,0.8464,-8.1810,-5.4181,-1.6352,-0.6698,-0.0839,0.7949
-7.3694,1.4341,3.5602,-0.1432,0.5506,0.9057,-7.7740,-4.9584,-1.4724,-0.7622,-0.1392,0.8188
-7.9224,1.7933,3.6200,-0.2405,0.5456,0.9519,-8.3438,-4.9967,-1.9944,-0.8406,-0.1863,0.8139
-7.5705,1.9249,3.1508,-0.3050,0.4719,0.9850,-8.1259,-4.4963,-1.8627,-0.8640,-0.2779,0.7741
-7.8147,2.1548,3.0239,-0.3431,0.7266,0.9866,-8.6263,-4.5155,-1.9465,-1.0239,-0.0910,0.8162
-8.0086,2.3128,2.6624,-0.3966,0.5524,1.0846,-8.5186,-3.9840,-2.7821,-0.9838,-0.3740,0.8207
-8.0924,2.5833,1.4557,-0.6683,0.5196,1.1321,-8.3965,-3.2561,-3.5865,-1.2015,-0.4844,0.6907
-8.0086,2.7605,1.6951,-1.0396,0.6364,1.2299,-8.5617,-3.3830,-3.0406,-1.5856,-0.6018,0.5923
-7.6088,2.8611,2.7533,-1.1807,0.6917,1.3311,-8.5832,-3.7038,-1.7549,-1.7189,-0.6940,0.6145
-7.6255,3.0574,3.1939,-1.0692,0.7404,1.2923,-9.0261,-3.7828,-1.6640,-1.5994,-0.5765,0.6316
-7.2832,3.4453,3.0742,-0.9927,0.3495,1.3410,-8.6862,-3.1173,-1.2953,-1.3616,-0.8483,0.6466
-6.7325,3.5889,3.0071,-0.9266,0.2693,1.2033,-8.6239,-2.8587,-0.8380,-1.2184,-0.8148,0.5319
-6.7612,4.1180,3.4309,-0.8174,0.1772,1.1810,-9.1075,-2.8347,-0.7374,-1.0700,-0.8310,0.5804
-6.1794,4.4412,3.0191,-0.6948,0.0388,1.1467,-8.6407,-1.8914,-0.5243,-0.9134,-0.8296,0.5911
-6.0597,4.5873,2.7964,-0.7954,0.1479,0.9499,-8.5880,-1.6113,-0.6440,-0.9701,-0.7079,0.3777
-6.0717,4.8842,3.4309,-0.7999,0.1450,0.8497,-9.1243,-2.0087,0.1101,-0.9365,-0.6583,0.3063
-5.8155,4.8961,3.4477,-0.6675,0.0679,0.7253,-8.7317,-1.5921,0.1844,-0.7361,-0.6010,0.2318
-5.7509,5.0973,3.4477,-0.7738,-0.0072,0.6206,-8.9830,-1.7047,0.4166,-0.7568,-0.6507,0.1102
-5.8826,5.1332,4.1851,-0.6462,0.3004,0.5284,-9.3446,-2.1045,0.8475,-0.7561,-0.2745,0.1719
-5.6096,5.3271,4.1539,-0.4214,-0.0470,0.4378,-9.2440,-1.7286,1.0056,-0.4106,-0.4437,0.1470
-5.3965,5.4396,4.0941,-0.3196,0.0025,0.2682,-9.1530,-1.5036,1.0582,-0.2846,-0.2467,0.0546
-5.5905,5.3798,4.0749,-0.1785,-0.0853,0.1456,-9.2775,-1.6975,1.0127,-0.0925,-0.1490,0.0557
-5.5450,5.4923,3.6200,-0.0209,-0.1295,0.0129,-9.1315,-1.3192,0.6752,0.0390,-0.0891,0.0152
-5.3870,5.3941,3.6607,-0.0705,-0.0877,-0.0851,-8.9136,-1.2713,0.6536,0.0429,-0.0413,-0.0838
-5.6312,5.3439,3.9241,-0.0165,-0.1079,-0.2164,-9.1387,-1.6448,0.9194,0.1545,0.0915,-0.1339
-5.6934,5.2553,3.5051,0.1102,-0.1863,-0.3128,-9.0453,-1.4174,0.4429,0.2974,0.1148,-0.1883
-5.7724,5.1834,2.6719,-0.1388,-0.0029,-0.3948,-8.9232,-1.1325,-0.3304,0.0020,0.1306,-0.3122
-6.5290,5.2122,3.2106,-0.3456,0.3194,-0.3299,-9.5648,-1.8579,-0.3065,-0.3413,0.3068,-0.3115
-5.8179,4.8076,4.0893,-0.1438,0.1772,-0.3701,-9.0046,-2.1428,0.7350,-0.0300,0.2882,-0.2884
-6.1148,4.5777,4.0677,0.0638,-0.1944,-0.6046,-9.0908,-2.5043,0.3543,0.4045,0.2102,-0.4378
-6.5553,4.4748,3.8834,0.2268,-0.4109,-0.6715,-9.2584,-2.5546,0.0263,0.6438,0.1717,-0.4399
-6.5146,4.3359,3.6200,0.2852,-0.2642,-0.7500,-9.1387,-2.6097,-0.2897,0.6141,0.3853,-0.4588
-6.7086,4.2042,3.9983,0.2328,-0.2924,-0.7353,-9.3015,-3.0071,-0.0479,0.5862,0.2955,-0.4618
-6.4548,3.9648,4.3191,0.3543,-0.2880,-0.7470,-9.0214,-3.2298,0.5339,0.6756,0.3780,-0.4037
-6.3997,4.0318,4.3862,0.5021,-0.3215,-0.8135,-9.0381,-3.2609,0.4693,0.8515,0.4417,-0.3852
-6.1986,3.7230,3.8499,0.5889,-0.3936,-0.8636,-8.5665,-2.8659,-0.0024,0.9273,0.4635,-0.3981
-6.7062,3.6416,3.7350,0.4728,-0.2221,-0.9431,-8.8250,-3.2992,-0.3256,0.7931,0.5983,-0.4871
-6.7828,3.3734,4.0845,0.4912,-0.3142,-0.9455,-8.8035,-3.5674,-0.3160,0.8520,0.5261,-0.4883
-7.0701,3.0909,3.9504,0.5303,-0.2566,-1.0114,-8.7508,-3.9361,-0.6201,0.8828,0.6195,-0.5148
-8.1523,3.0023,3.8810,0.5024,-0.3223,-0.8713,-9.6750,-4.5681,-1.4437,0.8496,0.4711,-0.4012
-7.5537,2.5738,3.4309,0.4293,-0.2062,-0.5947,-8.7317,-4.0486,-1.3192,0.5817,0.4114,-0.1525
-7.5561,2.5738,3.8762,0.3956,-0.0981,-0.6702,-8.8825,-4.4388,-1.2330,0.5917,0.4852,-0.2859
-7.7069,2.5857,3.5482,0.4038,-0.2212,-0.6306,-8.7293,-4.2353,-1.2785,0.5927,0.3721,-0.2573
-7.2951,2.5474,4.1061,0.4327,-0.2165,-0.6111,-8.6670,-4.5131,-0.7398,0.6616,0.3868,-0.2487
-7.1084,2.5474,4.2329,0.5191,-0.2842,-0.6439,-8.6742,-4.4748,-0.5411,0.7717,0.3834,-0.2462
-6.9049,2.6312,4.0941,0.5650,-0.2856,-0.6748,-8.4228,-4.2066,-0.4597,0.7865,0.4271,-0.2382
-6.8905,2.5187,4.0558,0.5076,-0.2356,-0.6981,-8.4420,-4.1707,-0.5291,0.7406,0.4363,-0.2834
-6.9839,2.4780,4.3981,0.5184,-0.2811,-0.7256,-8.4396,-4.4580,-0.3711,0.7838,0.4650,-0.2831
-7.1802,2.3846,4.3646,0.5850,-0.2349,-0.7510,-8.6335,-4.6639,-0.4573,0.8243,0.5420,-0.2622
-7.2449,2.3296,4.1444,0.6174,-0.2513,-0.7705,-8.4659,-4.4484,-0.8452,0.8403,0.5201,-0.2763
-7.2377,2.2984,3.9720,0.5709,-0.2272,-0.7524,-8.4372,-4.5490,-0.8045,0.7873,0.5243,-0.2622
-7.0916,2.0830,3.8355,0.5982,-0.1779,-0.7557,-8.0661,-4.4843,-0.7781,0.7619,0.5773,-0.2643
-7.8745,1.4317,3.5291,0.4930,-0.1663,-0.8785,-8.3438,-5.1284,-2.0135,0.7650,0.5907,-0.4218
-8.9830,1.6783,3.4429,0.3292,-0.3119,-0.6443,-9.2727,-5.5689,-2.6264,0.5868,0.2597,-0.3122
-7.9368,1.2737,3.7350,0.2778,0.1067,-0.4195,-8.2432,-5.4923,-1.4892,0.2595,0.4963,-0.0969
-8.2504,1.1444,3.9672,0.3508,-0.0612,-0.3825,-8.4898,-5.7916,-2.0446,0.4249,0.2955,-0.0654
-8.0709,1.2809,3.3112,0.3146,-0.1007,-0.2458,-8.2217,-5.2002,-2.1859,0.3436,0.2225,0.0060
-7.8314,1.3575,3.5698,0.1468,-0.0862,-0.1759,-8.1259,-5.0278,-1.7406,0.2092,0.1243,-0.0328
-7.5513,1.6161,3.7996,0.0762,-0.0697,-0.1430,-8.3007,-5.0853,-1.3024,0.1355,0.1003,-0.0269
-7.6423,1.7765,3.8331,0.0979,0.0023,-0.1350,-8.3989,-5.0494,-1.2378,0.1206,0.1685,-0.0020
-7.5968,1.7645,3.7038,0.0806,-0.0625,-0.1264,-8.2600,-4.8483,-1.3671,0.1288,0.0950,-0.0168
-7.5537,1.7190,3.6320,0.0059,0.0053,-0.0588,-8.3079,-4.8100,-1.3838,0.0127,0.0409,0.0052
-7.6974,1.8172,3.9409,-0.0337,-0.0793,-0.0302,-8.3462,-4.9919,-1.2594,0.0441,0.0168,-0.0024
-7.8147,1.6544,3.4740,-0.0774,0.0024,-0.0484,-8.3917,-4.8578,-1.8148,-0.0370,0.0145,-0.0300
-7.9416,1.7286,3.6296,-0.1087,-0.0941,0.0502,-8.3390,-5.0470,-1.8220,-0.0429,-0.0891,0.0113
-7.6710,1.6807,3.6871,-0.2042,-0.0803,0.0887,-8.2456,-4.9536,-1.5323,-0.1350,-0.1851,0.0164
-7.6016,1.7166,3.5338,-0.1919,0.0497,0.0758,-8.2169,-4.8602,-1.6831,-0.2049,-0.0675,-0.0012
-7.9200,1.7214,4.0007,-0.2794,0.0489,0.1259,-8.6694,-5.2648,-1.2522,-0.2691,-0.0922,0.0163
-7.7668,1.7789,4.0941,-0.2064,0.0584,0.1593,-8.6072,-5.1451,-1.1756,-0.2116,-0.1115,0.0746
-7.6830,1.8148,3.7110,-0.1656,0.0270,0.2118,-8.4420,-4.8746,-1.3527,-0.2145,-0.1408,0.1491
-7.6279,2.0207,3.6775,-0.1628,0.0298,0.2293,-8.3510,-4.5801,-1.3048,-0.2189,-0.1402,0.1452
-7.4340,2.1644,3.6105,-0.1907,0.0466,0.2334,-8.3725,-4.4125,-1.3336,-0.2213,-0.1541,0.1390
-7.3071,2.2649,3.2585,-0.2418,-0.0217,0.1936,-8.3534,-4.1827,-1.5850,-0.2274,-0.1681,0.0617
-7.3981,2.2027,3.6344,-0.4169,0.0136,0.1885,-8.3893,-4.4460,-1.2689,-0.3721,-0.2288,-0.0333
-7.4843,2.1308,3.8116,-0.4122,0.0226,0.1540,-8.5018,-4.6926,-1.0582,-0.3459,-0.1928,-0.0444
-7.4819,2.0973,4.0270,-0.3272,0.0163,0.1687,-8.5808,-4.6926,-0.9649,-0.2840,-0.1788,0.0036
-7.3574,2.0782,3.6990,-0.3079,0.0297,0.1565,-8.3318,-4.4580,-1.2043,-0.2960,-0.1749,0.0065
-7.5417,2.0614,3.5985,-0.3980,0.0092,0.1724,-8.3629,-4.5849,-1.4006,-0.3548,-0.2386,-0.0292
-7.3741,2.0423,3.7948,-0.4190,-0.0123,0.1788,-8.2696,-4.6280,-1.1061,-0.3571,-0.2430,-0.0404
-7.4843,1.7933,3.8786,-0.4029,0.0061,0.1749,-8.2935,-4.9608,-0.9768,-0.3816,-0.2222,-0.0277
-7.5250,1.8938,4.1827,-0.4502,0.0604,0.2301,-8.4252,-5.0135,-0.8691,-0.4211,-0.2537,0.0033
-7.5705,1.9225,4.2042,-0.4086,0.0734,0.2479,-8.5353,-5.0518,-0.8859,-0.4050,-0.1976,0.0600
-7.6327,2.0542,3.9169,-0.3841,0.1143,0.2386,-8.5904,-4.8842,-1.1277,-0.4186,-0.1668,0.0620
-7.6447,2.0303,3.9313,-0.4012,0.0825,0.3014,-8.4803,-4.7453,-1.2091,-0.4446,-0.2499,0.0878
-7.4675,2.2098,3.9265,-0.3794,0.0699,0.3368,-8.5473,-4.5969,-1.1157,-0.4108,-0.2767,0.1212
-7.4005,2.3104,3.5267,-0.4327,0.1021,0.3214,-8.4324,-4.3191,-1.2426,-0.4756,-0.2310,0.0967
-7.3550,2.2649,3.5003,-0.4740,0.0624,0.3183,-8.3534,-4.3551,-1.2665,-0.4924,-0.2705,0.0545
-7.3694,2.2865,3.7397,-0.4926,0.0606,0.3268,-8.4443,-4.2713,-1.1923,-0.4915,-0.3156,0.0422
-7.2113,2.1332,3.8666,-0.5708,0.1074,0.2963,-8.3558,-4.5418,-0.8835,-0.5564,-0.2832,-0.0012
-7.0605,2.0111,4.1180,-0.5998,-0.0132,0.3062,-8.1475,-4.6926,-0.7207,-0.5284,-0.3850,-0.0442
-7.1802,2.0039,4.3790,-0.5958,0.0566,0.2611,-8.3246,-4.8937,-0.6273,-0.5395,-0.3180,-0.0552
-7.3813,1.9225,4.7190,-0.5490,0.1372,0.2242,-8.5760,-5.2074,-0.3711,-0.5279,-0.2021,-0.0316
-7.4340,1.9609,4.4293,-0.4743,0.0163,0.2839,-8.4228,-5.0853,-0.6871,-0.4485,-0.3004,0.0222
-7.5346,2.0327,4.4173,-0.4179,0.1027,0.2987,-8.6479,-5.0398,-0.7973,-0.4362,-0.2426,0.0890
-7.5872,2.1452,3.9983,-0.3697,0.1022,0.3124,-8.5497,-4.8483,-0.9792,-0.4166,-0.1904,0.1251
-7.5896,2.2266,3.5721,-0.3629,0.0821,0.3239,-8.5425,-4.3718,-1.3072,-0.4383,-0.2345,0.1283
-7.5178,2.3990,3.5027,-0.4150,0.1062,0.3511,-8.4922,-4.2425,-1.5514,-0.4736,-0.2789,0.1203
-7.2736,2.4062,3.5267,-0.4739,0.0710,0.3641,-8.3773,-4.1061,-1.2881,-0.4880,-0.3156,0.0923
-7.1802,2.3439,3.5410,-0.5458,0.0464,0.3515,-8.3103,-4.2018,-0.9673,-0.5525,-0.3467,0.0400
-7.0677,2.3008,3.7852,-0.5994,0.0629,0.3333,-8.1906,-4.2928,-0.8882,-0.5716,-0.3840,-0.0069
-7.0916,2.1596,4.2832,-0.7040,0.0945,0.2927,-8.3869,-4.7190,-0.5435,-0.6358,-0.3336,-0.0914
-7.1132,2.0494,4.8411,-0.6472,0.0709,0.2793,-8.5377,-5.1811,-0.0335,-0.5913,-0.3194,-0.0554
-7.1970,1.9968,4.8842,-0.4619,0.0751,0.2441,-8.5162,-5.1475,-0.2298,-0.4401,-0.2423,0.0052
-7.3933,2.1907,4.5274,-0.3874,0.0301,0.2637,-8.7029,-4.9728,-0.5411,-0.3774,-0.2593,0.0663
-7.2137,2.1979,4.0606,-0.3275,0.0193,0.2895,-8.4994,-4.7094,-0.6393,-0.3532,-0.2298,0.1082
-7.3646,2.4205,4.0103,-0.3344,0.0541,0.2762,-8.6048,-4.4532,-0.9361,-0.3517,-0.2241,0.0974
-7.3239,2.5307,3.8810,-0.3341,0.0163,0.2960,-8.5114,-4.2641,-0.9337,-0.3484,-0.2462,0.1115
-7.1874,2.5235,3.7733,-0.3561,0.0809,0.2659,-8.5281,-4.1587,-0.8835,-0.3677,-0.2121,0.0833
-7.1754,2.5307,3.9887,-0.4014,-0.0183,0.2642,-8.5784,-4.3551,-0.4980,-0.3705,-0.2625,0.0473
-6.9049,2.6695,4.3167,-0.3305,-0.0048,0.2348,-8.5329,-4.3263,-0.2586,-0.2948,-0.2280,0.0512
-7.0557,2.6671,4.3215,-0.2718,0.0725,0.1312,-8.6526,-4.3311,-0.3089,-0.2602,-0.0890,0.0121
-7.0413,2.6145,4.4748,-0.2394,-0.0015,0.1303,-8.7245,-4.4221,-0.1628,-0.2253,-0.1110,0.0277
-6.9432,2.6408,4.5873,-0.1370,0.0216,0.1111,-8.6933,-4.4508,-0.0479,-0.1266,-0.1013,0.0659
-6.9360,2.7246,4.3934,-0.0368,0.0350,0.0445,-8.6766,-4.2425,-0.2131,-0.0470,0.0374,0.0707
-7.0461,2.7988,4.2545,0.0528,0.0588,-0.0245,-8.6957,-4.1563,-0.3256,0.0141,0.1146,0.0592
-6.9121,2.8970,3.8451,0.1034,0.1014,-0.0922,-8.5784,-3.8666,-0.5674,0.0498,0.1420,0.0260
-7.1108,2.8874,3.8283,0.0695,-0.0373,-0.1045,-8.6431,-3.7302,-0.8164,0.1019,0.0655,-0.0035
-7.0030,2.8228,3.8523,0.0586,-0.1573,-0.1299,-8.6143,-3.9217,-0.6680,0.1828,0.0201,-0.0441
-7.0629,2.7629,3.8116,0.0530,-0.0658,-0.1976,-8.5593,-3.9672,-0.6129,0.1470,0.1408,-0.0965
-7.0653,2.5738,4.1228,0.0504,-0.0621,-0.2256,-8.6048,-4.2425,-0.3567,0.1471,0.1442,-0.1077
-7.1108,2.6001,4.4197,0.1467,-0.1127,-0.2515,-8.6598,-4.5394,-0.2346,0.2655,0.1510,-0.0946
-7.0318,2.5570,4.2928,0.2176,-0.1478,-0.2907,-8.4420,-4.3886,-0.4238,0.3431,0.1737,-0.0929
-7.1994,2.5211,4.1731,0.1990,-0.0818,-0.3107,-8.6000,-4.5083,-0.5052,0.2975,0.2366,-0.0923
-7.1754,2.4110,4.2138,0.2667,-0.1046,-0.3405,-8.5090,-4.4748,-0.3543,0.3599,0.2650,-0.1062
-7.1036,2.3918,4.1132,0.2730,-0.1567,-0.3351,-8.4372,-4.4867,-0.5626,0.4072,0.2017,-0.0985
-7.2377,2.3559,4.3215,0.2654,-0.0754,-0.3673,-8.6263,-4.5155,-0.6273,0.3685,0.2950,-0.1062
-7.2808,2.3104,4.2401,0.3218,-0.1091,-0.3704,-8.5545,-4.6543,-0.5483,0.4269,0.3078,-0.0846
-7.2353,2.1979,3.8020,0.3584,-0.2004,-0.3841,-8.3318,-4.4724,-1.0654,0.4920,0.2402,-0.1038
-7.3358,2.3463,3.6727,0.2926,-0.1992,-0.3661,-8.4204,-4.3551,-1.2570,0.4423,0.1992,-0.1320
-7.3622,2.2889,3.9768,0.1872,-0.1248,-0.3617,-8.4946,-4.5346,-0.9553,0.3248,0.2154,-0.1531
-7.1036,2.1644,4.4987,0.2214,-0.0863,-0.3453,-8.4659,-4.8100,-0.2729,0.3332,0.2754,-0.1207
-7.0581,2.1308,4.4724,0.3168,-0.1815,-0.3762,-8.3582,-4.8052,-0.3496,0.4525,0.2390,-0.1112
-6.9911,2.1189,4.4341,0.3246,-0.1727,-0.3922,-8.4108,-4.7908,-0.4405,0.4623,0.2597,-0.1244
-7.0892,2.0686,4.4532,0.3464,-0.1009,-0.3913,-8.3294,-4.8674,-0.3639,0.4507,0.3108,-0.0859
-7.1060,2.1141,4.1803,0.3857,-0.0870,-0.4553,-8.2289,-4.6280,-0.4381,0.4867,0.4054,-0.1383
-7.2712,1.9273,3.9313,0.3603,-0.0894,-0.4426,-8.2049,-4.7836,-0.8978,0.4361,0.3481,-0.1223
-7.2472,1.9273,4.2904,0.3143,-0.0879,-0.4009,-8.2791,-4.8698,-0.7781,0.4193,0.3114,-0.1162
-7.4340,1.8962,4.3335,0.3321,-0.1787,-0.3724,-8.4228,-5.0302,-0.7709,0.4680,0.2737,-0.0834
-7.2999,1.8842,4.2258,0.3292,-0.1398,-0.3564,-8.2384,-4.8435,-0.9194,0.4350,0.2775,-0.0767
-7.2425,1.8747,4.5538,0.2607,-0.1707,-0.3015,-8.3941,-5.1332,-0.5698,0.3954,0.1924,-0.0751
-7.2329,1.7980,4.3311,0.2514,-0.0850,-0.3198,-8.2983,-5.0111,-0.7518,0.3443,0.2563,-0.0815
-7.3023,1.7693,4.0055,0.2489,-0.0318,-0.3136,-8.2073,-4.9847,-0.8906,0.2859,0.2940,-0.0730
-7.4771,1.7909,4.3000,0.2284,-0.0919,-0.2602,-8.3031,-5.1188,-0.8404,0.2960,0.2058,-0.0606
-7.2472,1.7813,4.2521,0.2180,-0.0326,-0.2478,-8.2121,-5.0254,-0.7566,0.2761,0.2290,-0.0325
-7.2257,1.6400,3.9552,0.1865,-0.1077,-0.2349,-8.0086,-4.8435,-0.9313,0.2574,0.1699,-0.0529
-7.3287,1.7095,4.1539,0.1414,-0.0830,-0.2204,-8.1307,-4.9560,-0.9625,0.2236,0.1612,-0.0697
-7.3239,1.7310,4.1420,0.1142,-0.0530,-0.2148,-8.1211,-4.9273,-0.9409,0.1888,0.1683,-0.0793
-7.2592,1.6233,4.1707,0.0652,-0.0766,-0.2133,-8.1379,-5.0925,-0.9481,0.1507,0.1132,-0.0947
-7.2784,1.6807,4.2401,0.0382,-0.0799,-0.1873,-8.1642,-5.1523,-0.7374,0.1518,0.0813,-0.0877
-7.1754,1.5419,4.1108,0.0450,-0.0753,-0.2042,-7.9344,-4.9488,-0.9242,0.1314,0.1272,-0.1140
-7.1874,1.5299,4.1539,-0.0269,-0.0294,-0.1940,-8.0493,-5.0613,-0.8164,0.0649,0.1077,-0.1272
-7.1826,1.5634,4.1946,-0.1074,-0.0709,-0.1751,-7.9200,-5.1284,-0.8068,0.0195,0.0396,-0.1549
-7.3502,1.4772,4.3551,-0.1166,0.0101,-0.1864,-8.1930,-5.4564,-0.8859,-0.0217,0.0731,-0.1656
-7.5729,1.4054,4.4963,-0.0927,-0.0710,-0.1352,-8.2768,-5.5761,-0.9074,0.0127,0.0055,-0.1138
-7.5776,1.3024,4.4005,-0.1110,-0.0084,-0.0849,-8.1738,-5.5857,-0.9912,-0.0484,0.0215,-0.0703
-7.6543,1.2570,4.3072,-0.1236,-0.0060,-0.0293,-8.1858,-5.6383,-0.9601,-0.0817,-0.0105,-0.0345
-7.6064,1.2881,4.3024,-0.0978,0.0350,0.0213,-8.1403,-5.5952,-1.0798,-0.1046,0.0192,0.0308
-7.3239,1.1851,3.9696,-0.1110,-0.0362,0.0564,-7.8003,-5.1595,-1.2713,-0.0975,-0.0553,0.0177
-7.3909,1.3503,4.1324,-0.2193,0.0187,0.0725,-8.0182,-5.3295,-1.1037,-0.1885,-0.1045,-0.0040
-7.5824,1.3479,4.3072,-0.2320,0.0580,0.0903,-8.2959,-5.4779,-1.0343,-0.2293,-0.0663,0.0172
-7.4268,1.3264,3.9049,-0.2045,0.0151,0.1219,-8.0613,-5.1404,-1.1588,-0.2105,-0.0866,0.0308
-7.5274,1.4605,4.1539,-0.2876,0.0100,0.1736,-8.1786,-5.3032,-1.1803,-0.2722,-0.1895,0.0450
-7.3598,1.4724,4.1156,-0.3308,0.0923,0.1732,-8.0852,-5.1356,-1.0223,-0.3456,-0.1541,0.0262
-7.3143,1.5754,4.5610,-0.3239,-0.0304,0.1998,-8.1068,-5.3175,-0.5842,-0.2738,-0.2037,0.0325
-7.3310,1.6472,4.2784,-0.2942,0.0013,0.1825,-8.1690,-5.1882,-0.7159,-0.2695,-0.1800,0.0345
-7.2999,1.5060,3.8786,-0.3092,0.0282,0.1621,-7.9871,-4.9943,-1.0127,-0.2970,-0.1648,0.0161
-7.3502,1.5371,4.2282,-0.3669,0.0256,0.1904,-8.1427,-5.2098,-0.8523,-0.3528,-0.2032,0.0358
-7.2353,1.5658,4.4005,-0.4010,0.0173,0.2149,-8.0972,-5.2481,-0.7111,-0.3611,-0.2320,0.0036
-7.4196,1.5083,4.3742,-0.4121,0.0770,0.1889,-8.2480,-5.4133,-0.8978,-0.3917,-0.1913,-0.0021
-7.3909,1.3503,4.4029,-0.3718,0.0101,0.2587,-8.0685,-5.3702,-0.7781,-0.3613,-0.2314,0.0622
-7.3143,1.5850,4.3790,-0.3916,0.0545,0.2501,-8.1523,-5.2912,-0.8643,-0.3912,-0.2348,0.0398
-7.3789,1.5036,4.4053,-0.3968,0.0850,0.2677,-8.1882,-5.3654,-0.8499,-0.4094,-0.2314,0.0677
-7.2832,1.5203,3.9792,-0.3817,0.0143,0.2840,-8.0325,-5.0398,-0.9960,-0.3874,-0.2593,0.0739
-7.2329,1.5562,4.2473,-0.4565,0.0384,0.2798,-8.0182,-5.0685,-0.7733,-0.4694,-0.2625,0.0382
-7.2640,1.6257,4.2210,-0.4307,0.0534,0.2846,-8.1882,-5.0925,-0.8284,-0.4297,-0.2663,0.0538
-7.4029,1.6065,4.4317,-0.4405,0.0825,0.3060,-8.3079,-5.2601,-0.7422,-0.4670,-0.2470,0.0793
-7.3191,1.6855,4.4365,-0.4259,0.0879,0.3103,-8.2815,-5.2170,-0.7135,-0.4567,-0.2457,0.0869
-7.2161,1.6712,4.1994,-0.4077,0.0573,0.3099,-8.1139,-4.9871,-0.7685,-0.4318,-0.2541,0.0790
-7.2760,1.7741,4.2114,-0.4533,0.0673,0.3104,-8.2265,-5.0087,-0.7877,-0.4742,-0.2826,0.0655
-7.1826,1.7119,4.3910,-0.4266,0.0894,0.2906,-8.2887,-5.0757,-0.7374,-0.4491,-0.2425,0.0693
-7.1850,1.8124,4.2952,-0.4287,-0.0229,0.3016,-8.1858,-4.9656,-0.6416,-0.3958,-0.3111,0.0594
-7.1323,1.9178,4.0989,-0.4485,0.0997,0.2778,-8.1499,-4.7908,-0.7853,-0.4672,-0.2401,0.0312
-7.2089,1.7119,4.2042,-0.4907,-0.0171,0.2896,-8.0709,-5.0135,-0.8452,-0.4349,-0.3030,0.0164
-7.2185,1.8100,4.6040,-0.4632,0.1047,0.2522,-8.3294,-5.2840,-0.5267,-0.4578,-0.2085,0.0164
-7.1635,1.7837,4.5107,-0.3945,-0.0121,0.2543,-8.2073,-5.0135,-0.4046,-0.3604,-0.2978,0.0390
-7.2113,1.7957,4.3431,-0.3840,0.0193,0.2314,-8.2193,-4.9536,-0.6560,-0.3519,-0.2407,0.0294
-7.2377,1.6664,3.9911,-0.3912,0.0470,0.2274,-8.1547,-4.8602,-0.7566,-0.4153,-0.1919,0.0258
-7.2161,1.8340,4.4269,-0.3869,0.0517,0.2302,-8.2624,-5.0135,-0.6823,-0.3692,-0.2210,0.0321
-7.3334,1.8268,4.5131,-0.3661,0.0087,0.2292,-8.4013,-5.1787,-0.5555,-0.3349,-0.2298,0.0424
-7.3694,1.7980,4.0630,-0.3010,0.0508,0.2068,-8.3582,-5.0182,-0.6369,-0.3352,-0.1394,0.0532
-7.2760,1.9225,4.3335,-0.3123,0.0228,0.2206,-8.3558,-5.0470,-0.6991,-0.3090,-0.2296,0.0505
-7.3119,1.9944,4.3311,-0.2943,0.0237,0.2132,-8.3510,-4.8890,-0.6345,-0.2884,-0.1915,0.0650
-7.3478,2.0470,4.1731,-0.2828,0.0169,0.2076,-8.4659,-4.7980,-0.7350,-0.2662,-0.1544,0.0703
-7.2688,2.0063,4.3694,-0.2670,0.0486,0.1709,-8.4587,-4.9297,-0.3974,-0.2735,-0.1111,0.0529
-7.1539,2.0758,4.6998,-0.1773,-0.0450,0.1811,-8.4563,-4.9297,-0.2394,-0.1472,-0.1847,0.0887
-7.0820,2.2146,4.5370,-0.0983,0.0127,0.1260,-8.3845,-4.7214,-0.2777,-0.1082,-0.0557,0.0981
-6.9360,2.2027,4.2401,-0.0500,0.0296,0.0453,-8.3438,-4.4987,-0.3017,-0.0652,0.0301,0.0621
-7.0844,2.3487,4.2114,-0.0514,-0.0211,0.0133,-8.4420,-4.4125,-0.4573,-0.0282,-0.0225,0.0212
-6.9623,2.3152,4.2617,-0.0473,-0.0818,0.0076,-8.4036,-4.4939,-0.4094,0.0160,-0.0450,0.0185
-6.9887,2.2960,4.4125,0.0120,-0.0144,-0.0830,-8.4324,-4.5633,-0.4334,0.0661,0.0644,-0.0091
-6.9599,2.1739,4.2497,0.0405,-0.0265,-0.1260,-8.2911,-4.5897,-0.3496,0.0669,0.1356,-0.0324
-6.9719,2.2410,4.5250,0.0963,-0.0586,-0.1498,-8.4396,-4.7453,-0.3280,0.1664,0.0974,-0.0341
-6.9360,2.2027,4.2521,0.1354,-0.1603,-0.1872,-8.3390,-4.5203,-0.5243,0.2465,0.0686,-0.0461
-7.0557,2.1428,3.8906,0.1304,-0.0605,-0.2352,-8.2241,-4.4245,-0.7302,0.2026,0.1881,-0.0874
-7.1371,1.9920,4.2689,0.0493,-0.0894,-0.2455,-8.2504,-4.7238,-0.5866,0.1700,0.1227,-0.1275
-7.1060,2.0207,4.6040,0.1143,-0.0466,-0.2615,-8.3941,-4.9392,-0.3328,0.2180,0.1988,-0.1043
-7.1658,2.0087,4.5873,0.1583,-0.1199,-0.2948,-8.4108,-5.0063,-0.3065,0.2922,0.1821,-0.1234
-7.1874,1.7741,4.5226,0.1707,-0.1003,-0.2942,-8.2432,-5.0302,-0.4238,0.2658,0.2080,-0.1155
-7.0413,1.8268,4.7549,0.2272,-0.1005,-0.2919,-8.2887,-5.1499,-0.1724,0.3223,0.1986,-0.0770
-7.1658,1.8172,4.6567,0.2699,-0.0670,-0.3276,-8.3510,-5.0111,-0.3998,0.3584,0.2786,-0.0675
-7.1347,1.8004,4.2760,0.2847,-0.1272,-0.3431,-8.2025,-4.8626,-0.4741,0.3635,0.2745,-0.0873
-7.0820,1.8938,4.3790,0.2825,-0.0658,-0.3343,-8.2432,-4.8890,-0.5531,0.3539,0.2542,-0.0758
-7.1132,1.7933,4.4772,0.2952,-0.0152,-0.3677,-8.3725,-5.0446,-0.5411,0.3529,0.3636,-0.0827
-7.2185,1.8962,4.5322,0.3047,-0.1300,-0.3505,-8.2935,-4.9512,-0.6393,0.4033,0.2758,-0.0849
-7.1395,1.7933,4.3598,0.3007,-0.1308,-0.3487,-8.1116,-4.9440,-0.5962,0.4082,0.2418,-0.0895
-7.1084,1.7980,4.3359,0.2928,-0.0787,-0.3852,-8.2145,-5.0087,-0.5171,0.3864,0.3174,-0.1067
-7.1635,1.6209,4.3646,0.2763,-0.0830,-0.3993,-8.0996,-5.1068,-0.5842,0.3617,0.3078,-0.1282
-7.1778,1.5658,4.5562,0.2886,-0.0953,-0.3810,-8.1259,-5.3103,-0.4381,0.3809,0.2838,-0.1211
-7.1850,1.5155,4.5418,0.2947,-0.1211,-0.3729,-8.1116,-5.2672,-0.5267,0.4154,0.2698,-0.1126
-7.3502,1.6328,4.5633,0.2863,-0.1085,-0.3593,-8.3151,-5.3582,-0.6680,0.3921,0.2896,-0.0826
-7.2137,1.5802,4.3598,0.3291,-0.0610,-0.3665,-8.1307,-5.1834,-0.6273,0.3790,0.3425,-0.0721
-7.0342,1.6759,4.2258,0.2486,-0.1311,-0.3591,-8.0254,-4.9177,-0.6345,0.3721,0.2446,-0.1275
-7.0677,1.5107,4.3455,0.2245,-0.1156,-0.3788,-7.9942,-5.0374,-0.4812,0.3492,0.2697,-0.1540
-7.0270,1.4868,4.4891,0.1968,-0.0999,-0.3873,-7.8889,-5.1858,-0.3591,0.3164,0.2590,-0.1724
-7.1060,1.3336,4.6831,0.1819,-0.1140,-0.3944,-7.8961,-5.3702,-0.4477,0.3321,0.2340,-0.1791
-7.2616,1.2354,4.6687,0.2097,-0.0919,-0.3806,-8.0086,-5.6527,-0.5435,0.3325,0.2763,-0.1532
-7.2544,1.2067,4.5250,0.2142,-0.0798,-0.3627,-7.9607,-5.6312,-0.7063,0.3160,0.2589,-0.1392
-7.4292,1.0989,4.6184,0.2126,-0.0465,-0.3196,-8.0325,-5.7557,-0.8380,0.2910,0.2606,-0.0950
-7.3023,1.0678,4.4700,0.1880,-0.0758,-0.2661,-7.9823,-5.6240,-0.8188,0.2670,0.2074,-0.0659
-7.3167,1.0726,4.3910,0.1560,-0.0650,-0.2533,-7.9320,-5.5402,-0.8763,0.2217,0.2029,-0.0802
-7.3598,1.0822,4.3766,0.1211,-0.0021,-0.2097,-7.8697,-5.5450,-0.9146,0.1459,0.1973,-0.0726
-7.3382,1.0487,4.4412,0.0552,-0.0584,-0.1685,-7.8434,-5.6024,-0.8092,0.1274,0.0947,-0.0582
-7.3334,1.0511,4.5897,0.0406,-0.0674,-0.1382,-8.0469,-5.8514,-0.6895,0.1136,0.0873,-0.0366
-7.2185,1.0080,4.5514,0.0494,-0.0160,-0.0945,-7.8051,-5.7269,-0.7757,0.0791,0.0926,0.0005
-7.2233,1.0487,4.5131,0.0205,-0.0221,-0.0785,-7.9224,-5.7006,-0.6728,0.0558,0.0654,-0.0017
-7.1898,1.0774,4.4101,0.0357,-0.0330,-0.0456,-7.7835,-5.5641,-0.6584,0.0498,0.0509,0.0313
-7.0701,1.1349,4.2928,-0.0181,-0.0091,-0.0441,-7.6998,-5.3630,-0.9529,0.0088,0.0429,0.0000
-7.2281,1.1995,4.4700,-0.0845,-0.0312,-0.0183,-7.9392,-5.5019,-0.7374,-0.0348,-0.0031,-0.0151
-7.1946,1.1181,4.5945,-0.0821,0.0184,-0.0160,-7.8195,-5.5641,-0.6321,-0.0552,0.0221,-0.0056
-7.2760,1.1013,4.4915,-0.1140,-0.0334,-0.0011,-7.8721,-5.5952,-0.8045,-0.0618,-0.0420,-0.0221
-7.4364,1.0870,4.5729,-0.1252,0.0101,0.0265,-8.0876,-5.6814,-0.7973,-0.1021,-0.0173,0.0111
-7.2496,1.1708,4.5490,-0.1178,0.0012,0.0637,-7.9895,-5.6623,-0.6776,-0.1074,-0.0464,0.0444
-7.2065,1.2594,4.4508,-0.1017,-0.0075,0.0687,-7.9464,-5.3774,-0.7781,-0.1001,-0.0550,0.0404
-7.1730,1.2977,4.2066,-0.1627,0.0211,0.0721,-7.8578,-5.2984,-0.7805,-0.1647,-0.0580,0.0192
-7.1347,1.2234,4.5610,-0.1780,0.0310,0.0754,-7.9033,-5.4492,-0.5938,-0.1703,-0.0590,0.0224
-7.1922,1.3144,4.3886,-0.1691,-0.0201,0.0885,-7.9895,-5.4420,-0.6393,-0.1407,-0.0881,0.0289
-7.3215,1.3168,4.1899,-0.2028,0.0027,0.0929,-7.9320,-5.3558,-0.9122,-0.1856,-0.0966,0.0187
-7.3119,1.1947,4.3574,-0.2554,0.0298,0.1033,-7.9679,-5.3582,-0.8739,-0.2333,-0.1010,0.0104
-7.0701,1.2713,4.3311,-0.2942,-0.0334,0.1021,-7.8889,-5.3247,-0.7278,-0.2308,-0.1755,-0.0051
-7.2305,1.2929,4.4772,-0.3323,-0.0220,0.1312,-8.0278,-5.5617,-0.7877,-0.2618,-0.1735,-0.0260
-7.1635,1.1875,4.5801,-0.3087,-0.0225,0.1533,-7.8961,-5.5258,-0.5267,-0.2633,-0.1891,0.0031
-7.1730,1.2163,4.6184,-0.3171,0.0024,0.1697,-7.9368,-5.6096,-0.5602,-0.2785,-0.1719,0.0222
-7.2449,1.1875,4.7453,-0.3232,0.0017,0.1741,-7.9104,-5.5905,-0.5195,-0.2956,-0.1781,0.0264
-7.2520,1.2067,4.6376,-0.2880,0.0337,0.1849,-8.0445,-5.5809,-0.6752,-0.2926,-0.1575,0.0485
-7.1563,1.2234,4.5179,-0.3002,0.0369,0.2313,-8.0086,-5.3941,-0.6823,-0.3123,-0.1739,0.0806
-7.3382,1.1109,4.3910,-0.3537,0.0552,0.1859,-7.9607,-5.6455,-1.0104,-0.3288,-0.1911,0.0105
-7.7165,1.1564,4.6591,-0.3774,-0.0160,0.2755,-8.3606,-5.7916,-0.9098,-0.3576,-0.3179,0.0666
-7.0916,1.1923,4.6208,-0.3489,0.0466,0.3329,-7.9583,-5.3510,-0.3184,-0.3832,-0.2414,0.1408
-6.7876,1.4102,4.5825,-0.3351,0.0478,0.2711,-7.8338,-5.0589,-0.3663,-0.3676,-0.2156,0.0935
-6.8570,1.4748,4.5562,-0.3373,0.0923,0.2353,-7.8745,-5.1044,-0.3352,-0.3687,-0.1808,0.0629
-6.7086,1.5730,4.5346,-0.3511,0.0590,0.1911,-7.7859,-4.9560,-0.3328,-0.3495,-0.1749,0.0189
-7.0629,1.5299,4.3191,-0.3718,0.0322,0.1676,-8.0685,-5.2194,-0.6273,-0.3445,-0.1847,-0.0207
-7.2185,1.4653,4.5466,-0.3581,0.0721,0.1621,-8.0302,-5.2912,-0.5794,-0.3420,-0.1601,-0.0120
-7.3119,1.3862,4.4748,-0.3660,0.0496,0.1641,-8.0780,-5.4540,-0.6800,-0.3472,-0.1623,0.0004
-7.3861,1.2306,4.4508,-0.3706,0.0119,0.2034,-8.0709,-5.5498,-0.7709,-0.3419,-0.2296,0.0222
-7.3933,1.2258,4.5442,-0.3681,0.0156,0.2314,-8.0613,-5.5785,-0.9026,-0.3509,-0.2382,0.0401
-7.3430,1.1779,4.4796,-0.3854,0.0201,0.2710,-8.0972,-5.5115,-0.8404,-0.3738,-0.2493,0.0652
-7.2784,1.2833,4.5274,-0.4187,0.0564,0.2911,-8.0038,-5.4827,-0.6823,-0.4365,-0.2357,0.0590
-7.1251,1.3192,4.7094,-0.3977,0.0454,0.2882,-7.9320,-5.5330,-0.4166,-0.4049,-0.2605,0.0604
-7.1778,1.3288,4.7309,-0.3806,0.0177,0.3048,-8.0756,-5.4899,-0.5267,-0.3802,-0.2828,0.0931
-7.1371,1.4605,4.6807,-0.3864,0.0458,0.3163,-8.1187,-5.4133,-0.4525,-0.4030,-0.2639,0.1045
-7.1706,1.5347,4.6783,-0.3531,0.0444,0.3232,-8.1642,-5.3247,-0.3831,-0.3762,-0.2525,0.1259
-7.0820,1.5706,4.5873,-0.3389,0.0565,0.3114,-8.0182,-5.1284,-0.3735,-0.3726,-0.2487,0.1232
-6.9025,1.6352,4.5083,-0.3324,0.0448,0.2915,-8.0278,-5.0398,-0.3807,-0.3556,-0.2344,0.1055
-6.9312,1.6305,4.3598,-0.3383,0.0502,0.2649,-8.0349,-4.9967,-0.3735,-0.3559,-0.2082,0.0899
-6.9432,1.6712,4.3694,-0.3608,0.0286,0.2338,-8.0206,-4.9297,-0.4501,-0.3593,-0.2129,0.0481
-6.9456,1.6424,4.5083,-0.3583,0.0265,0.2145,-8.0661,-5.0374,-0.3998,-0.3412,-0.2038,0.0288
-7.0677,1.6137,4.4843,-0.3557,0.0270,0.1868,-8.0924,-5.0925,-0.4741,-0.3301,-0.1876,0.0109
-7.0892,1.5514,4.5083,-0.3583,0.0281,0.1891,-8.2169,-5.2936,-0.5267,-0.3365,-0.1851,0.0067
-7.2089,1.4940,4.7238,-0.3103,0.0302,0.1827,-8.2217,-5.4061,-0.3065,-0.3011,-0.1672,0.0277
-7.2353,1.5131,4.5969,-0.2623,-0.0033,0.1928,-8.1283,-5.2912,-0.5171,-0.2522,-0.1699,0.0529
-7.3047,1.6448,4.3670,-0.2569,0.0281,0.1929,-8.2696,-5.1547,-0.6393,-0.2727,-0.1506,0.0705
-7.1371,1.7214,4.4676,-0.2529,0.0344,0.1937,-8.1930,-5.1260,-0.6249,-0.2529,-0.1635,0.0727
-7.0701,1.7813,4.4963,-0.2530,-0.0464,0.2013,-8.1163,-4.9512,-0.4860,-0.2246,-0.2132,0.0655
-6.9935,1.8196,4.4125,-0.2455,0.0168,0.1596,-8.0349,-4.8698,-0.2322,-0.2450,-0.1363,0.0394
-6.9121,1.8651,4.6998,-0.2278,0.0100,0.1135,-8.1187,-5.0302,-0.0766,-0.1997,-0.1130,0.0264
-6.9097,1.8627,4.7477,-0.1488,-0.0017,0.0633,-8.1882,-5.0278,-0.0790,-0.1195,-0.0658,0.0177
-6.9671,1.9632,4.5777,-0.1533,0.0048,0.0204,-8.2863,-4.9608,-0.2203,-0.1073,-0.0376,-0.0120
-6.8785,1.8124,4.9225,-0.0798,-0.0145,0.0232,-8.3342,-5.1404,-0.1077,-0.0305,0.0084,0.0250
-7.0150,1.9154,4.5993,-0.0096,-0.0432,-0.0593,-8.3294,-4.8363,-0.3256,0.0298,0.0382,0.0001
-7.0270,1.9393,4.4628,-0.0001,-0.0048,-0.0663,-8.2384,-4.8554,-0.5435,0.0272,0.0505,-0.0084
-7.0270,1.8316,4.3670,-0.0103,-0.0498,-0.0926,-8.1044,-4.8842,-0.4932,0.0578,0.0428,-0.0382
-7.1084,1.7358,4.3886,-0.0004,0.0029,-0.1090,-8.2121,-5.0230,-0.3639,0.0336,0.1126,-0.0338
-7.0174,1.8268,4.7022,0.0314,-0.0589,-0.1276,-8.1427,-5.0566,-0.1700,0.1119,0.0670,-0.0461
-6.9336,1.8627,4.7692,0.0885,-0.0681,-0.1755,-8.2528,-5.0135,-0.1724,0.1588,0.1240,-0.0574
-6.9743,1.8196,4.5586,0.1009,-0.0805,-0.1887,-8.1044,-5.0039,-0.3280,0.1763,0.1386,-0.0585
-7.0222,1.7645,4.6088,0.1450,-0.0496,-0.2174,-8.1403,-5.0996,-0.3041,0.2080,0.1817,-0.0508
-6.9168,1.7621,4.5059,0.1813,-0.0494,-0.2511,-8.1020,-4.9823,-0.3855,0.2433,0.2082,-0.0614
-7.0342,1.7214,4.5250,0.1841,-0.0446,-0.2717,-8.1714,-5.0350,-0.3376,0.2561,0.2225,-0.0749
-7.0366,1.7645,4.5155,0.2096,-0.0753,-0.3002,-8.1331,-5.0733,-0.4453,0.2982,0.2317,-0.0867
-6.9432,1.6616,4.3407,0.1877,-0.0895,-0.2980,-7.9320,-4.9943,-0.4357,0.2805,0.2197,-0.0997
-6.9480,1.6185,4.6807,0.2086,-0.0699,-0.3232,-8.2097,-5.2194,-0.3184,0.3055,0.2493,-0.1116
-7.1132,1.6448,4.5969,0.2309,-0.0883,-0.3472,-8.2504,-5.2912,-0.3663,0.3388,0.2567,-0.1086
-7.1874,1.5155,4.7453,0.2922,-0.0825,-0.3432,-8.1283,-5.3079,-0.3974,0.3758,0.2825,-0.0703
-6.9935,1.4174,4.5250,0.2867,-0.0798,-0.3435,-8.0158,-5.2744,-0.5028,0.3660,0.2785,-0.0771
-7.0749,1.4174,4.5083,0.3032,-0.0666,-0.3455,-8.0421,-5.3151,-0.4525,0.3677,0.2996,-0.0686
-7.0222,1.4269,4.3790,0.2918,-0.0649,-0.3664,-7.8889,-5.1643,-0.6081,0.3676,0.2946,-0.1062
-7.1802,1.4485,4.5035,0.2518,-0.0782,-0.3427,-8.0134,-5.4133,-0.5890,0.3401,0.2733,-0.1026
-6.9863,1.2809,4.6400,0.2630,-0.1436,-0.3271,-7.8937,-5.2720,-0.4190,0.3818,0.2415,-0.0923
-7.2209,1.3024,4.4652,0.2356,-0.1311,-0.3513,-8.0206,-5.3941,-0.7230,0.3540,0.2458,-0.1200
-7.0533,1.3240,4.6256,0.2667,-0.0726,-0.3307,-7.8937,-5.3750,-0.4501,0.3467,0.2779,-0.0818
-7.0246,1.2354,4.4987,0.1244,-0.1476,-0.3756,-7.9320,-5.3798,-0.4717,0.2843,0.1747,-0.1992
-7.2856,1.2977,4.7501,0.1528,-0.0568,-0.3388,-8.0254,-5.6288,-0.5219,0.2594,0.2313,-0.1346
-7.0964,1.1061,4.7022,0.1888,-0.0586,-0.3075,-7.9655,-5.6575,-0.3831,0.2751,0.2547,-0.1021
-7.1778,1.1109,4.7788,0.1895,-0.0529,-0.2658,-7.9847,-5.6814,-0.6057,0.2451,0.2501,-0.0577
-7.0725,1.1875,4.7980,0.1981,-0.0946,-0.2273,-7.9057,-5.6862,-0.4741,0.2674,0.2077,-0.0352
-7.0485,1.0606,4.3766,0.2345,-0.0610,-0.2413,-7.5896,-5.4803,-0.3879,0.2530,0.2154,-0.0444
-7.1132,1.0391,4.5993,0.1506,0.0453,-0.2329,-7.8482,-5.6000,-0.6536,0.1644,0.2630,-0.0473
-7.1132,1.0439,4.7549,0.1422,-0.0257,-0.2010,-7.9272,-5.6336,-0.5171,0.1912,0.1681,-0.0389
-7.1443,1.0606,4.5969,0.1242,-0.0426,-0.1859,-7.8099,-5.6072,-0.5938,0.1827,0.1568,-0.0266
-7.1323,1.0247,4.5011,0.0841,-0.0249,-0.1703,-7.7285,-5.6120,-0.6536,0.1212,0.1444,-0.0430
-6.9983,1.0271,4.5226,0.0445,0.0061,-0.1584,-7.7524,-5.5617,-0.6536,0.0865,0.1214,-0.0581
-7.1251,1.0008,4.6759,-0.0028,-0.0328,-0.1476,-7.7788,-5.6671,-0.6895,0.0658,0.0802,-0.0675
-7.0844,0.8140,4.4772,-0.0096,-0.0380,-0.1174,-7.6734,-5.7868,-0.6297,0.0414,0.0711,-0.0542
-7.1395,0.8284,4.6639,-0.0524,0.0081,-0.0993,-7.7165,-5.8251,-0.7207,-0.0131,0.0534,-0.0533
-7.1850,0.8475,4.7285,-0.0750,-0.0080,-0.0446,-7.8171,-5.8897,-0.7087,-0.0324,0.0245,-0.0187
-7.2065,0.8188,4.5538,-0.1219,-0.0392,0.0003,-7.6351,-5.8203,-0.8164,-0.0695,-0.0366,-0.0265
-7.2353,0.8140,4.7381,-0.1775,-0.0003,0.0330,-7.8147,-6.0525,-0.6105,-0.1375,-0.0493,-0.0092
-7.2353,0.8595,4.7190,-0.1178,0.0111,0.0497,-7.8219,-5.9472,-0.6081,-0.1088,-0.0396,0.0213
-7.2640,0.9002,4.4652,-0.1683,-0.0248,0.0949,-7.7907,-5.7269,-0.8691,-0.1420,-0.1194,0.0384
-7.2592,0.9361,4.6567,-0.2113,0.0035,0.1426,-7.8745,-5.6743,-0.7566,-0.2030,-0.1130,0.0546
-7.1156,1.0534,4.4867,-0.2160,-0.0040,0.1515,-7.7524,-5.5881,-0.7135,-0.2057,-0.1440,0.0514
-7.1635,1.1205,4.5394,-0.2629,0.0456,0.1579,-7.9176,-5.6240,-0.6584,-0.2663,-0.1343,0.0373
-7.1036,1.1875,4.8195,-0.2451,0.0324,0.1837,-7.9823,-5.6336,-0.3639,-0.2465,-0.1499,0.0770
-7.0030,1.2306,4.5083,-0.2108,-0.0144,0.1764,-7.8817,-5.4827,-0.5794,-0.2033,-0.1455,0.0717
-7.0964,1.2091,4.3503,-0.2835,0.0117,0.1807,-7.8243,-5.2864,-0.6632,-0.2715,-0.1724,0.0381
-7.0677,1.1875,4.6017,-0.3152,0.0314,0.1759,-7.7859,-5.5234,-0.3759,-0.3004,-0.1695,0.0261
-7.1299,1.1612,4.6663,-0.2906,0.0278,0.1669,-7.8769,-5.5545,-0.4453,-0.2711,-0.1572,0.0341
-7.1156,1.1325,4.6687,-0.2938,0.0129,0.1825,-7.8003,-5.5474,-0.5650,-0.2729,-0.1711,0.0409
-7.1275,1.1205,4.6112,-0.2916,0.0356,0.1708,-7.9057,-5.5258,-0.6129,-0.2946,-0.1510,0.0350
-7.1730,1.1540,4.5657,-0.3196,0.0381,0.2005,-7.8817,-5.5545,-0.5962,-0.3114,-0.2017,0.0469
-7.1730,1.1349,4.5969,-0.3238,0.0605,0.1992,-7.8913,-5.5833,-0.5674,-0.3365,-0.1660,0.0386
-7.1730,1.1708,4.7214,-0.3344,0.0039,0.2316,-7.9607,-5.5952,-0.6033,-0.3180,-0.2296,0.0568
-7.1682,1.1827,4.4580,-0.3471,0.0516,0.2105,-7.8817,-5.4947,-0.6512,-0.3607,-0.1852,0.0396
-7.0797,1.1875,4.7597,-0.3837,0.0280,0.2451,-7.7764,-5.5641,-0.4525,-0.3698,-0.2454,0.0505
-7.0773,1.1301,4.7094,-0.3553,0.0301,0.2314,-7.9416,-5.6096,-0.3352,-0.3568,-0.2093,0.0404
-7.0102,1.1947,4.8100,-0.3395,0.0345,0.2506,-7.8865,-5.5115,-0.4357,-0.3415,-0.2233,0.0659
-7.2233,1.2570,4.4987,-0.3529,0.0534,0.2507,-7.9823,-5.4851,-0.7374,-0.3656,-0.1977,0.0693
-7.1706,1.1971,4.5969,-0.3692,0.0362,0.2679,-7.9703,-5.5019,-0.6321,-0.3752,-0.2213,0.0709
-7.1563,1.3001,4.5466,-0.3721,0.0065,0.2673,-7.9416,-5.4444,-0.6273,-0.3509,-0.2631,0.0638
-7.1443,1.3001,4.5633,-0.3917,0.0350,0.2663,-7.9511,-5.4229,-0.5602,-0.3872,-0.2368,0.0560
-7.0677,1.2378,4.6040,-0.4006,0.0199,0.2666,-7.9296,-5.4372,-0.3711,-0.3928,-0.2453,0.0496
-7.1323,1.3647,4.6687,-0.3792,-0.0111,0.2677,-8.1068,-5.4516,-0.3855,-0.3515,-0.2739,0.0637
-7.0342,1.3455,4.6855,-0.3679,0.0281,0.2743,-7.9033,-5.4013,-0.4501,-0.3704,-0.2345,0.0726
-7.1084,1.3144,4.7405,-0.3930,0.0469,0.2647,-7.9200,-5.4660,-0.4549,-0.3997,-0.2380,0.0536
-7.0102,1.3838,4.6926,-0.3781,0.0907,0.2627,-7.9128,-5.4803,-0.3687,-0.4044,-0.1801,0.0577
-7.0533,1.2426,4.6831,-0.3734,0.0282,0.2537,-7.9320,-5.4564,-0.4573,-0.3604,-0.2485,0.0618
-7.1036,1.2881,4.7046,-0.3557,0.0612,0.2370,-7.8937,-5.4827,-0.4860,-0.3714,-0.1935,0.0506
-7.2688,1.4054,4.5538,-0.3416,0.0553,0.2569,-8.0828,-5.4803,-0.5411,-0.3495,-0.2030,0.0842
-7.1994,1.2713,4.2856,-0.3635,-0.0177,0.2573,-7.8937,-5.3295,-0.9337,-0.3401,-0.2642,0.0557
-7.7692,1.1540,4.4724,-0.4303,-0.0108,0.3148,-8.4180,-5.9089,-1.1109,-0.3969,-0.3305,0.0762
-7.6519,1.2043,4.9297,-0.3621,-0.0296,0.4640,-8.4084,-5.8849,-0.5842,-0.3854,-0.3738,0.2148
-6.9863,1.3695,4.7477,-0.3475,-0.1061,0.4738,-7.9847,-5.3678,-0.2658,-0.3411,-0.4386,0.2100
-6.8522,1.6281,4.8842,-0.3103,0.0183,0.4258,-8.1020,-5.2768,0.2298,-0.3688,-0.2956,0.2228
-6.3949,1.8555,4.9009,-0.2184,0.0269,0.3764,-7.8458,-4.8411,0.2921,-0.2983,-0.2260,0.2366
-6.3039,2.1093,4.4891,-0.1777,0.0033,0.2186,-7.7764,-4.3479,0.0000,-0.2049,-0.1556,0.1230
-6.5769,2.2745,4.3407,-0.2193,-0.0081,0.1471,-8.0254,-4.2713,-0.2227,-0.1965,-0.1403,0.0444
-6.6152,2.1500,4.3910,-0.2799,0.0156,0.0629,-8.1259,-4.4843,-0.2131,-0.2204,-0.0878,-0.0610
-7.1156,2.0327,4.9775,-0.2850,-0.0650,0.0497,-8.6000,-5.1858,0.0263,-0.1808,-0.1577,-0.0730
-6.8642,1.9728,5.3965,-0.1275,-0.0095,0.0537,-8.4228,-5.3032,0.4717,-0.0853,-0.0438,0.0293
-6.7301,1.9537,5.2146,0.0265,-0.0516,0.0021,-8.2289,-5.0518,0.2179,0.0586,0.0165,0.0544
-6.7349,1.9968,4.6112,0.0508,-0.0520,-0.0410,-8.1020,-4.8626,-0.0694,0.0695,0.0428,0.0289
-6.5434,2.0135,4.6040,0.0578,-0.0368,-0.0861,-8.0254,-4.6639,0.0742,0.0926,0.0906,0.0005
-6.7780,2.0399,4.5897,0.0721,-0.0293,-0.1739,-8.1116,-4.6543,-0.2777,0.1347,0.1524,-0.0514
-6.9336,2.0159,4.4939,0.0433,-0.0552,-0.2042,-8.1834,-4.7190,-0.3376,0.1342,0.1412,-0.0926
-6.8546,1.8818,4.6160,0.0759,-0.0538,-0.2154,-8.1403,-4.8722,-0.1532,0.1567,0.1474,-0.0918
-6.8235,1.7813,4.6328,0.0967,-0.0707,-0.2627,-8.0732,-4.9440,-0.1365,0.1841,0.1499,-0.1171
-6.9240,1.7262,5.0446,0.1005,-0.0585,-0.2754,-8.2337,-5.2505,0.0096,0.1990,0.1871,-0.1155
-6.8570,1.6544,5.1404,0.1976,-0.0663,-0.2912,-8.1882,-5.3056,0.1460,0.2851,0.2449,-0.0833
-6.9025,1.7669,4.8985,0.2415,-0.0706,-0.3194,-8.1451,-5.1595,0.0192,0.3216,0.2671,-0.0855
-7.0677,1.6927,4.8267,0.2522,-0.0710,-0.3283,-8.2600,-5.1858,-0.1532,0.3357,0.2697,-0.0786
-7.0126,1.7861,4.6567,0.2898,-0.1014,-0.3191,-8.2241,-5.1451,-0.2538,0.3721,0.2558,-0.0573
-6.9935,1.6712,4.5753,0.2878,-0.0350,-0.3428,-8.1163,-5.0111,-0.3400,0.3463,0.3018,-0.0661
-6.8833,1.6999,4.7381,0.2878,-0.0691,-0.3563,-7.9823,-5.0709,-0.3376,0.3609,0.2836,-0.0882
-6.8785,1.7047,4.5370,0.2946,-0.0701,-0.3804,-8.0541,-5.0542,-0.2753,0.3729,0.3160,-0.1119
-6.9025,1.6568,4.8052,0.2766,-0.0939,-0.3864,-8.0924,-5.2122,-0.1820,0.3857,0.3023,-0.1182
-6.9168,1.5874,4.8698,0.2826,-0.1194,-0.3956,-7.9033,-5.2218,-0.1365,0.4050,0.2898,-0.1308
-6.9360,1.5993,4.8746,0.2880,-0.0649,-0.4108,-8.0541,-5.3702,-0.1317,0.3874,0.3184,-0.1286
-6.8331,1.4126,4.6950,0.2915,-0.0552,-0.4130,-7.9464,-5.3439,-0.2155,0.3744,0.3361,-0.1279
-6.9001,1.4222,4.7453,0.2992,-0.0926,-0.4245,-7.9272,-5.3774,-0.1700,0.4134,0.3167,-0.1298
-6.9216,1.3168,4.8937,0.3036,-0.1069,-0.3985,-7.8075,-5.3630,-0.2059,0.4109,0.3126,-0.1183
-6.9073,1.3048,4.8339,0.3024,-0.0799,-0.4064,-7.9009,-5.4851,-0.3112,0.4050,0.3222,-0.1236
-7.1395,1.3144,4.7477,0.2899,-0.0504,-0.3985,-8.0732,-5.5258,-0.5531,0.3738,0.3190,-0.1005
-7.0892,1.1947,4.7908,0.2766,-0.1030,-0.3497,-7.9583,-5.5905,-0.4501,0.3677,0.2831,-0.0903
-6.9599,1.1636,4.6448,0.2602,-0.1151,-0.3315,-7.7716,-5.4660,-0.3519,0.3572,0.2329,-0.0957
-6.9097,1.2617,4.7621,0.2373,-0.0677,-0.3144,-7.8027,-5.5091,-0.3376,0.3166,0.2505,-0.0774
-6.8666,1.2234,4.8985,0.2373,-0.0508,-0.3183,-7.8697,-5.5330,-0.2107,0.3166,0.2798,-0.0789
-6.9168,1.2378,4.7142,0.2505,-0.0549,-0.3260,-7.8721,-5.5115,-0.3160,0.3106,0.2868,-0.0794
-7.0222,1.1205,4.5490,0.2081,-0.0430,-0.3210,-7.8434,-5.4708,-0.6225,0.2714,0.2687,-0.1002
-7.1275,1.1492,4.6400,0.1880,-0.0588,-0.2823,-7.8338,-5.5330,-0.5315,0.2567,0.2188,-0.0783
-6.9983,1.1827,4.5418,0.1511,-0.1023,-0.2562,-7.8865,-5.4947,-0.4884,0.2465,0.1621,-0.0923
-6.9983,1.0989,4.6567,0.1085,-0.0516,-0.2474,-7.8099,-5.4803,-0.5171,0.1877,0.1681,-0.0999
-6.9384,0.9912,4.8123,0.0657,-0.0564,-0.2418,-7.6950,-5.6479,-0.3855,0.1601,0.1592,-0.1107
-7.0797,0.9361,4.9344,0.0578,-0.0063,-0.2241,-7.7931,-5.8059,-0.4429,0.1284,0.1623,-0.0918
-6.9815,0.8356,4.9201,0.0362,-0.0462,-0.1719,-7.6686,-5.8802,-0.4453,0.1062,0.0997,-0.0727
-7.1036,0.9122,4.7285,0.0179,-0.0294,-0.1446,-7.7093,-5.8945,-0.6967,0.0722,0.0865,-0.0508
-7.0677,0.8236,4.7070,-0.0289,0.0265,-0.0906,-7.7285,-5.8586,-0.5315,-0.0007,0.0963,-0.0389
-7.1874,0.7733,4.7022,-0.0734,-0.0408,-0.0440,-7.7189,-5.8826,-0.6560,-0.0224,-0.0341,-0.0136
-7.0940,0.8021,4.6878,-0.1194,0.0280,-0.0144,-7.6974,-5.8634,-0.6009,-0.0899,-0.0284,-0.0125
-7.2664,0.8116,4.8914,-0.1410,0.0079,0.0281,-7.8650,-6.1052,-0.5171,-0.1118,-0.0353,0.0085
-7.2018,0.8140,4.7190,-0.1384,-0.0053,0.0665,-7.7524,-5.8299,-0.6464,-0.1324,-0.0600,0.0302
-7.1754,0.9146,4.6855,-0.1777,0.0298,0.1029,-7.8266,-5.7988,-0.6201,-0.1765,-0.0747,0.0394
-7.2233,0.9840,4.7285,-0.2140,0.0015,0.1319,-7.8626,-5.7724,-0.5818,-0.1936,-0.1259,0.0424
-7.1251,1.0199,4.7118,-0.2237,0.0424,0.1644,-7.8219,-5.6527,-0.4860,-0.2399,-0.1208,0.0681
-7.0749,1.0367,4.7740,-0.2483,0.0373,0.1703,-7.8865,-5.7557,-0.5219,-0.2566,-0.1324,0.0542
-7.0725,1.0918,4.8698,-0.2342,0.0425,0.2040,-7.9152,-5.6527,-0.3735,-0.2587,-0.1532,0.1021
-6.9192,1.1803,4.7285,-0.2458,0.0185,0.2140,-7.7428,-5.4444,-0.4334,-0.2643,-0.1717,0.0854
-6.9791,1.1588,4.7333,-0.2959,0.0087,0.2189,-7.7668,-5.4348,-0.4501,-0.2892,-0.2002,0.0662
-6.9767,1.1708,4.7764,-0.3086,0.0258,0.2172,-7.8530,-5.5617,-0.4381,-0.3024,-0.1820,0.0677
-6.9240,1.1827,4.6136,-0.3203,0.0477,0.2101,-7.7620,-5.4229,-0.2993,-0.3258,-0.1753,0.0522
-7.0102,1.2546,4.7118,-0.3521,0.0284,0.2241,-7.9487,-5.5186,-0.4836,-0.3407,-0.2126,0.0500
-6.9695,1.1205,4.6855,-0.3499,0.0574,0.2312,-7.8913,-5.5115,-0.4310,-0.3591,-0.2117,0.0658
-7.0366,1.1756,4.6064,-0.3649,0.0805,0.2246,-7.8841,-5.5569,-0.4286,-0.3720,-0.1988,0.0461
-7.0677,1.0894,4.5633,-0.3960,-0.0163,0.2686,-7.8506,-5.6000,-0.6369,-0.3724,-0.2948,0.0484
-7.1706,1.1708,4.6950,-0.4068,0.0354,0.2992,-8.0278,-5.6767,-0.4381,-0.4062,-0.2815,0.0742
-7.0701,1.1708,4.8315,-0.4217,0.0420,0.3183,-7.8841,-5.6240,-0.3807,-0.4274,-0.2750,0.0805
-6.9528,1.1684,4.8746,-0.4398,0.0436,0.3292,-7.7955,-5.6336,-0.2155,-0.4527,-0.2854,0.0835
-6.9097,1.2426,4.9344,-0.4117,0.0429,0.3307,-7.8985,-5.5498,-0.0646,-0.4225,-0.2952,0.1015
-6.9623,1.3144,4.7525,-0.3781,0.0529,0.3256,-7.9392,-5.4133,-0.4142,-0.4038,-0.2642,0.1095
-6.9192,1.4246,4.5969,-0.4193,0.0719,0.3292,-7.9080,-5.3151,-0.4357,-0.4542,-0.2498,0.1011
-6.8833,1.3719,4.7405,-0.4417,0.0193,0.3387,-7.8578,-5.2433,-0.2945,-0.4413,-0.3123,0.0857
-6.9049,1.3647,4.6304,-0.4315,0.0165,0.3252,-7.8578,-5.3295,-0.1963,-0.4267,-0.2946,0.0774
-6.9839,1.3815,4.6831,-0.4527,0.0613,0.3220,-8.0014,-5.4300,-0.4070,-0.4707,-0.2733,0.0719
-7.1156,1.2665,4.9512,-0.4505,0.0594,0.3258,-8.0373,-5.5857,-0.2682,-0.4626,-0.2801,0.0798
-7.2927,1.0558,4.7429,-0.4109,0.0600,0.3448,-8.0589,-5.7557,-0.4932,-0.4438,-0.2741,0.1134
-7.1754,1.1444,4.8411,-0.4434,0.0562,0.4145,-7.9344,-5.7269,-0.4238,-0.4887,-0.3331,0.1535
-7.1347,1.2665,4.8626,-0.4049,0.0354,0.4313,-7.9799,-5.6623,-0.3160,-0.4533,-0.3465,0.1871
-7.1347,1.5299,4.5586,-0.3817,0.0687,0.4198,-8.0517,-5.2601,-0.3663,-0.4514,-0.2834,0.1876
-7.0509,1.6328,4.4149,-0.4182,0.0562,0.4470,-8.0397,-5.2074,-0.4597,-0.4819,-0.3335,0.1908
-6.9719,1.6616,4.4939,-0.4317,0.0253,0.4469,-8.0517,-5.0350,-0.4573,-0.4695,-0.3637,0.1736
-6.9121,1.7573,4.5418,-0.4624,-0.0124,0.4399,-8.0589,-4.8578,-0.4166,-0.4622,-0.3962,0.1336
-6.8354,1.8340,5.0589,-0.4682,-0.0199,0.4032,-8.2672,-5.0589,0.1844,-0.4477,-0.3902,0.1122
-6.5362,1.8364,4.9392,-0.3405,-0.0321,0.3916,-8.0134,-4.9799,0.3352,-0.3529,-0.3485,0.1683
-6.5027,2.0470,4.8698,-0.2874,0.0410,0.2992,-8.0397,-4.7262,0.1460,-0.3150,-0.2024,0.1266
-6.7636,2.1237,4.8076,-0.2786,-0.0402,0.2622,-8.2696,-4.7740,0.0575,-0.2721,-0.2502,0.1046
-6.6343,2.0806,4.3455,-0.2252,0.0349,0.2245,-8.1068,-4.5442,-0.0527,-0.2590,-0.1601,0.1033
-6.9432,2.2194,4.7046,-0.2677,-0.0532,0.1916,-8.4515,-4.7884,-0.0120,-0.2121,-0.2252,0.0460
-6.7947,2.1739,4.7788,-0.1913,-0.0438,0.1804,-8.3079,-4.7094,0.1365,-0.1671,-0.1599,0.0821
-6.5098,2.1979,4.7836,-0.1549,-0.0911,0.1386,-8.2217,-4.5921,0.2418,-0.1021,-0.1801,0.0541
-6.6942,2.2290,4.7836,-0.1308,-0.0683,0.0775,-8.4060,-4.6376,0.2179,-0.0743,-0.0990,0.0252
-6.5266,2.2146,4.6711,-0.1061,-0.0610,0.0538,-8.1044,-4.6064,0.2203,-0.0677,-0.0675,0.0237
-6.4069,2.0997,4.6232,-0.1319,-0.0578,0.0121,-7.9416,-4.5226,0.0527,-0.0659,-0.0767,-0.0362
-6.7086,1.7142,4.7836,-0.2578,0.0056,-0.0489,-8.0661,-5.1332,0.1365,-0.1595,-0.0328,-0.1327
-6.9959,1.6328,5.3463,-0.1376,-0.1010,-0.0049,-8.3199,-5.4947,0.2179,-0.0280,-0.0883,-0.0517
-6.8402,1.6281,4.9321,-0.0546,-0.1328,-0.0085,-7.9990,-5.1882,-0.0359,0.0512,-0.0954,-0.0242
-6.8019,1.8675,4.6974,-0.1263,-0.1442,0.0207,-8.2241,-4.9680,-0.1556,-0.0136,-0.1362,-0.0418
-6.7086,1.9225,4.9680,-0.1391,-0.0843,0.0457,-8.1834,-5.0733,0.2658,-0.0574,-0.1031,-0.0033
-6.6200,2.0518,5.1092,-0.0793,-0.1182,0.0205,-8.1906,-4.9273,0.4142,0.0043,-0.1170,-0.0052
-6.3566,2.1308,5.1499,-0.0529,-0.1005,-0.0064,-8.1666,-4.8291,0.4238,0.0266,-0.0658,-0.0115
-6.3949,2.0016,5.2696,-0.0316,-0.1021,-0.0376,-8.0876,-4.9656,0.6728,0.0592,-0.0242,-0.0187
-6.2704,1.9872,5.2337,-0.0025,-0.1420,-0.0584,-7.8578,-4.8937,0.6728,0.1021,-0.0300,-0.0233
-6.2106,1.9944,5.3654,0.0193,-0.0729,-0.1214,-7.9823,-5.0542,0.7973,0.1118,0.0554,-0.0630
-6.3375,1.8986,5.5689,0.0476,-0.1147,-0.1287,-8.1570,-5.2002,0.9290,0.1466,0.0548,-0.0386
-6.1531,1.9393,5.5522,0.1168,-0.0157,-0.1839,-7.9009,-5.1092,1.0343,0.1683,0.1884,-0.0412
-6.4117,1.9178,5.3726,0.1595,-0.0761,-0.2158,-8.1044,-5.0637,0.6177,0.2321,0.1516,-0.0478
-6.3494,1.9393,5.1212,0.1753,-0.0444,-0.2082,-7.9152,-4.8890,0.5962,0.2129,0.1937,-0.0308
-6.3327,1.8914,5.1308,0.1406,-0.0396,-0.2372,-7.9871,-4.9344,0.4884,0.2052,0.1803,-0.0713
-6.3398,1.9465,5.2218,0.1572,-0.0971,-0.2157,-8.0349,-4.9321,0.5914,0.2429,0.1572,-0.0534
-6.4308,1.8603,5.0709,0.1384,-0.0189,-0.2653,-8.0086,-5.0398,0.4764,0.2021,0.2302,-0.0903
-6.4069,1.8627,5.2529,0.1743,-0.0841,-0.2419,-8.2073,-5.1739,0.5818,0.2562,0.1764,-0.0554
-6.3853,1.9034,5.2481,0.2245,-0.0550,-0.2582,-8.0421,-4.9584,0.5722,0.2874,0.2214,-0.0453
-6.5003,1.9800,5.0877,0.2268,-0.0666,-0.2687,-8.1906,-4.9775,0.4334,0.2900,0.2194,-0.0484
-6.4500,1.9273,5.1427,0.2409,-0.0644,-0.2714,-7.9559,-4.9488,0.5962,0.2947,0.2541,-0.0502
-6.2920,1.9632,5.1643,0.2380,-0.0193,-0.3083,-7.9535,-4.9009,0.5626,0.2884,0.2863,-0.0673
-6.2776,1.6855,5.1427,0.2489,-0.0189,-0.3447,-7.7357,-5.0661,0.4836,0.3042,0.3300,-0.0919
-6.7349,1.5203,5.0015,0.2429,-0.0262,-0.3845,-8.0230,-5.2744,0.0120,0.3158,0.3200,-0.1320
-6.9695,1.5443,5.0374,0.2390,-0.0460,-0.3340,-8.1499,-5.4492,-0.0239,0.3108,0.2603,-0.0923
-7.2664,1.5299,4.9105,0.2266,-0.0633,-0.2828,-8.3582,-5.5306,-0.3735,0.2875,0.2277,-0.0604
-7.3095,1.5802,4.9249,0.2046,-0.0717,-0.1621,-8.3486,-5.4947,-0.1580,0.2332,0.1527,0.0334
-6.9264,1.6520,4.8770,0.2040,-0.0203,-0.0985,-8.1235,-5.1811,-0.0790,0.1885,0.1524,0.0805
-6.7852,1.7142,5.1404,0.2149,-0.0516,-0.0683,-8.1594,-5.2529,0.1508,0.2125,0.1190,0.1002
-6.7205,1.9345,4.9680,0.2469,-0.1006,-0.0184,-8.2073,-4.9775,0.0790,0.2473,0.0858,0.1451
-6.4931,1.9632,4.6495,0.1808,-0.0771,-0.0217,-7.8793,-4.7908,0.1077,0.1749,0.0790,0.1112
-6.3375,2.0782,4.7956,0.1335,-0.0498,-0.0329,-7.9272,-4.6064,0.2897,0.1435,0.0826,0.0678
-6.3422,2.1117,5.0111,0.1143,-0.0163,-0.0739,-8.0445,-4.7501,0.3208,0.1496,0.1104,0.0442
-6.4212,2.0782,5.0374,0.1190,-0.1239,-0.0786,-8.0469,-4.7980,0.4214,0.1669,0.0192,0.0290
-6.4141,2.0183,5.1451,0.0946,-0.0294,-0.1142,-8.0373,-4.8985,0.5243,0.1312,0.1067,0.0019
-6.5745,1.9776,5.2074,0.1426,-0.0570,-0.1256,-8.1666,-4.9656,0.4310,0.1677,0.1166,0.0230
-6.6343,2.1452,4.9584,0.1352,-0.0694,-0.1098,-8.3079,-4.8291,0.1077,0.1849,0.0885,0.0196
-6.5027,2.1213,4.9632,0.0801,-0.0180,-0.0845,-8.1307,-4.7908,0.2370,0.1037,0.1094,0.0217
-6.5529,2.1739,5.0159,0.0633,-0.0574,-0.0715,-8.2049,-4.7597,0.3089,0.1074,0.0548,0.0224
-6.3877,2.0949,5.0278,0.0394,-0.0310,-0.0721,-8.0517,-4.7405,0.5866,0.0699,0.0790,0.0060
-6.6104,2.1476,5.2002,0.0593,-0.0374,-0.0770,-8.3701,-4.9680,0.6033,0.0883,0.0636,0.0179
-6.4141,2.2122,5.1356,0.0826,-0.0192,-0.0457,-8.2049,-4.7501,0.5722,0.0886,0.0909,0.0644
-6.5481,2.1787,4.9297,-0.0409,0.0064,-0.1448,-8.2576,-4.7357,0.1197,0.0144,0.0871,-0.0817
-6.7708,1.9728,4.9488,-0.0276,0.0302,-0.1142,-8.2289,-4.9680,0.3687,-0.0072,0.1023,-0.0458
-6.9121,1.9968,4.8435,-0.0377,0.0057,-0.0747,-8.4252,-5.0135,-0.0024,-0.0116,0.0568,-0.0171
-7.0294,2.0614,4.9512,-0.0509,0.0220,-0.0045,-8.4467,-4.9799,0.0215,-0.0472,0.0456,0.0340
-6.8929,2.0039,4.9632,-0.0677,0.0211,0.0478,-8.3414,-4.9009,0.0287,-0.0763,0.0069,0.0574
-6.9887,2.1213,4.9392,-0.0953,0.0729,0.0926,-8.4922,-4.9871,-0.0479,-0.1416,-0.0139,0.0917
-6.6056,1.9896,4.8339,-0.1226,0.0705,0.1480,-8.0876,-4.8818,0.0958,-0.1865,-0.0614,0.1238
-6.7445,2.0231,4.8243,-0.1484,0.0797,0.1597,-8.3103,-4.9009,0.0359,-0.2098,-0.0565,0.1254
-6.6343,2.1524,4.8267,-0.1528,0.0358,0.2338,-8.2815,-4.6711,0.1221,-0.2109,-0.1286,0.1652
-6.5314,2.4924,4.7980,-0.2234,0.0617,0.1885,-8.3582,-4.4077,0.3687,-0.2686,-0.1009,0.0927
-6.6080,2.4828,4.4987,-0.3210,0.1014,0.1860,-8.2959,-4.2904,-0.0215,-0.3563,-0.1192,0.0478
-6.5362,2.3367,4.8866,-0.3681,0.0650,0.2026,-8.2744,-4.6208,0.2634,-0.3612,-0.1667,0.0294
-6.6463,2.2290,5.0805,-0.3388,0.0073,0.2148,-8.3845,-4.8363,0.3998,-0.3284,-0.2012,0.0434
-6.4404,2.1859,5.0254,-0.3176,0.0686,0.2116,-8.2384,-4.6639,0.4238,-0.3457,-0.1729,0.0648
-6.5984,2.1931,4.9775,-0.3448,0.0829,0.2210,-8.3534,-4.7238,0.3041,-0.3671,-0.1760,0.0655
-6.7876,2.3415,4.9297,-0.3259,0.1053,0.2706,-8.4036,-4.7501,0.2466,-0.3816,-0.1608,0.1163
-6.5577,2.2601,4.7357,-0.3457,0.0693,0.2862,-8.2097,-4.5226,0.0862,-0.3898,-0.2162,0.1110
-6.8594,2.3056,4.6878,-0.3860,0.1183,0.3166,-8.4443,-4.6902,-0.0910,-0.4574,-0.2157,0.1286
-6.5936,2.2553,4.8866,-0.4080,0.1456,0.3531,-8.3079,-4.5633,0.3352,-0.4878,-0.2172,0.1356
-6.7445,2.2745,4.8171,-0.4397,0.0793,0.3789,-8.4013,-4.7285,0.1293,-0.4812,-0.2935,0.1436
-6.6200,2.3152,4.8339,-0.4299,0.1045,0.4283,-8.3366,-4.6807,0.3112,-0.5175,-0.3060,0.1893
-6.4979,2.3894,4.7740,-0.4438,0.1171,0.4321,-8.3246,-4.4460,0.3711,-0.5372,-0.3107,0.1828
-6.5098,2.4565,5.0470,-0.4423,0.0737,0.4517,-8.4228,-4.5777,0.5531,-0.5137,-0.3616,0.2040
-6.1052,2.5307,4.9991,-0.4066,0.1300,0.4052,-8.2121,-4.1252,0.6584,-0.4517,-0.4040,0.2314
-6.3542,2.4684,4.7645,-0.4438,0.1394,0.4170,-8.3677,-4.2784,0.4645,-0.5343,-0.3292,0.2360
-6.5027,2.6767,5.0111,-0.4431,0.1848,0.4465,-8.5281,-4.2832,0.6440,-0.5529,-0.2904,0.2581
-6.4021,2.6671,4.7980,-0.3942,0.1271,0.4405,-8.3701,-4.1108,0.5124,-0.5015,-0.2967,0.2366
-6.5769,2.8443,4.7333,-0.4170,0.1472,0.4313,-8.6455,-4.0989,0.3855,-0.5141,-0.2910,0.2334
-6.4045,2.9353,4.7238,-0.4165,0.0810,0.4498,-8.5329,-3.9121,0.6105,-0.4930,-0.3453,0.2417
-6.4572,2.9640,4.5873,-0.4130,0.1033,0.4305,-8.4539,-3.8259,0.3184,-0.4948,-0.3055,0.2102
-6.5290,2.9568,4.7525,-0.4462,0.1368,0.4129,-8.5521,-3.8666,0.4238,-0.5248,-0.2848,0.1777
-6.4835,3.1819,5.0111,-0.4080,0.1007,0.4001,-8.7676,-3.9265,0.8068,-0.4529,-0.3609,0.2399
-6.1292,3.1340,4.6543,-0.3477,0.0328,0.3769,-8.4420,-3.6009,0.8188,-0.3910,-0.3134,0.1899
-6.3422,3.2609,4.9321,-0.3555,0.1374,0.3323,-8.7436,-3.7541,0.7805,-0.4343,-0.2288,0.1736
-6.1866,3.3303,5.1380,-0.2858,0.0665,0.3337,-8.6766,-3.6919,1.1947,-0.3423,-0.2010,0.1797
-6.2560,3.3303,4.8267,-0.2168,0.0481,0.2571,-8.6886,-3.6057,0.7566,-0.2561,-0.1725,0.1576
-6.3159,3.4261,4.8028,-0.2072,0.0390,0.2497,-8.6910,-3.4453,0.9074,-0.2402,-0.1709,0.1549
-6.0717,3.4692,4.7142,-0.1540,-0.0167,0.2026,-8.6239,-3.2250,0.9936,-0.1677,-0.1499,0.1303
-6.2704,3.5554,4.6807,-0.1623,-0.0013,0.1565,-8.7269,-3.3327,0.8404,-0.1631,-0.1346,0.0903
-5.8107,3.5362,5.3008,0.0253,-0.0055,0.0837,-8.6598,-3.4333,1.5347,0.0075,0.0049,0.1318
-5.7916,3.6990,4.8507,0.0845,-0.0209,-0.0305,-8.5162,-3.0933,1.1899,0.0902,0.0734,0.0598
-5.8514,3.7876,4.8291,0.0891,-0.0195,-0.0805,-8.6000,-3.0981,1.3312,0.1128,0.1065,0.0256
-5.9807,3.7302,4.6017,0.1338,-0.0232,-0.1693,-8.6455,-3.0287,0.9218,0.1796,0.1573,-0.0285
-6.1794,3.6512,4.4221,0.1151,-0.0306,-0.2268,-8.6598,-3.1268,0.7638,0.1757,0.1891,-0.0765
-6.2417,3.6392,4.5490,0.1454,-0.0731,-0.2649,-8.6957,-3.1987,0.6225,0.2498,0.1768,-0.1047
-6.3973,3.4740,4.3910,0.1576,-0.1130,-0.2908,-8.7700,-3.3399,0.5794,0.2807,0.1755,-0.1290
-6.3375,3.4405,4.2521,0.1278,-0.1240,-0.3111,-8.5856,-3.2250,0.5746,0.2629,0.1721,-0.1647
-6.3470,3.4165,4.4891,0.0979,-0.1544,-0.3348,-8.6072,-3.3327,0.6416,0.2734,0.1400,-0.2084
-6.3375,3.3016,4.8339,0.1190,-0.1311,-0.3617,-8.6910,-3.6296,0.7326,0.2846,0.1931,-0.2114
-6.2489,3.2896,4.8746,0.1504,-0.1805,-0.3730,-8.6526,-3.6392,1.0104,0.3339,0.1577,-0.2050
-6.2632,3.1795,4.9632,0.1800,-0.1537,-0.3929,-8.6119,-3.7517,0.9529,0.3509,0.2072,-0.2069
-6.1292,3.1915,4.9584,0.2451,-0.1579,-0.4213,-8.5784,-3.7038,1.1085,0.4154,0.2401,-0.1993
-6.3662,3.2274,5.1116,0.3014,-0.1354,-0.4514,-8.6814,-3.8044,1.1061,0.4527,0.3131,-0.1816
-6.2944,3.1508,5.0542,0.3829,-0.1162,-0.4595,-8.6431,-3.7996,0.9768,0.5083,0.3515,-0.1408
-6.3901,3.1436,4.7094,0.3770,-0.1451,-0.4960,-8.6335,-3.7373,0.6536,0.5276,0.3327,-0.1859
-6.4572,3.0167,4.4963,0.3608,-0.1767,-0.4839,-8.5832,-3.6799,0.4717,0.5117,0.3008,-0.1891
-6.3997,3.0167,4.5322,0.3423,-0.1500,-0.4956,-8.4420,-3.6655,0.4884,0.5021,0.3168,-0.2160
-6.5194,2.9066,4.5035,0.2729,-0.2041,-0.5000,-8.4779,-3.8906,0.4956,0.4752,0.2665,-0.2535
-6.5003,2.8036,4.8052,0.3028,-0.1454,-0.5084,-8.6981,-4.1851,0.7853,0.4827,0.3275,-0.2348
-6.4596,2.6935,4.5370,0.3417,-0.2566,-0.5116,-8.4252,-3.9097,0.4166,0.5486,0.2517,-0.2446
-6.8067,2.6935,4.6519,0.2702,-0.2170,-0.4851,-8.5760,-4.1683,0.2083,0.4836,0.2348,-0.2455
-6.8067,2.6121,4.8219,0.2675,-0.2092,-0.4351,-8.5569,-4.3191,0.3065,0.4557,0.2273,-0.2084
-6.8115,2.6121,4.7477,0.2947,-0.2501,-0.3864,-8.5712,-4.3120,0.4501,0.4979,0.1763,-0.1581
-6.6391,2.6504,4.3598,0.2891,-0.2518,-0.3564,-8.3773,-3.9959,0.1628,0.4724,0.1472,-0.1540
-6.6104,2.7270,4.2353,0.2076,-0.2822,-0.3404,-8.4228,-3.8379,0.0072,0.4259,0.0773,-0.1887
-6.5697,2.7007,4.2377,0.1254,-0.2871,-0.2852,-8.4036,-3.7685,0.0886,0.3480,0.0264,-0.1900
-6.2465,2.6432,4.5274,-0.0622,-0.2430,-0.2603,-8.1235,-4.0175,0.5507,0.1644,-0.0430,-0.2622
-6.1770,2.4229,5.4708,-0.1374,-0.1783,-0.2345,-8.1834,-4.5107,1.2665,0.0725,-0.0469,-0.2614
-5.9687,2.2338,6.1890,-0.0710,-0.1335,-0.2561,-8.1882,-5.0254,1.8459,0.1412,0.0460,-0.2306
-5.7844,2.2673,6.2632,0.0741,-0.2245,-0.2705,-8.0709,-4.9225,2.0399,0.2790,0.0620,-0.1781
-5.7796,2.2960,5.8275,0.1688,-0.2032,-0.3343,-8.0014,-4.5777,1.7861,0.3484,0.1423,-0.1832
-6.3758,2.0973,5.1356,0.1479,-0.1164,-0.3352,-8.1044,-4.7262,0.6488,0.2870,0.1958,-0.1716
-6.7660,1.9010,4.9249,0.1222,-0.1925,-0.2658,-8.2432,-4.8052,0.2777,0.2856,0.0915,-0.1420
-6.6559,1.8962,4.6376,0.0364,-0.1398,-0.1779,-8.0325,-4.6783,0.2729,0.1498,0.0514,-0.1071
-6.4404,1.8771,4.8985,-0.1031,-0.0480,-0.1448,-7.9895,-4.7405,0.4070,-0.0181,0.0301,-0.1378
-6.4548,1.9776,5.5713,-0.1864,-0.0024,-0.1107,-8.2121,-5.1356,1.0678,-0.0950,0.0277,-0.1311
-6.2201,1.7957,5.6743,-0.1140,0.0320,-0.1180,-8.0541,-5.2002,1.3360,-0.0577,0.0890,-0.1021
-6.4045,1.9010,5.4803,-0.0654,-0.0486,-0.1005,-8.0972,-5.0135,1.0558,-0.0009,0.0318,-0.0640
-6.4356,1.8818,5.4229,-0.0232,0.0613,-0.0541,-8.2361,-5.1475,0.8523,-0.0322,0.0945,0.0128
-6.3997,1.8890,5.3199,-0.0003,0.0107,0.0159,-8.0589,-4.8746,0.7638,-0.0076,0.0229,0.0644
-6.2656,1.9752,4.7262,-0.0204,-0.0528,0.0212,-7.8290,-4.4388,0.5746,-0.0065,-0.0137,0.0420
-6.4931,2.0806,4.5466,-0.1383,0.0584,0.0167,-8.0780,-4.4365,0.2011,-0.1478,0.0083,0.0027
-6.7157,2.1380,4.5969,-0.2180,0.0584,0.0478,-8.2839,-4.6232,0.2993,-0.2168,-0.0320,-0.0079
-6.8211,2.0877,4.8554,-0.2443,0.0855,0.0729,-8.3414,-4.7309,0.2753,-0.2601,-0.0390,0.0031
-6.6990,2.1045,4.9392,-0.2759,0.0203,0.1134,-8.2672,-4.6160,0.2801,-0.2570,-0.1302,0.0041
-6.6511,2.0949,5.0757,-0.3167,0.0179,0.1836,-8.2193,-4.7956,0.5531,-0.3056,-0.1761,0.0404
-6.3231,1.9968,5.2912,-0.3387,0.0414,0.2038,-8.0206,-4.7477,0.8164,-0.3384,-0.1727,0.0398
-6.3303,1.9393,5.4037,-0.3469,-0.0103,0.2073,-8.0613,-4.8842,1.0175,-0.3127,-0.2160,0.0408
-6.3279,1.9082,5.5306,-0.3160,0.0513,0.2085,-8.1211,-4.9033,1.0678,-0.3232,-0.1536,0.0602
-6.4260,1.9609,5.5067,-0.2759,0.0508,0.2301,-8.2073,-5.0422,0.9218,-0.3058,-0.1625,0.1104
-6.3829,2.1380,5.1882,-0.2326,0.0817,0.2442,-8.1618,-4.6998,0.7973,-0.2892,-0.1268,0.1420
-6.5314,2.1979,4.9608,-0.2459,0.0781,0.2364,-8.2241,-4.5442,0.5243,-0.3147,-0.1380,0.1299
-6.5410,2.2625,4.8842,-0.2903,0.0910,0.2703,-8.2408,-4.5298,0.5674,-0.3536,-0.1669,0.1436
-6.2920,2.1931,4.8123,-0.3174,0.0753,0.2777,-8.0900,-4.4197,0.5818,-0.3685,-0.1891,0.1144
-6.2393,2.1739,4.9273,-0.3838,0.0576,0.2649,-7.9895,-4.4245,0.5219,-0.4085,-0.2241,0.0703
-6.4548,2.0949,5.2792,-0.4088,0.0762,0.2770,-8.1666,-4.7309,0.8356,-0.4323,-0.2221,0.0770
-6.3255,2.1715,5.2313,-0.3937,0.0565,0.2867,-8.1523,-4.7764,0.9122,-0.4181,-0.2270,0.0929
-6.3207,2.1883,5.2625,-0.3966,0.0829,0.2943,-8.2073,-4.7597,0.9074,-0.4269,-0.2289,0.1006
-6.2991,2.2482,5.3750,-0.3928,0.0910,0.3094,-8.1738,-4.7477,0.9888,-0.4334,-0.2230,0.1160
-6.3135,2.2051,5.3917,-0.3797,0.0622,0.3232,-8.2289,-4.8076,1.0702,-0.4199,-0.2357,0.1316
-6.2465,2.3128,5.2625,-0.3289,0.0874,0.3269,-8.2217,-4.5993,0.9074,-0.3880,-0.2100,0.1660
-6.2417,2.3415,4.9584,-0.3511,0.0709,0.3288,-8.1451,-4.3120,0.7015,-0.4053,-0.2320,0.1432
-6.2225,2.3918,4.9105,-0.4370,0.0981,0.3339,-8.0996,-4.3431,0.7278,-0.4900,-0.2317,0.1106
-6.1914,2.3415,5.2625,-0.4534,0.1083,0.3385,-8.1977,-4.6160,1.0702,-0.4999,-0.2493,0.1075
-6.2465,2.2601,5.3008,-0.4045,0.0679,0.3115,-8.1451,-4.5753,1.0463,-0.4407,-0.2542,0.1061
-6.2201,2.3224,5.3606,-0.3978,0.1136,0.3199,-8.2408,-4.6663,1.0008,-0.4570,-0.2205,0.1227
-6.4117,2.3750,5.3103,-0.3593,0.0965,0.3187,-8.2432,-4.5825,0.9026,-0.4126,-0.2041,0.1451
-6.1699,2.4541,4.9943,-0.3785,0.0782,0.3313,-8.1259,-4.3742,0.8045,-0.4314,-0.2244,0.1354
-6.2920,2.4134,5.0063,-0.3898,0.0905,0.3131,-8.2696,-4.4580,0.8787,-0.4453,-0.2346,0.1142
-6.2752,2.4876,5.3247,-0.3569,0.0723,0.3248,-8.2983,-4.5322,1.0894,-0.4004,-0.2277,0.1448
-6.1172,2.4924,5.1332,-0.3325,0.0682,0.3002,-8.1092,-4.3359,0.8811,-0.3824,-0.1962,0.1214
-6.0861,2.4325,5.2960,-0.3617,-0.0250,0.2892,-8.3151,-4.2952,0.8882,-0.3793,-0.2815,0.1553
-6.1507,2.6240,5.2744,-0.3756,-0.1212,0.2974,-8.3222,-4.3191,1.1157,-0.3135,-0.2713,0.1192
-6.1316,2.4924,4.8698,-0.3238,0.0393,0.2385,-8.1020,-4.1563,0.9122,-0.3479,-0.1656,0.0787
-6.2082,2.6049,5.4851,-0.3405,0.0621,0.2413,-8.5042,-4.4221,1.1061,-0.3551,-0.1711,0.0791
-6.0621,2.6408,5.5569,-0.2364,0.0686,0.2082,-8.3366,-4.2808,1.3048,-0.2714,-0.1246,0.1069
-6.0669,2.6169,5.2194,-0.1996,0.0298,0.1823,-8.2648,-4.1683,0.8763,-0.2260,-0.1326,0.0899
-6.1723,2.6647,5.1811,-0.2201,0.0871,0.1701,-8.3055,-4.1683,1.1133,-0.2518,-0.0801,0.0838
-6.0956,2.7366,5.3319,-0.1811,0.0853,0.1292,-8.2983,-4.2282,1.2330,-0.2168,-0.0561,0.0652
-6.1579,2.6288,5.2361,-0.1434,0.0285,0.1112,-8.3127,-4.2425,1.0534,-0.1519,-0.0706,0.0650
-6.1842,2.6432,5.1427,-0.1435,0.0031,0.0877,-8.3510,-4.2569,1.0391,-0.1287,-0.0679,0.0501
-6.1746,2.6887,5.1140,-0.1138,-0.0276,0.0707,-8.2983,-4.0510,1.0343,-0.0894,-0.0437,0.0396
-6.2369,2.7821,4.9895,-0.0915,-0.0189,0.0413,-8.4659,-4.0294,0.7853,-0.0702,-0.0292,0.0193
-6.0669,2.6815,5.1834,-0.1098,-0.0111,0.0242,-8.3438,-4.0677,1.0463,-0.0862,-0.0064,-0.0159
-6.2225,2.7797,5.4971,-0.0518,-0.0107,-0.0107,-8.4396,-4.3335,1.2665,-0.0201,0.0085,0.0084
-6.0118,2.7102,5.2409,0.0105,-0.0302,-0.0428,-8.2887,-4.1084,1.1947,0.0414,0.0358,0.0104
-6.0956,2.7318,5.3056,0.0160,-0.0536,-0.0657,-8.3127,-4.2186,1.2641,0.0665,0.0421,-0.0009
-6.0023,2.7174,5.2218,0.0546,-0.0015,-0.0911,-8.3079,-4.1611,1.1636,0.0759,0.1027,0.0049
-5.9209,2.6600,5.1739,0.0890,-0.0472,-0.1172,-8.1331,-4.0869,1.1205,0.1292,0.0959,-0.0128
-6.0190,2.6815,5.0685,0.0871,-0.0526,-0.1631,-8.2839,-4.1156,1.0846,0.1394,0.1296,-0.0352
-6.0908,2.6719,5.2529,0.0907,-0.0831,-0.1699,-8.2241,-4.0941,1.0319,0.1713,0.1054,-0.0562
-6.0382,2.7318,5.1954,0.0995,-0.0593,-0.2037,-8.2600,-4.1372,1.0391,0.1789,0.1456,-0.0837
-6.1986,2.6935,5.2433,0.1118,-0.0360,-0.2270,-8.4491,-4.2713,0.9601,0.1845,0.1613,-0.0801
-6.1579,2.6935,5.2720,0.1467,-0.0280,-0.2352,-8.3629,-4.2449,0.9170,0.1988,0.2020,-0.0657
-6.0789,2.6049,5.0470,0.1561,-0.1619,-0.2364,-8.1690,-4.0606,0.8236,0.2759,0.0950,-0.0903
-6.2872,2.6887,5.0877,0.1104,-0.0671,-0.2337,-8.3773,-4.2090,0.9050,0.1978,0.1352,-0.0931
-6.0382,2.6576,5.3367,0.1271,-0.0212,-0.2575,-8.2791,-4.2976,1.2881,0.2162,0.2228,-0.0965
-5.9209,2.6097,5.1475,0.1860,-0.1090,-0.2960,-8.2361,-4.2258,1.2163,0.2814,0.1958,-0.1123
-6.0741,2.6863,5.2313,0.1733,-0.1227,-0.2959,-8.2073,-4.2138,1.2546,0.2872,0.1637,-0.1252
-5.9711,2.6408,5.3032,0.2000,-0.0961,-0.3333,-8.1954,-4.1372,1.2713,0.3186,0.2212,-0.1347
-6.2513,2.7054,5.3582,0.2136,-0.0870,-0.3725,-8.3821,-4.2665,1.1349,0.3413,0.2758,-0.1476
-6.2321,2.5450,5.0613,0.2459,-0.0957,-0.3745,-8.3366,-4.2856,0.8835,0.3596,0.2771,-0.1346
-6.2920,2.4780,4.9752,0.2172,-0.1314,-0.3661,-8.3438,-4.3144,0.7302,0.3456,0.2177,-0.1568
-6.3375,2.4110,5.0733,0.2078,-0.1070,-0.3573,-8.3270,-4.4891,0.7254,0.3260,0.2317,-0.1416
-6.2968,2.4948,5.2840,0.2481,-0.0807,-0.3681,-8.3917,-4.4484,0.8715,0.3524,0.2871,-0.1376
-6.4165,2.4636,5.0446,0.2414,-0.1255,-0.3521,-8.2576,-4.4029,0.7015,0.3648,0.2254,-0.1354
-6.3901,2.4445,5.0350,0.2142,-0.0854,-0.3459,-8.3246,-4.4580,0.7470,0.3231,0.2510,-0.1295
-6.4189,2.3248,5.1643,0.2134,-0.0897,-0.3368,-8.3821,-4.5179,0.7015,0.3187,0.2395,-0.1216
-6.3279,2.3966,5.0422,0.2340,-0.1127,-0.3377,-8.2073,-4.4053,0.8643,0.3487,0.2250,-0.1226
-6.6104,2.2865,5.1954,0.2024,-0.1059,-0.3195,-8.3582,-4.5849,0.5555,0.3146,0.1980,-0.1218
-6.4093,2.2697,5.3127,0.1992,-0.1284,-0.2565,-8.2528,-4.6448,0.8140,0.3022,0.1639,-0.0798
-6.1723,2.2553,5.3558,0.2314,-0.0921,-0.2803,-8.1642,-4.5633,1.0439,0.3243,0.2114,-0.0823
-6.1866,2.3248,5.2840,0.2390,-0.1575,-0.2646,-8.2217,-4.5849,1.0463,0.3461,0.1480,-0.0610
-6.1675,2.3200,5.2792,0.2753,-0.0838,-0.2783,-8.1355,-4.4532,0.9218,0.3479,0.2038,-0.0516
-6.2656,2.2410,4.8602,0.1699,-0.0592,-0.2739,-8.0349,-4.4149,0.5842,0.2316,0.2081,-0.1003
-6.4356,2.2601,5.2601,0.1605,-0.0895,-0.2450,-8.3629,-4.7429,0.7015,0.2587,0.1527,-0.0730
-6.3279,2.1356,4.8914,0.1840,-0.1439,-0.2418,-8.0948,-4.4628,0.5674,0.2785,0.1506,-0.0743
-6.4907,2.2146,4.7788,0.1006,-0.0802,-0.1955,-8.1499,-4.5011,0.4453,0.1697,0.1106,-0.0766
-6.2345,2.2122,5.1308,0.0362,-0.0612,-0.1696,-8.0900,-4.5514,0.8045,0.1102,0.0997,-0.0835
-6.3662,2.1476,5.1691,0.0179,-0.0909,-0.1553,-8.1642,-4.6735,0.8356,0.1116,0.0512,-0.0779
-6.2656,2.2122,5.2936,0.0205,-0.0733,-0.1158,-8.0613,-4.6902,0.8571,0.0907,0.0625,-0.0512
-6.3255,2.0590,5.3199,-0.0192,-0.0333,-0.1138,-8.1307,-4.8315,0.7925,0.0534,0.0746,-0.0604
-6.2920,2.1213,5.3726,-0.0125,-0.0569,-0.0622,-8.0900,-4.8937,0.8619,0.0405,0.0408,-0.0127
-6.3159,2.0327,5.3247,-0.0064,0.0028,-0.0612,-8.0373,-4.8483,0.7566,0.0200,0.0562,-0.0064
-6.4500,2.0470,5.1954,-0.0217,-0.0135,-0.0292,-8.1738,-4.8507,0.6345,-0.0025,0.0340,0.0153
-6.4069,2.1308,5.0566,-0.0654,-0.0017,0.0172,-8.1116,-4.5825,0.4597,-0.0556,-0.0033,0.0274
-6.5170,2.0877,5.0996,-0.1196,0.0340,0.0337,-8.3031,-4.7716,0.6488,-0.1239,-0.0107,0.0261
-6.4859,2.1883,5.0805,-0.1106,0.0534,0.0910,-8.2313,-4.7764,0.7590,-0.1475,-0.0218,0.0838
-6.2584,2.2577,5.1116,-0.1081,-0.0024,0.1120,-8.1475,-4.4460,0.7207,-0.1100,-0.0713,0.0799
-6.2513,2.4205,4.9895,-0.1784,0.0670,0.1102,-8.1499,-4.3359,0.6273,-0.2129,-0.0524,0.0526
-6.1196,2.4421,5.1427,-0.2121,0.0300,0.1252,-8.1714,-4.3239,1.0056,-0.2102,-0.0913,0.0429
-6.2968,2.2290,5.2960,-0.2288,0.0481,0.0855,-8.1618,-4.6783,0.9385,-0.2169,-0.0675,0.0053
-6.5505,2.2529,5.1858,-0.2406,0.1223,0.2618,-8.2313,-4.5633,0.7661,-0.3281,-0.1107,0.1563
-6.5122,2.3272,5.0685,-0.2790,0.0111,0.3079,-8.4036,-4.4508,0.6105,-0.3134,-0.2204,0.1592
-6.1794,2.5809,4.9608,-0.2750,-0.0406,0.3675,-8.1092,-4.1803,0.7829,-0.3214,-0.2314,0.1864
-5.9161,2.6600,4.8411,-0.3214,0.1014,0.2959,-7.8889,-3.7972,0.9697,-0.4096,-0.1310,0.1046
-5.9304,2.5714,5.1787,-0.3837,0.0991,0.2641,-8.1163,-4.2449,1.0247,-0.4209,-0.2349,0.0757
-5.9640,2.5474,5.3151,-0.3619,0.1057,0.2561,-8.2097,-4.3981,1.2354,-0.4044,-0.1966,0.0862
-6.0047,2.5331,5.4396,-0.3305,0.0951,0.2240,-8.2432,-4.4269,1.1157,-0.3516,-0.1577,0.0734
-6.4284,2.5211,5.1020,-0.2892,0.0927,0.2162,-8.3989,-4.4269,0.7230,-0.3428,-0.1154,0.0887
-6.3015,2.5786,4.9225,-0.3136,0.1639,0.2402,-8.2265,-4.2449,0.6369,-0.4018,-0.1174,0.1018
-6.2225,2.4469,5.2002,-0.3428,0.0544,0.2482,-8.2624,-4.3790,1.0175,-0.3501,-0.2013,0.0807
-6.2513,2.5402,5.1020,-0.3086,0.1013,0.2169,-8.3151,-4.2808,0.8978,-0.3508,-0.1366,0.0803
-6.2106,2.6528,5.1404,-0.3078,0.0945,0.2266,-8.3893,-4.2377,0.9888,-0.3420,-0.1463,0.0834
-6.2441,2.7653,5.1188,-0.2866,0.0420,0.2084,-8.2887,-4.1156,0.9002,-0.2959,-0.1628,0.0766
-6.2752,2.6983,4.9273,-0.2932,0.0558,0.1935,-8.3534,-4.0318,0.7111,-0.3092,-0.1460,0.0630
-6.3518,2.7270,5.0159,-0.3146,0.0738,0.1876,-8.3629,-4.2114,0.6752,-0.3195,-0.1371,0.0486
-6.2632,2.3391,4.7525,-0.3285,0.0377,0.1859,-8.1451,-4.2952,0.7278,-0.3475,-0.1629,0.0380
-6.3710,2.3415,5.0566,-0.3196,0.0512,0.1896,-8.1906,-4.5370,0.6129,-0.3163,-0.1816,0.0382
-6.2728,2.2913,5.0302,-0.3206,-0.0249,0.2098,-8.1906,-4.4293,0.6584,-0.2956,-0.2144,0.0398
-6.4189,2.3176,4.8530,-0.3738,0.0454,0.2061,-8.2384,-4.5107,0.5315,-0.3673,-0.1857,0.0152
-6.4404,2.5211,5.4636,-0.3734,-0.0075,0.2747,-8.4874,-4.6376,1.0008,-0.3424,-0.2702,0.0787
-6.2177,2.4636,5.2194,-0.3393,0.0161,0.2457,-8.2025,-4.4149,0.9361,-0.3316,-0.2106,0.0677
-6.2082,2.6145,5.3175,-0.3579,0.0073,0.2866,-8.2959,-4.4245,0.9122,-0.3625,-0.2793,0.0906
-5.9209,2.6336,5.4899,-0.3312,0.0003,0.2747,-8.2169,-4.3622,1.2785,-0.3183,-0.2402,0.0886
-5.9496,2.6624,5.0925,-0.2950,0.0036,0.2312,-8.1451,-4.1444,1.1229,-0.3030,-0.2040,0.0729
-6.0549,2.7078,5.3558,-0.3588,0.0077,0.2234,-8.2720,-4.1659,1.2186,-0.3321,-0.2210,0.0402
-6.0406,2.7725,5.3822,-0.3002,0.0655,0.1888,-8.3486,-4.2377,1.3767,-0.3008,-0.1364,0.0520
-5.9496,2.6528,5.3199,-0.2987,0.0075,0.1775,-8.1092,-4.1061,1.2713,-0.2874,-0.1821,0.0368
-5.9376,2.7869,5.6886,-0.2721,0.0445,0.1704,-8.4348,-4.3000,1.5682,-0.2581,-0.1396,0.0549
-5.6719,2.8084,5.6192,-0.2061,0.0314,0.1124,-8.1116,-4.1300,1.7190,-0.1997,-0.0762,0.0384
-5.9400,2.7797,5.4444,-0.1432,-0.0049,0.0629,-8.1594,-4.0510,1.3623,-0.1188,-0.0522,0.0220
-6.0310,2.7677,5.0302,-0.1279,0.0312,0.0176,-8.1858,-3.9289,0.9912,-0.1094,-0.0103,-0.0135
-5.9568,2.6743,4.8435,-0.2178,0.0105,-0.0119,-8.2025,-4.0486,0.9457,-0.1644,-0.0276,-0.0677
-6.1435,2.6719,5.3750,-0.1984,0.0373,-0.0401,-8.4683,-4.3742,1.2665,-0.1484,0.0112,-0.0775
-6.1196,2.7078,5.4300,-0.0925,-0.0096,-0.0633,-8.4060,-4.2856,1.0989,-0.0330,0.0127,-0.0488
-6.1339,2.5762,5.0973,-0.0706,-0.0741,-0.0655,-8.3079,-4.2641,0.7638,0.0091,-0.0226,-0.0516
-6.1627,2.6193,5.1811,-0.1066,-0.0168,-0.0671,-8.1690,-4.2760,0.9577,-0.0402,0.0196,-0.0678
-6.0334,2.4948,5.3079,-0.0769,-0.0730,-0.0882,-8.2025,-4.3646,1.2186,0.0195,0.0059,-0.0773
-6.2225,2.4612,5.3510,-0.0560,-0.0959,-0.1176,-8.2480,-4.5179,1.0223,0.0674,-0.0037,-0.0963
-6.2321,2.4253,5.3127,-0.0562,-0.0689,-0.1146,-8.3342,-4.4748,1.0822,0.0369,0.0320,-0.0849
-6.2800,2.3607,5.5929,-0.0189,-0.0348,-0.1292,-8.3199,-4.6328,1.1899,0.0538,0.0810,-0.0731
-6.2130,2.5283,5.6144,0.0442,-0.0714,-0.1138,-8.4108,-4.6376,1.1827,0.1227,0.0464,-0.0241
-6.1914,2.5379,5.3223,0.0887,-0.0292,-0.1234,-8.1714,-4.3000,1.1301,0.1324,0.1087,-0.0076
-5.9735,2.5211,5.3510,0.0429,-0.0685,-0.1287,-8.0900,-4.3263,1.1325,0.1152,0.0662,-0.0472
-5.9616,2.4588,5.4827,0.0405,-0.0336,-0.1510,-8.1116,-4.3838,1.3192,0.1026,0.1057,-0.0625
-5.9376,2.5355,5.4181,0.1178,-0.1184,-0.2224,-8.1379,-4.3455,1.3001,0.2238,0.1326,-0.0915
-6.0142,2.6001,5.5569,0.1366,-0.0902,-0.2178,-8.2313,-4.4412,1.2594,0.2294,0.1488,-0.0683
-5.8993,2.5762,5.5210,0.1982,-0.0667,-0.2653,-8.2839,-4.3742,1.2953,0.2701,0.2210,-0.0746
-6.0454,2.5953,5.3008,0.2129,-0.0746,-0.2920,-8.2289,-4.3527,1.1779,0.3098,0.2276,-0.0835
-6.2082,2.5379,5.1930,0.2157,-0.0785,-0.2939,-8.2432,-4.3024,0.9744,0.2990,0.2240,-0.0853
-5.9951,2.4900,5.0637,0.2069,-0.1256,-0.2894,-8.0828,-4.1515,0.7877,0.3246,0.1815,-0.1037
-5.9376,2.3846,4.7333,0.1495,-0.1496,-0.3296,-7.8673,-4.0294,0.7087,0.2991,0.1604,-0.1749
-6.2130,2.4397,5.1332,0.0536,-0.0993,-0.3184,-8.2049,-4.4460,0.7494,0.2097,0.1548,-0.2030
-6.1723,2.3032,5.3271,0.0616,-0.1362,-0.3090,-8.1211,-4.5083,1.0942,0.2161,0.1302,-0.2017
-6.1411,2.3918,5.4324,0.0674,-0.1811,-0.2974,-8.2241,-4.5610,1.1396,0.2475,0.1006,-0.2026
-6.0262,2.3846,5.5186,0.0505,-0.1907,-0.2775,-8.2361,-4.5011,1.2139,0.2394,0.0961,-0.1978
-6.0310,2.4349,5.2218,0.0505,-0.2074,-0.2642,-8.1259,-4.3551,0.9673,0.2208,0.0409,-0.1679
-5.9879,2.3822,5.0087,-0.0153,0.0368,-0.2405,-7.9679,-4.3263,0.9337,0.0590,0.1779,-0.1502
-5.5306,2.3391,5.0781,0.0386,-0.2437,-0.3035,-7.5872,-4.0558,0.9984,0.2956,-0.0083,-0.2437
-5.7533,2.1380,4.4436,-0.1588,-0.2233,-0.3533,-7.4555,-4.0821,0.3519,0.1100,-0.0201,-0.3933
-5.8347,1.8507,5.5617,-0.3565,-0.0786,-0.3333,-7.7285,-5.1212,1.3934,-0.1042,0.0141,-0.4242
-5.8658,1.5371,6.4667,-0.1908,-0.0793,-0.3404,-7.7405,-5.6360,1.8340,0.0412,0.0805,-0.3545
-5.7964,1.3527,6.2896,-0.1240,-0.1840,-0.3750,-7.5944,-5.6503,1.5514,0.1494,0.0438,-0.3536
-6.1866,1.3048,6.1220,-0.1183,-0.1684,-0.3202,-7.7907,-5.8347,1.3791,0.1067,0.0416,-0.3010
-6.1292,1.2402,5.8586,-0.0705,-0.0825,-0.2554,-7.5944,-5.5713,1.1947,0.0773,0.0795,-0.2222
-5.9687,1.2091,5.6695,-0.1424,-0.1102,-0.2276,-7.4268,-5.4827,1.1396,0.0200,0.0043,-0.2276
-6.0525,1.0798,5.7676,-0.1813,-0.0721,-0.1735,-7.4962,-5.7269,1.1779,-0.0201,0.0083,-0.1992
-5.9951,1.1205,5.7150,-0.1892,-0.0779,-0.1612,-7.3071,-5.6096,1.1229,-0.0449,-0.0080,-0.2022
-5.9520,0.9960,5.8035,-0.2864,-0.0382,-0.1368,-7.2927,-5.7868,1.0678,-0.1436,-0.0450,-0.2225
-6.0645,0.9457,6.2297,-0.2378,-0.0282,-0.0947,-7.5633,-6.1794,1.3767,-0.1187,-0.0380,-0.1543
-5.9065,0.7877,5.9472,-0.1518,-0.0759,-0.0739,-7.2760,-5.8203,1.1756,-0.0481,-0.0393,-0.1035
-6.1459,0.9002,5.8347,-0.1960,-0.0428,-0.0305,-7.4508,-5.8658,1.0630,-0.1111,-0.0642,-0.0837
-6.0334,0.9266,5.9735,-0.1803,-0.0127,0.0028,-7.4029,-5.9256,1.3408,-0.1134,-0.0334,-0.0448
-6.0956,1.0104,5.8012,-0.1450,-0.0510,-0.0067,-7.4891,-5.7724,1.0942,-0.0730,-0.0518,-0.0377
-6.2225,1.1037,5.6407,-0.1645,-0.0191,0.0325,-7.6495,-5.6886,0.9840,-0.1294,-0.0743,-0.0116
-6.1172,1.1803,5.7868,-0.1889,0.0221,0.0613,-7.4484,-5.6216,1.1875,-0.1673,-0.0581,0.0023
-6.1004,1.1851,5.6958,-0.2082,-0.0175,0.0578,-7.5848,-5.5713,1.0463,-0.1635,-0.0805,-0.0131
-6.0454,1.1875,5.7533,-0.1871,-0.0281,0.0905,-7.5489,-5.5833,1.2019,-0.1436,-0.1073,0.0200
-5.7485,1.2091,5.7006,-0.2014,-0.0442,0.1037,-7.3598,-5.4899,1.2139,-0.1581,-0.1448,0.0127
-5.7461,1.1564,5.9161,-0.2301,-0.0370,0.0902,-7.2784,-5.5833,1.1779,-0.1737,-0.1371,-0.0119
-5.5785,1.0223,6.0717,-0.2506,0.0043,0.0734,-7.1539,-5.6527,1.5251,-0.2084,-0.0914,-0.0280
-5.5976,1.0343,6.2489,-0.2008,-0.0360,0.0540,-7.1658,-5.7820,1.6807,-0.1372,-0.0875,-0.0217
-5.8586,0.9864,6.0669,-0.1627,-0.0131,0.0310,-7.4268,-5.8155,1.3862,-0.1148,-0.0580,-0.0133
-6.0358,1.0127,6.0908,-0.1689,-0.0258,0.0763,-7.5178,-5.9544,1.2498,-0.1319,-0.0625,0.0234
