-0.0910,9.3733,0.6105,-0.0437,-0.2642,0.1701,-0.2298,2.4924,7.8099,-0.1548,-0.3565,-0.1841
0.5219,9.2368,0.0694,-0.1018,-0.2683,0.1557,0.9122,2.5905,7.4579,-0.2717,-0.2573,-0.1893
0.2873,9.4930,0.2179,-0.1468,-0.4191,0.1356,0.0670,2.2075,8.2337,-0.2990,-0.1705,-0.3365
0.5674,9.5960,0.4812,-0.2462,-0.4437,0.1107,-0.0383,2.0614,8.2049,-0.3479,-0.1123,-0.3653
0.6895,9.5313,0.7661,-0.4302,-0.1499,0.0739,-0.3783,1.9010,8.4515,-0.3279,0.0834,-0.0389
0.9481,9.6486,1.5131,-0.2066,0.0148,-0.0332,-0.4597,1.3192,9.7659,-0.0204,0.2386,0.0946
0.3974,9.4547,0.9242,-0.0273,0.0969,-0.0746,-0.1293,1.9656,8.3007,0.0557,-0.0107,0.0360
0.4262,9.3087,0.7494,-0.0925,0.0985,-0.0953,-0.0646,2.1787,8.2648,0.0913,0.0943,0.0468
0.0359,9.3063,0.7685,-0.0308,0.0870,-0.0802,0.0000,2.4014,7.5202,0.0413,0.0633,0.0258
-0.1484,9.2632,0.6943,-0.1194,0.0132,-0.0621,-0.1245,2.3774,7.4891,-0.0294,0.0590,-0.0577
-0.0934,9.2536,0.6752,-0.1681,-0.0328,0.0322,-0.6871,2.3535,7.7309,-0.1304,0.0584,-0.0569
0.4381,9.3853,1.2234,-0.0823,-0.0935,0.0241,-0.2801,2.0423,8.4108,-0.0745,-0.0833,-0.0525
0.3615,9.3541,0.6847,-0.0565,-0.0490,-0.0096,-0.2634,2.1596,7.9703,-0.0312,-0.0017,-0.0604
0.3017,9.2703,0.5602,-0.1931,-0.0129,-0.0412,-0.3232,2.1620,8.0062,-0.0895,0.0981,-0.0468
-0.0048,9.1387,0.7542,-0.2695,0.0710,-0.0529,-0.6201,2.1404,8.1547,-0.0791,0.1652,0.0192
-0.2011,9.3925,1.1684,-0.1162,0.0478,-0.0373,-0.7853,2.1859,8.1523,-0.0189,0.1077,-0.0011
-0.0551,9.3757,0.7973,-0.0348,0.0085,0.0274,-0.4980,2.1237,8.1523,-0.0091,-0.0878,0.0388
0.1963,9.3494,1.0870,-0.0382,-0.0357,0.0241,-0.2035,2.0351,8.1738,0.0017,-0.0348,-0.0140
0.2825,9.2273,0.6153,-0.0789,-0.0882,0.0153,-0.2849,2.0734,8.0349,-0.0877,-0.0679,-0.0677
0.4429,9.3901,0.9170,-0.1208,-0.0329,-0.0657,-0.5363,2.0518,8.1283,-0.0289,0.1255,-0.0129
0.1269,9.3541,0.8021,-0.1148,0.0640,-0.0633,-0.5052,2.2075,7.7524,-0.0349,0.0625,0.0366
0.2658,9.2344,1.1492,-0.1629,-0.0356,-0.0256,-0.3472,2.2170,7.8554,-0.1018,0.0998,-0.0265
0.1963,9.2632,1.0151,-0.1747,-0.0926,-0.0432,-0.5962,1.9345,8.3558,-0.0951,0.0352,-0.0329
0.9122,9.2368,1.1636,-0.2288,-0.4028,-0.3780,0.3687,1.7262,8.7173,0.0416,0.0977,-0.2900
-0.7111,8.9136,1.4078,-0.2970,-0.3973,-0.4297,-1.9489,1.9441,8.2576,0.1367,0.5303,-0.2722
-0.7566,9.2703,0.9385,-0.1179,-0.1311,-0.2899,-2.7246,2.0446,7.9799,-0.1412,0.4546,0.2249
-0.3256,9.3829,1.0175,-0.1272,0.0215,-0.0817,-0.2251,2.3631,7.4244,-0.2136,0.2198,0.1668
-0.3376,9.2440,0.8188,-0.1897,-0.0236,-0.0072,-0.2418,2.4301,7.5417,-0.1219,0.1919,0.2052
0.1173,9.3948,0.9936,-0.1226,-0.0035,-0.1118,-0.8811,1.8914,8.6742,-0.1224,0.2042,0.0733
-0.2897,9.3541,1.6041,-0.0434,-0.0043,-0.0589,-1.3216,1.8196,8.5377,0.0272,0.1184,0.1444
0.0766,9.2751,1.5658,0.0033,0.0317,-0.0073,-0.7207,2.0614,7.9487,-0.0001,-0.2029,0.0644
0.4262,9.2703,1.3408,0.0156,0.0449,-0.0512,-0.5148,1.9393,8.4707,-0.0145,0.0610,0.0348
0.0287,9.4523,0.8691,-0.0309,0.0859,-0.0818,-0.5052,2.1332,8.2672,0.0568,0.0000,0.0248
0.5195,9.1243,1.1971,-0.0362,-0.0934,-0.1956,0.5028,2.2362,8.1139,0.1705,0.0136,-0.1178
-0.1317,9.3039,0.5243,0.0115,-0.3860,-0.4265,-0.2227,2.4301,7.8626,0.2944,0.0512,-0.4638
-1.0151,9.4188,0.7925,0.0015,-0.3746,-0.3633,-1.9896,2.7845,7.0820,0.2340,0.1355,-0.3949
-1.1420,9.2033,1.0726,0.0226,-0.1368,-0.1551,-1.8627,2.5762,7.2042,0.0741,-0.0942,-0.1639
-1.0487,9.1937,1.5347,-0.0528,-0.1096,0.0715,-1.7717,2.4588,7.5561,-0.1108,-0.1247,-0.0084
-0.2729,9.2512,1.1420,0.0590,-0.0116,0.0789,-0.9720,2.1931,8.2097,-0.0389,-0.1869,0.0468
-0.1628,9.3637,0.7159,0.0151,-0.0067,-0.0654,-0.3879,2.4660,7.8506,0.0385,0.0608,-0.0293
-0.5291,9.1985,0.7254,-0.1836,0.0847,-0.0437,-0.9529,2.5043,7.7237,-0.1033,0.1419,-0.0099
-0.7087,9.2392,1.4724,-0.0754,-0.0149,0.0143,-1.3479,2.3798,8.0206,-0.0879,0.0040,-0.0015
-0.4764,9.2775,1.0678,0.0388,-0.0658,0.0409,-1.2234,2.3152,7.9799,-0.0226,-0.1580,-0.0184
-0.1221,9.2392,0.8619,-0.0175,-0.0505,0.0035,-0.5219,2.3798,7.8697,-0.0084,-0.0301,0.0136
-0.1269,9.3254,0.8140,-0.0667,-0.0005,-0.0003,-0.9457,2.3583,7.9248,-0.0695,0.0262,0.0594
-0.2610,9.3805,1.0798,-0.0338,0.0749,-0.0057,-0.7542,2.5091,8.0756,0.0289,-0.0228,0.1359
-0.5100,9.2847,0.8092,-0.0565,0.0089,0.0120,-0.6249,2.6839,7.3574,-0.0841,0.0161,-0.0581
-0.1676,9.2680,1.0415,-0.0797,-0.0372,0.0185,-1.0175,2.3511,8.1403,-0.1122,0.0310,-0.0019
-0.2514,9.3374,1.0367,-0.0637,0.0534,-0.0160,-0.7374,2.2769,8.0685,-0.0167,-0.0254,0.0408
-0.5626,9.2727,0.8212,-0.0719,0.0469,0.0019,-1.0439,2.5809,7.4244,-0.0661,0.0077,0.0264
-0.4453,9.3422,1.1468,-0.0634,0.0456,0.0388,-0.5986,2.6073,7.7572,-0.0934,-0.0218,0.0550
-0.3304,9.3302,1.0223,-0.0386,-0.0281,0.0310,-0.6943,2.2553,8.2289,-0.0923,-0.0674,-0.0373
-0.3783,9.3541,1.1181,-0.0249,-0.0305,0.0644,-1.1109,2.1979,8.0756,-0.0366,-0.1235,0.0233
0.0287,9.3829,1.2833,0.0208,0.0008,0.0320,-0.6440,2.1165,8.2935,-0.0019,-0.1017,0.0578
0.1844,9.3685,0.5004,-0.0409,0.0060,-0.0151,-0.3400,2.3296,7.9080,0.0076,-0.0380,0.0334
-0.3903,9.3278,0.4645,-0.1167,0.0677,-0.0767,-0.4932,2.6791,7.5154,0.0236,0.1344,0.0151
-0.6560,9.2464,0.6488,-0.1679,-0.0085,0.0075,-0.6512,2.7749,7.3813,-0.1354,0.0168,-0.0288
-0.4812,9.3877,1.3599,-0.0929,-0.0469,0.0506,-0.7877,2.3703,8.1451,-0.0842,-0.0373,-0.0077
0.0742,9.4571,1.1061,-0.0012,-0.0393,0.0318,-0.6776,2.0806,8.4922,-0.0305,-0.1214,0.0448
-0.0072,9.4308,0.7566,0.0135,0.0153,0.0040,-0.4453,2.2146,7.9009,0.0153,-0.0402,0.0033
-0.0718,9.2488,0.4860,-0.1350,0.0261,-0.0546,-0.6225,2.4134,7.9272,-0.0410,0.0987,0.0185
-0.4908,9.2608,0.6440,-0.1561,0.0687,-0.0422,-0.8643,2.4995,7.6303,-0.0655,0.1312,0.0345
-0.4525,9.3278,0.5986,-0.2073,0.0302,-0.0080,-0.9026,2.5833,7.7357,-0.1255,0.1119,0.0536
-0.3519,9.3661,1.2067,-0.1503,0.0644,-0.0039,-1.0678,2.1572,8.4300,-0.0694,0.1387,0.0638
-0.1460,9.4379,1.3958,-0.0246,0.0416,-0.0143,-0.8930,2.0973,8.2791,-0.0183,-0.0300,0.0377
-0.1460,9.3158,0.8116,-0.0233,0.0032,-0.0276,-0.5435,2.3463,8.0014,0.0184,-0.0613,0.0052
-0.3352,9.2129,0.6728,-0.0755,0.0188,-0.0738,-0.7135,2.6025,7.5369,0.0113,0.0625,-0.0004
-0.6369,9.2512,0.6393,-0.1262,0.0237,-0.0246,-0.7087,2.6863,7.5681,-0.0887,0.0552,-0.0107
-0.6009,9.3326,1.0056,-0.1440,-0.0493,0.0183,-0.9194,2.4924,7.7931,-0.1108,0.0735,-0.0197
-0.2753,9.3134,1.0678,-0.1029,-0.0454,0.0373,-1.0415,2.2625,8.0254,-0.1238,-0.0258,-0.0276
0.0096,9.3158,1.2450,-0.0849,0.0207,0.0020,-0.9146,2.0853,8.2815,-0.0445,0.0260,0.0208
-0.2753,9.3206,0.9290,-0.0942,0.0585,-0.0205,-0.8404,2.3583,7.7644,-0.0204,0.0204,0.0269
-0.4286,9.3230,1.2067,-0.0775,0.0286,-0.0566,-0.6632,2.3272,8.2241,0.0083,0.0646,0.0023
-0.4836,9.2320,0.7757,-0.0605,-0.0009,-0.0310,-0.9050,2.4684,7.7117,-0.0191,-0.0028,-0.0409
-0.3519,9.2416,0.9768,-0.1159,0.0180,-0.0382,-1.1205,2.3200,7.8650,-0.0148,0.0707,0.0071
-0.5076,9.2009,0.8763,-0.1603,0.0858,-0.0017,-1.0223,2.4325,7.9631,-0.0384,0.0857,-0.0091
-0.3567,9.1602,0.3160,-0.1775,0.1520,0.0073,-1.2665,2.4325,7.4268,-0.0545,0.1728,0.0758
-0.1891,9.4595,1.3216,-0.2185,0.1645,-0.0509,-1.3312,2.1979,8.1451,-0.1065,0.2870,0.0654
-0.4238,9.4308,1.8387,-0.0922,0.0148,-0.0739,-0.7709,2.3679,8.0900,-0.0185,0.0261,-0.0610
-0.5555,9.2680,0.9529,-0.0067,-0.1098,0.0085,-1.4796,2.4205,7.7835,-0.0234,-0.1100,-0.0782
-0.2298,9.3494,1.1420,-0.0226,-0.0234,0.0324,-0.7039,2.3511,8.0828,-0.0366,-0.0858,-0.0525
0.1269,9.3422,1.0439,-0.0193,-0.0289,-0.0568,-0.4405,2.3918,7.8841,0.0252,-0.0528,-0.0815
-0.5171,9.1985,0.7446,-0.1140,0.0048,-0.0667,-1.0080,2.5809,7.7021,-0.0350,0.0761,-0.0778
-0.7494,9.1147,1.0439,-0.1916,0.0268,-0.0137,-1.5419,2.4684,7.6375,-0.1010,0.1466,-0.0528
-0.5507,9.2320,1.1612,-0.1011,0.0040,0.0049,-1.0654,2.4469,7.8075,-0.0745,0.0131,-0.0248
-0.5387,9.3063,1.0558,-0.0967,-0.0368,0.0117,-1.0582,2.4995,7.7740,-0.1014,-0.0095,-0.0883
-0.2418,9.3685,1.0870,-0.0931,-0.0440,0.0225,-1.0415,2.2529,7.9416,-0.0886,-0.0232,-0.0300
-0.1772,9.3278,1.4102,-0.0894,-0.0099,-0.0420,-1.0965,2.0901,8.5234,-0.0429,0.0576,-0.0157
-0.3400,9.2536,0.9960,-0.0037,-0.0141,-0.0449,-0.8140,2.3655,7.9775,0.0016,-0.0494,-0.0540
-0.5794,9.1722,0.9984,-0.0953,0.0100,-0.0640,-1.0511,2.4229,7.8123,-0.0228,0.0819,-0.0176
-0.5339,9.1578,1.1851,-0.0786,-0.0284,-0.0164,-1.3216,2.3894,7.9799,-0.0653,-0.0168,0.0244
-0.6153,9.2727,1.1444,-0.0838,-0.0039,0.0195,-1.2785,2.3703,7.7644,-0.0548,-0.0040,-0.0157
-0.2682,9.3541,1.2546,-0.0318,-0.0458,0.0177,-1.1277,2.2338,8.1116,-0.0420,-0.0372,-0.0280
0.0072,9.1267,1.0678,-0.0829,0.0364,-0.0462,-1.1013,2.1715,8.0158,-0.0422,0.0388,0.0261
-0.7590,9.1315,0.7518,-0.1387,0.0522,-0.0297,-1.0846,2.6600,7.4340,-0.0544,0.0436,-0.0135
-0.7542,9.1674,0.8404,-0.1765,0.0097,0.0258,-0.8212,2.6408,7.6543,-0.1255,0.0384,-0.0161
-0.0670,9.1363,1.2881,-0.1781,-0.0552,0.0624,-1.1995,2.2913,7.9727,-0.1529,0.0296,0.0147
-0.0886,9.4571,1.3719,-0.0927,-0.0822,0.0128,-1.2665,2.0255,8.4372,-0.0845,-0.0160,-0.0344
-0.2897,9.3470,1.6161,-0.0398,0.0116,-0.0304,-1.1061,2.0207,8.4491,0.0187,-0.0425,0.0333
-0.1700,9.2368,0.9529,-0.0172,0.0473,-0.0357,-1.3671,2.1931,7.9942,0.0184,0.0406,0.0652
-0.5914,9.3015,0.9242,-0.0425,0.0442,-0.0409,-1.1444,2.5139,7.8099,0.0306,0.0428,0.0215
-0.5219,9.3518,0.8882,-0.1568,0.0284,-0.0280,-1.0151,2.4756,7.8362,-0.0978,0.0626,-0.0260
-0.0527,9.3134,1.9920,-0.1123,-0.0135,-0.0445,-1.1732,1.8699,8.8011,-0.0115,0.0095,0.0055
-0.5602,9.1243,1.5969,0.0786,0.0332,-0.0640,-1.7262,2.2075,7.8865,0.0881,-0.0394,-0.0087
-0.8643,8.8609,0.5890,0.0585,-0.0145,-0.0332,-1.1875,2.8060,6.7660,0.0652,-0.0866,-0.0153
-1.0750,8.9328,0.6057,-0.1073,-0.0320,0.0533,-1.0415,2.9951,7.0485,-0.1088,-0.0123,-0.0406
-0.6608,9.2009,1.0391,-0.1001,-0.1556,0.1350,-1.2450,2.6504,7.4867,-0.1683,-0.2106,-0.0561
-0.1413,9.5457,0.4022,-0.1039,-0.0934,0.1490,-0.8188,2.4876,8.3821,-0.1879,-0.1086,0.0116
0.3926,9.4571,0.2322,-0.2196,0.0593,0.0035,0.2658,2.3583,7.9703,-0.1679,0.0981,0.0021
0.0742,9.4116,1.4389,-0.4271,0.0366,-0.0678,-0.9122,2.0423,8.4324,-0.1853,0.3445,-0.0236
-0.5411,9.2464,2.2817,-0.3096,0.0217,-0.0292,-1.9489,1.7980,8.5832,-0.0869,0.1512,-0.0112
-0.4070,9.0980,2.0063,0.0105,-0.0043,-0.0031,-1.5490,1.8842,8.2121,0.0536,-0.0617,0.0151
-0.5818,9.1315,0.7661,0.0085,0.0385,0.0077,-0.9433,2.6312,7.5465,0.0282,-0.1006,0.0230
-0.7590,9.1315,0.3639,-0.1308,0.0151,0.0581,-0.6800,2.8587,7.3167,-0.0783,-0.0156,0.0161
-0.5459,9.0932,1.4030,-0.2599,-0.1127,0.1392,-1.0319,2.3822,7.9535,-0.1414,-0.0392,0.0063
-0.2897,9.2943,2.0470,-0.0242,-0.0729,0.0878,-1.8340,1.7741,8.8514,-0.0432,-0.0582,0.0278
-0.1460,9.1602,1.4246,0.0384,0.0004,0.0282,-1.0199,2.0016,7.9871,0.0089,-0.1002,0.0015
-0.1891,9.1123,1.2450,-0.0582,0.0428,0.0089,-1.1372,2.1213,8.1044,-0.0384,0.0035,0.0465
-0.5243,9.0525,0.9218,0.0008,0.0795,-0.0314,-1.2115,2.3798,7.8171,-0.0008,0.0012,0.0601
-0.7398,9.1243,0.3496,-0.0465,0.0582,0.0337,-0.7661,2.8443,7.2233,-0.0739,-0.0242,0.0524
-0.4022,9.1315,0.8643,-0.1496,-0.0306,0.0867,-0.5818,2.7126,7.4795,-0.1705,-0.0195,0.0188
-0.0479,9.5050,1.8842,0.0000,-0.1844,0.0593,-1.0894,1.8411,8.8801,-0.1707,-0.0777,-0.1034
0.3400,9.6199,1.7573,0.0779,-0.0397,-0.0238,-1.7717,1.4006,9.3254,0.0276,-0.0179,0.0053
-0.2610,9.2919,1.9393,0.1545,0.1848,-0.0979,-1.4317,1.7597,8.1977,0.1326,0.1188,0.1017
-0.4669,9.2177,0.4741,0.1074,0.0874,-0.0666,-0.9457,2.5738,7.3310,0.0532,-0.0710,0.0258
-0.6680,9.0357,0.3783,-0.1768,0.1679,0.0137,-0.4238,2.9928,7.1299,-0.0442,0.0770,0.1784
-0.7230,9.0214,1.3264,-0.0946,-0.0296,0.0606,-0.6823,2.6695,7.5393,-0.1455,-0.0119,-0.0016
-0.4860,9.1842,0.6464,-0.0440,-0.1705,0.1403,-1.1157,2.4205,7.6782,-0.1555,-0.2036,-0.0201
0.3160,9.6055,1.4605,-0.0858,-0.0293,0.0775,-0.2921,2.0710,8.6072,-0.1560,-0.0846,0.0065
0.8021,9.9479,1.6927,-0.0774,-0.1304,0.0296,-0.8930,1.3479,9.3541,-0.1194,-0.0642,-0.0737
0.6321,9.8043,2.6145,0.0234,0.1042,-0.1652,-1.7358,1.0127,10.2017,0.2165,0.1324,0.0504
-0.3208,8.9376,1.0032,0.2846,0.2947,-0.2619,-0.3974,2.5067,7.2137,0.4459,-0.1322,0.0501
-1.1133,8.5473,-1.0415,0.1876,0.0962,-0.1204,-0.2658,3.8283,5.7102,0.2050,-0.0694,0.0600
-1.1732,8.4443,-2.1955,-0.1190,-0.0056,0.0449,-0.1149,4.1659,5.1691,-0.1448,0.0286,0.0139
-1.1708,8.8107,-0.5195,-0.5616,0.1158,0.0489,-0.2179,3.5267,6.1579,-0.5020,0.5824,-0.0204
-0.6632,9.4571,1.9896,-0.7493,-0.1335,0.2286,-1.7789,2.0279,7.9966,-0.7414,0.2709,-0.1263
0.1221,9.7396,3.9337,-0.5824,-0.2413,0.3565,-2.5043,0.5507,10.1921,-0.5626,0.0240,0.0356
1.2713,9.7157,3.7852,-0.1210,-0.0465,0.1700,-1.6209,0.0670,11.3126,-0.2633,-0.0270,0.0458
1.0367,9.2919,1.9393,0.0990,0.1720,-0.0731,-0.5124,1.3240,9.0022,0.1340,-0.0063,0.0253
-0.3160,9.0381,0.3615,0.0021,0.2026,-0.1025,-0.7374,2.5379,7.1730,0.1071,0.0364,0.0919
-0.8045,8.9543,0.0646,-0.1348,0.0802,-0.0107,-0.5626,2.9042,6.6846,-0.0719,0.0608,0.0542
-0.6584,9.0237,0.7685,-0.2173,-0.0405,0.1202,-0.9888,2.5809,7.2305,-0.2511,0.0196,-0.0056
-0.0192,9.3254,1.8483,-0.1974,-0.1057,0.1431,-1.0798,1.7382,8.5641,-0.2181,0.0043,-0.0004
0.4501,9.2919,1.8962,-0.1155,-0.0541,0.0636,-1.1995,1.2881,8.8011,-0.1066,-0.0272,-0.0249
0.3160,9.3565,2.0183,-0.0877,0.0040,-0.0304,-1.2330,1.5275,8.6766,-0.0293,0.0245,-0.0092
-0.0215,9.1578,1.5467,0.0109,0.0211,-0.0470,-1.3120,1.7813,8.1930,0.0525,-0.0586,0.0512
-0.1006,9.0764,0.8116,0.0269,0.0302,0.0021,-0.7278,2.2122,7.5824,-0.0060,-0.1236,0.0420
-0.0862,9.1818,0.6656,-0.0457,-0.0642,-0.0545,-0.4645,2.2960,7.9152,-0.0139,-0.0043,-0.0397
0.2442,9.2967,1.4772,-0.0679,-0.0545,-0.0670,-0.7997,1.6975,8.7269,0.0308,-0.0440,0.0025
0.1844,9.2105,1.7980,0.0528,-0.0464,-0.0839,-1.2809,1.5850,8.2576,0.0437,-0.0368,-0.0875
-0.1077,9.3134,1.4078,-0.0653,-0.0057,-0.0895,-1.5131,1.8435,8.0756,0.0212,0.0847,-0.0277
-0.3089,9.2009,1.2450,-0.0801,0.0422,0.0088,-0.9385,2.0806,7.9176,-0.0779,-0.0348,0.0296
0.0503,9.0956,0.8835,-0.0931,0.0458,-0.0322,-0.9266,1.9992,8.1211,-0.0352,0.0512,0.0534
0.2705,9.3254,0.2801,-0.2280,0.2373,-0.0781,-0.6033,2.4181,7.8578,-0.1102,0.1676,0.2021
0.1915,9.3661,2.7342,-0.6118,0.5173,-0.2838,-0.9601,1.2689,8.9519,-0.1179,0.9233,0.2714
-1.0032,9.0357,2.0542,0.0653,-0.2174,-0.1234,-2.6839,1.9872,7.8721,0.1366,-0.2353,-0.1679
-0.7709,9.0309,1.1085,0.0683,0.0632,-0.0352,-1.6185,2.2434,7.5537,0.0393,-0.0203,0.0722
-0.2729,9.0261,1.1349,-0.0148,0.0013,-0.0360,-0.8619,2.2122,7.8195,0.0236,-0.0545,0.0506
-0.4573,9.0716,1.2570,-0.1472,0.0468,-0.0711,-1.5155,2.0590,7.7476,-0.0269,0.1823,0.0103
-0.6991,9.3111,2.1739,-0.1531,-0.0261,-0.0710,-1.9513,1.8172,8.1427,-0.0614,0.1208,-0.0308
-0.5459,9.0477,1.9609,-0.0144,-0.0196,-0.0392,-2.2170,1.6879,8.4922,0.0510,-0.0420,0.0000
-0.6416,8.8849,1.4605,0.0779,0.0841,-0.0159,-1.4581,2.1620,7.7476,0.0753,-0.1094,0.0698
-0.4381,9.0070,0.7925,-0.0261,0.0296,-0.0346,-0.6584,2.4756,7.5154,0.0485,-0.0293,0.0067
-0.5698,9.1004,0.6416,-0.1242,0.0061,-0.0549,-0.9242,2.5474,7.3622,-0.0448,0.0901,-0.0282
-0.4310,9.1626,1.5036,-0.2575,-0.0072,-0.0378,-1.3024,2.1093,7.9416,-0.1452,0.1567,-0.0242
-0.4693,9.1171,2.0901,-0.1716,0.0250,-0.0719,-1.8603,1.9465,8.2025,-0.0382,0.1296,-0.0016
-0.6488,9.1626,1.5395,-0.0770,-0.0064,-0.0300,-1.5107,2.2601,7.7333,-0.0528,-0.0338,0.0009
-0.4764,9.1626,1.7382,-0.1532,-0.0648,-0.0133,-1.7597,1.9273,8.2145,-0.0731,0.0974,-0.0035
-0.5938,9.0501,1.9345,-0.0803,-0.0277,-0.0445,-1.8196,1.8699,8.0349,-0.0015,0.0084,-0.0480
-0.7254,9.0644,1.6951,-0.0095,0.0141,0.0000,-2.1045,2.0016,8.2025,0.0258,-0.0298,0.0304
-0.5674,9.0453,0.9720,0.0292,0.0759,-0.0348,-1.2163,2.5714,7.5369,0.0509,-0.0501,0.0546
-0.7039,9.1985,0.1915,-0.0597,0.1308,-0.0869,-0.8308,2.8922,7.2640,0.0222,0.0761,0.0630
-0.2059,9.0740,0.5674,-0.2972,0.0659,-0.1102,-0.6656,2.5546,7.4053,-0.1440,0.1964,0.0356
-0.8236,9.1435,2.2793,-0.4695,0.0109,-0.0392,-1.9704,1.7358,7.9080,-0.2926,0.4566,-0.0821
-0.5962,9.0884,3.8259,-0.1394,-0.0628,-0.0156,-2.7294,1.1827,9.0860,-0.0801,0.1074,-0.0902
-0.2897,9.0309,1.8555,0.1287,0.0767,-0.0650,-2.1787,1.8555,8.3079,0.1653,-0.2078,0.0877
-0.8547,8.9807,0.6752,-0.0092,0.1844,-0.1236,-0.6009,2.8635,6.6104,0.1338,0.0951,0.0895
-1.2570,8.9136,0.9888,-0.1587,-0.0176,-0.0782,-1.5730,2.8371,6.9025,-0.0497,0.1318,-0.0333
-1.2929,9.0621,1.6376,-0.1549,-0.1280,0.0316,-1.9106,2.5043,7.3837,-0.1777,0.0410,-0.0945
-0.5124,8.9232,2.1955,-0.2471,-0.2070,0.1013,-2.0877,1.5874,8.0924,-0.2785,0.0039,-0.1143
-0.4549,8.9423,2.8467,-0.1096,-0.1671,0.0474,-2.4612,1.2594,8.7747,-0.1334,0.0005,-0.1266
-0.5291,8.9376,2.3056,0.0402,-0.0176,-0.0312,-2.3008,1.8148,8.4970,0.0478,-0.1271,-0.0136
-0.8021,8.9543,0.9385,0.0173,0.2117,-0.0584,-1.3719,2.5738,7.3310,0.0878,0.0205,0.1494
-1.0343,8.8897,0.7518,-0.1108,0.1171,-0.0645,-1.0127,2.8659,7.0318,-0.0481,0.1323,0.0481
-0.9936,8.8897,1.1971,-0.2418,0.0304,-0.0260,-1.5012,2.5331,7.1874,-0.1447,0.1316,0.0155
-0.7159,9.0932,1.9848,-0.2639,-0.0316,0.0012,-1.8914,1.9680,8.0110,-0.2101,0.1342,-0.0177
-0.6057,9.0716,2.7988,-0.2337,-0.0489,-0.0079,-2.2218,1.3815,8.4013,-0.1792,0.1596,-0.0705
-0.4310,8.9016,2.7725,-0.1021,-0.0449,-0.0249,-2.6887,1.3886,8.6072,-0.0758,0.0057,-0.0033
-0.9457,9.1243,2.1093,0.0266,0.1386,-0.0705,-2.1213,2.1045,8.0828,0.1019,0.0011,0.0965
-0.9313,8.8370,1.2617,0.0598,0.1202,-0.0414,-1.3264,2.5091,7.3957,0.1232,-0.0937,0.0694
-1.0534,8.7436,0.8547,-0.0545,0.0144,-0.0113,-1.2594,2.7581,6.6248,-0.0514,0.0242,-0.0109
-0.8930,8.8514,1.4126,-0.2353,-0.0558,0.0107,-1.7071,2.3822,7.1682,-0.1879,0.0811,-0.0550
-0.7661,8.8921,1.9393,-0.2650,-0.0969,0.0218,-2.1332,1.9297,7.8602,-0.2065,0.0918,-0.0762
-0.4980,9.0692,2.3367,-0.2697,-0.0357,-0.0265,-2.2242,1.7358,8.2744,-0.1673,0.1540,-0.0544
-0.8332,8.8921,2.6121,-0.1756,-0.0124,-0.0673,-2.2745,1.6903,8.1355,-0.0514,0.0601,-0.0425
-1.0247,8.9639,2.2098,-0.0636,-0.0400,-0.0414,-2.3559,1.9609,7.8266,-0.0418,-0.0165,-0.0509
-0.8739,8.9064,2.0638,-0.0121,-0.0390,0.0192,-2.1620,1.8890,8.1307,-0.0015,-0.0961,0.0019
-0.7829,8.8226,1.9992,0.0360,-0.0236,0.0192,-1.8866,1.9752,7.5896,0.0337,-0.1191,-0.0349
-0.8045,8.8897,1.6065,-0.0021,0.0004,0.0055,-2.1117,2.1356,7.6495,0.0083,0.0172,0.0181
-1.1564,8.9208,1.4437,-0.0157,0.0626,0.1118,-2.6480,2.3128,7.0246,-0.1115,-0.0120,0.1132
-0.9170,8.8442,1.5921,-0.1508,0.0312,0.1861,-1.5227,2.1380,7.3741,-0.3158,-0.0179,0.1348
-0.4717,8.9687,2.4086,-0.1507,-0.1208,0.1641,-1.7765,1.6281,8.5688,-0.2574,-0.0847,0.0441
-0.2705,9.0740,2.3415,0.0612,-0.1516,0.0706,-2.0686,1.4150,8.5258,-0.1053,-0.1519,-0.0296
0.0311,9.1004,1.8675,0.0155,-0.1162,0.0522,-2.1117,1.5395,8.1834,-0.0424,-0.1368,-0.0140
-0.3472,9.0166,1.7238,-0.0393,0.0392,-0.0240,-1.9249,1.7502,8.1642,0.0039,0.0450,0.1122
-0.6105,9.0477,1.6281,-0.0405,0.0994,-0.0829,-2.0518,1.9800,7.9224,0.0766,0.0954,0.0622
-0.9744,8.8705,1.6400,-0.0729,-0.0179,-0.0521,-1.6496,2.2003,7.5633,0.0093,-0.0524,0.0345
-0.7350,8.9112,1.3216,-0.1030,-0.0843,0.0123,-1.7454,2.1428,7.4340,-0.1115,-0.0234,-0.0434
-0.5746,8.8921,1.8603,-0.1400,-0.0935,0.0301,-2.2601,1.6328,8.3031,-0.1339,0.0140,0.0282
-0.5363,9.0788,2.3248,-0.0874,0.0068,0.0132,-2.0973,1.6448,8.1523,-0.0420,-0.0197,0.0119
-0.5459,9.0357,2.0063,-0.0478,-0.0574,0.0103,-1.5874,1.9704,7.6112,-0.1058,-0.1645,-0.0344
-0.4621,9.0644,2.0758,-0.0386,-0.0709,0.0144,-1.8268,1.8028,8.0756,-0.0624,-0.0317,-0.0261
-0.5195,8.9711,1.9609,0.0188,-0.0492,0.0152,-1.7861,1.7047,8.1283,-0.0171,-0.0965,-0.0286
-0.4980,8.9040,1.5969,-0.0518,0.0117,0.0119,-1.7549,1.8196,7.8195,-0.0373,0.0156,-0.0091
-0.6057,8.9926,1.6544,-0.1318,0.0681,-0.0426,-1.7190,1.9154,7.7476,-0.0446,0.0993,0.0197
-0.7709,8.9304,1.8794,-0.1163,0.0120,-0.0230,-1.8723,2.0016,7.7859,-0.0357,0.0218,-0.0001
-0.8284,8.9399,2.0423,-0.0654,-0.0782,0.0577,-1.8938,1.8244,7.9535,-0.1184,-0.0703,-0.0561
-0.4070,9.0405,2.1452,-0.0318,-0.1119,0.0518,-1.8675,1.5682,8.3486,-0.0750,-0.0883,-0.0638
-0.1604,9.1435,1.9752,0.0229,-0.0384,-0.0200,-1.6496,1.5730,8.4013,0.0597,-0.0970,-0.0023
-0.3400,9.0046,1.5347,-0.0277,0.0524,-0.0965,-1.3671,1.9441,7.5729,0.0733,0.0261,-0.0229
-0.4884,8.9687,1.3503,-0.1351,0.0216,-0.1021,-1.2091,2.0853,7.7524,0.0153,0.0797,-0.0258
-0.9122,8.9735,1.8794,-0.1320,0.0296,-0.0883,-1.8172,2.0877,7.4436,-0.0356,0.1450,-0.0918
-0.6081,9.0118,2.2314,-0.1228,-0.0484,-0.0051,-2.1213,1.7406,8.1738,-0.0470,-0.0378,0.0099
-0.5914,9.1004,2.3032,0.0096,0.0177,-0.0386,-2.0231,1.6305,8.3677,0.0337,0.0232,0.0191
-0.5339,8.8969,1.3695,-0.0100,0.0457,-0.0494,-1.6544,2.0111,7.7237,0.0425,-0.0357,0.0205
-0.7087,8.8514,1.7669,-0.1348,0.1127,-0.0552,-1.5203,2.1356,7.5776,-0.0117,0.1651,0.0346
-0.8045,8.9902,1.8124,-0.0826,0.0260,-0.0290,-1.8292,2.0877,7.6926,-0.0580,0.0088,-0.0119
-0.7614,8.9328,1.8771,-0.1398,-0.0160,-0.0124,-1.8076,2.0423,7.6255,-0.0917,0.0726,-0.0286
-0.8356,8.9495,2.1500,-0.0618,-0.1290,0.0096,-2.2697,1.7238,8.2624,-0.0542,-0.0201,-0.0921
-0.5291,9.0501,2.0686,0.0164,-0.1180,0.0446,-1.8340,1.8316,7.9631,-0.0340,-0.1372,-0.0893
-0.4980,8.9280,1.5083,-0.0257,-0.0799,-0.0031,-1.9944,1.8148,8.1211,-0.0274,-0.0561,-0.0224
-0.6297,8.9663,1.7478,-0.0979,0.0817,-0.0588,-1.7526,1.9848,7.8314,-0.0296,0.1100,0.0167
-0.9840,8.8945,1.9417,-0.0425,-0.0458,-0.0357,-1.9609,2.1045,7.7596,-0.0767,0.0230,-0.0886
-0.7446,8.9399,1.7549,-0.0476,-0.0140,-0.0282,-2.0231,2.0207,7.7812,-0.0412,0.0148,-0.0176
-0.4118,8.9783,1.7502,-0.0915,-0.0132,-0.0286,-1.4581,1.8627,8.0804,-0.0404,-0.0577,0.0228
-0.6895,8.9902,1.7095,-0.1323,0.0630,-0.0470,-1.8459,2.1859,7.5800,-0.0597,0.0933,0.0324
-0.7015,8.9807,1.7861,-0.1549,0.0229,-0.0346,-1.6735,1.9992,7.8913,-0.0807,0.0566,0.0301
-0.8475,9.0237,1.8268,-0.1019,0.0163,0.0015,-1.7095,1.9656,7.6471,-0.0902,0.0366,-0.0176
-0.5890,8.9878,1.8244,-0.1268,-0.0966,0.0101,-1.8364,1.7957,7.9871,-0.1264,0.0004,-0.0670
-0.3663,9.0668,2.0255,-0.1151,-0.0392,-0.0228,-1.9249,1.5897,8.5018,-0.0506,0.0092,-0.0326
-0.5962,9.0908,1.9656,-0.0485,-0.0461,-0.0250,-1.8387,1.7382,8.1834,0.0088,-0.0667,-0.0365
-0.6393,8.9136,1.6520,-0.0293,-0.0469,-0.0420,-1.5874,1.9489,7.7213,0.0109,-0.0534,-0.0770
-1.0702,8.8585,1.7454,-0.0886,-0.0862,-0.0264,-2.2529,1.9824,7.5082,-0.0541,0.0345,-0.1095
-0.9266,8.8849,1.8579,-0.1298,-0.0337,0.0350,-2.3439,1.9345,7.7237,-0.0962,-0.0402,0.0143
-0.6560,8.9711,2.0446,-0.0650,-0.0270,0.0406,-1.8627,1.8268,8.0996,-0.0582,-0.0650,0.0306
-0.6656,8.8873,1.9393,-0.0734,-0.0508,0.0366,-1.7957,1.8387,7.8889,-0.0678,-0.0450,-0.0217
-0.5291,9.1315,2.0734,-0.0618,-0.0466,0.0453,-1.7789,1.6975,8.1379,-0.0617,-0.0683,-0.0438
-0.1987,9.0764,1.9680,-0.0344,-0.0771,0.0153,-1.8004,1.5371,8.2408,-0.0293,-0.0902,-0.0373
-0.3639,8.9807,1.7502,-0.0140,-0.0249,-0.0529,-1.7406,1.6831,8.0158,0.0230,-0.0036,-0.0436
-0.7614,8.9256,1.3264,-0.1282,0.0469,-0.0657,-1.6831,2.1284,7.4220,-0.0460,0.1031,-0.0192
-1.0127,8.8466,1.5730,-0.1841,0.0472,-0.0384,-1.9513,1.9920,8.0302,-0.1203,0.1066,-0.0215
-0.8116,8.9064,1.7190,-0.1499,-0.0312,0.0273,-2.0662,1.8340,7.8362,-0.1082,-0.0274,-0.0116
-0.5962,8.9615,2.0279,-0.1239,-0.0482,0.0344,-1.8340,1.7047,7.8961,-0.1302,-0.0432,-0.0060
-0.5722,9.0142,2.1284,-0.1206,-0.0428,0.0144,-1.9800,1.6903,8.1882,-0.0795,0.0047,-0.0141
-0.4334,9.1315,1.7885,-0.0234,-0.0025,-0.0012,-1.6209,1.6688,8.2648,-0.0108,-0.0518,0.0330
-0.3950,8.9280,1.9249,-0.0274,-0.0389,-0.0293,-1.8579,1.7142,7.9535,-0.0125,0.0149,-0.0167
-0.6321,8.9328,1.8340,-0.0121,-0.0441,-0.0108,-1.8675,1.8100,7.7979,-0.0077,-0.0590,-0.0376
-0.7709,8.7652,1.7310,-0.0408,-0.0982,0.0027,-1.6352,1.8435,7.3670,-0.0490,-0.0577,-0.1254
-0.6656,9.1602,1.4174,-0.1668,0.0012,0.0155,-2.6217,1.7526,8.3629,-0.1077,0.0742,0.0851
-0.3400,9.0046,2.3655,-0.2080,0.1693,-0.0707,-1.5562,1.5467,8.0685,-0.0557,0.2384,0.1051
-0.6728,8.8969,2.5115,-0.0935,0.0394,-0.0441,-2.1261,1.5514,8.0517,-0.0362,-0.0129,0.0008
-0.7661,8.7987,1.9321,-0.0288,0.0171,0.0048,-1.7909,1.9034,7.6926,-0.0031,-0.0939,-0.0007
-0.8547,8.8370,1.8387,-0.0410,-0.0991,0.0737,-1.7286,1.9872,7.6016,-0.1143,-0.0911,-0.0517
-0.4429,9.0573,1.9609,-0.0293,-0.1391,0.0945,-1.6472,1.7813,8.1235,-0.0997,-0.1362,-0.0731
-0.3089,9.1028,2.0494,-0.0145,-0.0895,0.0161,-1.6951,1.6065,8.1187,-0.0052,-0.0922,-0.0366
-0.2538,9.0788,1.6664,-0.0690,0.0233,-0.0357,-1.5419,1.7573,7.7428,-0.0301,0.0240,-0.0242
-0.5483,8.8753,1.8483,-0.1506,0.0372,-0.0574,-2.0662,1.7286,7.8410,-0.0470,0.1525,0.0203
-0.8523,8.9447,2.2410,-0.0830,0.0159,-0.0368,-2.3296,1.6592,7.9607,0.0035,0.0092,0.0332
-0.6488,8.8945,1.9010,-0.0143,-0.0029,-0.0029,-1.5850,1.9034,7.4747,0.0179,-0.0922,0.0361
-0.4884,9.0166,1.3264,-0.1402,-0.0294,0.0312,-1.3719,2.0518,7.6327,-0.1576,0.0065,-0.0240
-0.4310,9.0333,2.1213,-0.1390,-0.0135,-0.0133,-1.6520,1.7621,8.1642,-0.0675,0.0781,-0.0103
-0.5794,9.0549,1.9944,-0.0521,-0.0282,-0.0011,-1.9393,1.8292,7.9895,-0.0215,-0.0661,0.0097
-0.5866,8.9998,1.8723,-0.0430,-0.0257,0.0171,-1.5443,1.8220,7.8626,-0.0801,-0.0164,-0.0276
-0.3639,9.0692,2.1548,-0.0574,-0.0414,-0.0147,-1.8004,1.6544,8.0804,-0.0352,0.0004,-0.0400
-0.4717,8.8897,2.1979,-0.0221,-0.0342,-0.0220,-2.1524,1.5467,8.1211,-0.0061,-0.0274,-0.0173
-0.6871,8.8442,1.9585,-0.0274,0.0135,-0.0183,-1.8196,1.8148,7.7045,0.0124,-0.0509,0.0197
-0.8116,8.9543,1.8771,-0.0188,0.0325,-0.0055,-2.0255,1.7933,7.8937,-0.0149,0.0420,0.0297
-0.5124,9.0022,1.9058,-0.0301,-0.0374,0.0096,-1.7502,1.7861,8.0469,-0.0124,-0.0761,0.0461
-0.3591,8.9711,1.6065,-0.0618,0.0056,-0.0199,-1.6376,1.7286,7.9487,-0.0292,0.0187,0.0145
-0.6345,8.9160,1.7166,-0.1687,0.0763,-0.0456,-1.6209,1.9609,7.6974,-0.0630,0.1479,0.0273
-0.7015,8.8011,1.7813,-0.1256,0.0290,-0.0191,-2.2003,2.0518,7.7213,-0.0197,0.0683,0.0962
-0.8787,8.8585,1.8699,-0.0200,-0.0659,0.0016,-2.0853,1.7597,7.9272,-0.0196,0.1224,0.0601
-0.7087,9.0740,1.4916,-0.0057,-0.1812,0.0302,-1.6328,1.9944,7.7500,-0.0434,-0.0413,-0.1075
-0.4741,9.0357,1.8723,-0.0818,-0.0766,0.0333,-1.8244,1.7190,7.9104,-0.0378,-0.0489,-0.0077
-0.3208,9.0788,2.0518,-0.0373,-0.0140,0.0224,-1.9656,1.6113,8.3151,-0.0596,-0.0448,0.0288
-0.3519,8.9328,1.7047,-0.0373,0.0568,-0.0398,-1.3623,1.8555,7.7309,-0.0342,0.0282,-0.0163
-0.6297,8.9352,1.4509,-0.1228,0.0629,-0.0608,-1.4509,1.9800,7.6710,0.0021,0.0317,0.0608
-0.6632,8.8609,1.6113,-0.1388,0.0151,-0.0065,-2.0039,1.8172,7.8314,-0.0714,0.0995,0.0377
-0.9050,8.6766,2.1428,-0.0741,-0.0348,0.0234,-2.1213,1.7214,7.6207,-0.0429,0.0270,-0.0633
-1.2186,8.6311,2.5618,0.0500,0.0694,0.1318,-2.4804,1.7119,7.8314,-0.0031,-0.2013,0.0604
-0.7638,8.9878,2.0973,0.2759,0.1018,0.2226,-2.1117,1.8316,8.1882,0.0478,-0.4088,0.1653
-0.3759,9.2249,1.2594,0.2427,0.1643,0.1319,-1.3719,1.9632,8.3725,0.0938,-0.1743,0.1472
-0.7278,9.1746,1.7238,0.2863,0.1653,0.0818,-1.3479,2.0423,7.9631,0.1733,-0.2004,0.0642
-0.7566,9.2895,1.6400,0.2828,0.0200,0.1876,-0.9649,2.1715,7.7644,0.1059,-0.4253,-0.0492
0.0958,9.0309,0.6800,0.1410,-0.3368,0.0678,0.6440,2.6217,6.8091,-0.0805,-0.5877,-0.4700
-0.1867,9.1243,0.9553,-0.2623,-0.8631,-0.0341,-0.5124,2.1069,8.3199,-0.1697,-0.3171,-0.8728
-0.2682,9.2464,1.8268,-0.0004,-0.5866,0.0605,-2.3296,1.6113,7.9440,-0.1186,-0.1535,-0.5860
-0.1867,9.3733,2.1404,0.0016,-0.3842,0.1212,-2.4014,1.1684,8.9615,-0.1556,-0.2453,-0.2129
0.4094,9.1722,1.9848,0.0277,0.1404,-0.0649,-1.7789,1.1827,8.9304,0.0917,0.0020,0.1411
-0.1245,9.5002,2.0135,0.0722,0.0925,-0.0414,-0.8930,1.4916,8.1594,0.1292,-0.0621,0.1352
0.5818,9.3853,1.6616,0.0457,-0.1523,-0.0145,-0.6033,1.5323,8.4970,0.0626,-0.1319,0.0385
0.4860,9.3230,1.0822,-0.0778,-0.0477,-0.3324,-0.6512,1.9249,8.4108,0.2294,0.2133,-0.1287
-0.9409,9.0980,1.1947,0.0743,-0.0384,-0.1966,-1.0343,2.6791,7.0509,0.2730,-0.1347,-0.1083
-0.7542,8.9591,-0.1844,-0.2245,-0.3320,-0.2128,-0.5698,2.8012,6.6607,0.1608,-0.1300,-0.3268
-1.6544,8.6981,0.5507,-0.3704,-0.5532,-0.1859,-0.9840,3.2370,6.3351,0.0566,0.0329,-0.4108
-0.9074,8.7795,-0.0383,-0.1672,-0.3404,0.0165,-1.4700,2.9113,6.9408,-0.2265,-0.2597,-0.1785
-1.6568,8.7293,0.9146,-0.1745,-0.2349,0.2438,-1.9393,2.6288,6.8594,-0.3408,0.0509,-0.1423
0.1460,8.8945,0.5291,-0.1375,-0.3417,0.3513,-0.4908,2.2984,7.7476,-0.4780,-0.5482,-0.1176
0.3065,9.3972,1.9106,-0.1278,-0.1736,0.2531,-0.8930,1.5850,8.6526,-0.2639,0.0833,-0.1777
0.6776,9.5888,2.7366,0.0481,-0.2200,0.2160,-1.1444,0.9457,9.4763,-0.1535,-0.3379,-0.1683
0.5435,9.3278,2.8611,0.1523,-0.0453,0.0947,-2.3463,0.6033,9.3541,0.1079,-0.0418,0.0512
0.1700,9.1913,1.8196,0.2643,0.0489,0.0693,-0.6704,1.6113,7.8147,0.1123,-0.4077,0.0545
0.4405,9.0597,0.8236,0.1868,-0.0492,0.0994,-0.9697,1.7669,8.1977,0.0128,-0.1310,0.0673
0.4669,9.3398,0.9290,0.0773,0.1075,0.0416,-0.3304,1.9034,7.9871,0.0144,-0.1332,0.0412
-0.0527,9.2392,1.0774,0.0843,-0.0496,0.0702,-0.6512,1.9944,7.8817,-0.0294,-0.0580,-0.1223
-0.1149,9.2105,0.7877,-0.0584,-0.0063,0.1222,-1.2091,1.9201,7.8243,-0.1231,-0.1118,0.0212
0.7494,9.2680,1.6424,0.0088,-0.0530,0.1284,-0.2729,1.5826,8.7197,-0.0522,-0.1464,0.0883
0.6728,9.3422,1.2953,0.0674,-0.0657,0.0614,-0.2298,1.7717,8.2337,0.0249,-0.1588,0.1166
0.5004,9.2775,0.7135,-0.0837,-0.0272,0.0835,-0.5818,1.9249,7.7189,-0.0328,-0.0265,-0.0302
0.6488,9.2488,0.9768,-0.1557,0.0336,0.0353,-0.4142,1.8986,7.9871,-0.1029,0.0344,0.1311
0.2011,9.3422,1.4054,-0.1051,0.0581,0.0436,-0.5243,1.8555,8.2456,-0.0245,-0.0228,0.1398
0.0575,9.3589,1.2163,0.0675,-0.0328,0.1077,-0.7781,1.9225,8.0972,0.0017,-0.1868,0.0330
0.6297,9.2225,0.8859,0.1664,-0.0438,0.0685,0.0575,2.0327,7.9703,0.0617,-0.2729,-0.0229
0.7925,9.4595,0.8092,0.1851,-0.0577,0.0514,-0.3184,1.9441,8.1116,0.1458,-0.2470,-0.0039
0.7805,9.3733,0.9074,0.2180,0.0434,0.0240,-0.2849,1.9632,7.9966,0.1292,-0.2005,0.0125
0.9290,9.4020,0.1221,0.0288,0.0390,0.0035,0.0431,1.9992,7.9296,0.1155,-0.0905,0.0749
0.2634,9.1530,0.3400,-0.1535,0.0380,-0.0116,-0.1341,2.2889,7.5465,-0.0691,0.1587,-0.0833
0.3400,9.2703,1.1301,-0.1608,-0.0322,0.0813,-0.4860,1.9369,7.8410,-0.1338,-0.0758,0.0305
0.5722,9.5385,1.1660,-0.0414,-0.0786,0.0877,-0.4046,1.9537,8.4707,-0.0990,-0.0981,-0.0426
0.9361,9.4882,1.0056,0.0257,-0.1422,0.0986,-0.1484,1.7262,8.7652,-0.0442,-0.2415,-0.0232
0.7302,9.4355,0.7278,0.0197,-0.0012,0.0266,-0.0982,1.9034,8.1906,0.0016,-0.0593,-0.0027
0.7374,9.2727,0.1556,-0.1791,-0.0476,0.0024,0.0599,2.0135,7.5202,-0.1831,0.0894,-0.0385
0.5148,9.2344,1.0894,-0.2932,0.0316,0.0105,-0.4214,1.8579,8.1259,-0.2360,0.2102,0.0196
0.8260,9.3757,1.1157,-0.1555,-0.0024,0.0354,-0.1341,1.8818,8.3917,-0.1448,-0.0496,0.0429
0.5722,9.3925,0.5219,-0.1102,-0.0036,0.0389,-0.4405,1.9609,8.2791,-0.1061,0.0842,0.0777
0.9505,9.6055,0.7015,-0.0617,-0.0618,0.0135,-0.0096,1.6424,8.6503,-0.0703,-0.0338,0.0332
0.9864,9.4044,1.0774,-0.0084,-0.0454,-0.0378,-0.3376,1.6233,8.5090,0.0801,0.0131,0.1683
0.6895,9.2775,0.7230,-0.0320,-0.0171,-0.0652,0.4501,2.1763,7.3670,0.0789,-0.0257,0.1118
0.6129,9.2033,0.2251,-0.1668,-0.0004,-0.0518,0.0551,2.1524,7.7117,-0.1300,0.1552,-0.0337
0.5171,9.3901,0.7709,-0.1931,-0.0357,-0.0242,-0.1341,2.1620,7.8003,-0.1490,0.1075,-0.0011
0.5578,9.3302,1.3312,-0.1791,-0.0386,-0.0309,-0.4980,1.8866,8.1618,-0.0481,0.1051,0.1527
0.4836,9.3278,0.8811,-0.1160,-0.0333,0.0088,-0.3926,1.8842,8.1116,-0.1234,0.1023,0.2594
0.8068,9.3446,1.3527,-0.1243,-0.0572,-0.0108,-0.1437,1.7765,8.5066,-0.0665,0.0346,0.2995
0.5770,9.3111,0.8284,-0.0254,-0.0047,-0.0376,-0.1197,1.9537,7.8458,-0.0750,0.0175,0.0465
0.5243,9.3111,0.9697,-0.0413,0.0253,-0.0861,-0.3903,1.8723,8.3199,-0.0763,0.0854,-0.0441
0.8236,9.5193,1.7573,0.2947,0.0486,-0.2301,-0.4525,1.8387,8.2025,0.0926,-0.0200,-0.0577
0.5435,9.4092,0.2466,0.3475,-0.0384,-0.1346,-0.2011,2.0255,7.6567,0.0979,-0.1088,-0.0666
0.1844,9.2249,0.3400,0.1011,0.0584,-0.2455,-0.0814,1.8364,7.9799,-0.0458,0.0457,-0.0309
0.6225,9.5074,0.6943,0.1134,0.0281,-0.1636,-0.3112,1.7406,8.3845,-0.0089,0.0341,-0.0297
0.3041,9.5648,0.5531,0.0830,-0.0049,-0.1174,-0.7542,1.8052,8.4372,0.0041,0.0581,-0.0176
0.4812,9.6845,0.7015,0.1757,0.0027,-0.1071,0.3376,2.0039,8.2744,0.1078,-0.1011,-0.0624
0.7278,9.5912,0.5962,0.2467,-0.1226,-0.1741,0.3783,2.1069,8.3438,0.1821,-0.1142,-0.1660
0.0742,9.6798,-0.2346,0.1593,-0.0733,-0.1815,-0.1101,2.2960,7.7644,0.1495,-0.1029,-0.1431
0.1437,9.3948,0.2107,0.0628,-0.0384,-0.1082,0.2610,2.4086,7.7381,0.0332,-0.0446,-0.1703
0.3017,9.3877,0.2035,0.1126,-0.1152,-0.0843,0.0311,2.3679,7.8769,0.0161,-0.1637,-0.3259
0.3089,9.5624,-0.0646,0.1832,-0.1575,-0.0409,-0.0766,2.2146,8.0756,0.1821,-0.2272,-0.2190
0.0838,9.6391,0.1820,0.3119,0.0149,-0.0963,-0.0311,2.2745,8.4396,0.1500,-0.2166,-0.1879
0.2298,9.6630,0.6512,0.3211,-0.1664,-0.1272,0.4549,2.4493,7.5154,0.2301,-0.2457,-0.2741
-0.0311,9.4164,-0.3112,0.3688,-0.3176,0.0004,0.0527,2.5714,7.2065,0.2805,-0.5172,-0.3746
0.2490,9.6438,-0.6009,0.0552,-0.2148,-0.1338,0.1125,2.3487,7.6926,-0.0164,-0.0910,-0.4361
-0.0982,9.7468,0.3472,-0.2851,-0.1238,-0.0811,-0.7518,2.0566,8.9567,-0.1239,0.2739,-0.0941
-0.2011,10.0892,1.2139,-0.0794,-0.0909,-0.0937,-1.2067,1.8076,9.0309,-0.0530,0.1218,-0.0422
-0.1772,9.6367,0.3998,0.0606,-0.0321,-0.0460,-1.2019,2.0494,7.8865,0.1234,-0.0641,0.0926
-0.3831,9.6462,0.4429,-0.1695,0.1130,-0.0389,-1.1827,2.2697,7.7500,-0.0887,0.1876,0.2565
-0.5004,9.5529,1.1372,-0.0041,0.2726,-0.0775,-1.4126,1.8651,9.0309,0.0906,0.1094,0.2814
-1.1301,9.5002,0.9457,0.2887,0.3071,-0.0628,-1.6544,2.3176,7.7692,0.2826,-0.0661,0.3058
-0.7135,9.2440,0.3232,0.2010,0.2458,0.1422,-1.1061,2.3990,7.5178,0.0325,-0.1903,0.4294
-0.0814,9.4475,0.2394,0.2170,0.3347,0.1707,-0.6823,2.2960,7.8458,0.0774,-0.2228,0.5897
-0.1030,9.6654,0.5602,0.2936,0.4493,0.1800,-0.6919,1.9489,9.0357,0.1280,-0.1498,0.6029
0.2969,9.5050,-0.0646,0.5167,0.4971,0.1625,-0.3304,2.2865,7.9033,0.3748,-0.3872,0.6257
0.0215,9.5648,0.2466,0.3822,0.6594,0.1407,-0.7015,2.1069,8.3270,0.2927,-0.1248,0.8260
-0.0862,9.2488,-0.3256,0.6989,0.6761,0.2130,-0.3615,2.4852,7.4316,0.4606,-0.4814,0.8083
0.4860,9.4332,-0.8906,0.5666,0.7097,0.2523,0.6943,2.6432,7.7668,0.3397,-0.3609,0.9145
0.5626,9.3853,-1.5012,0.6263,0.6730,0.2523,1.4653,2.6839,7.2688,0.3824,-0.3977,0.8511
1.2067,9.7612,-0.8715,0.4759,0.6258,0.2743,2.0518,2.4493,8.1283,0.2113,-0.3211,0.8171
1.4581,9.7636,-0.7183,0.7171,0.5492,0.1716,2.6480,2.3296,8.9136,0.4109,-0.5574,0.5668
1.8076,9.7803,-2.0877,0.9165,0.3019,0.1692,2.9066,2.5738,7.9440,0.5732,-0.7502,0.4974
1.8818,9.8138,-2.5187,0.7546,0.4125,-0.0445,2.2075,2.8132,8.0948,0.6534,-0.3692,0.5127
1.5778,9.3877,-3.2992,0.8699,0.5648,-0.0969,3.3375,3.3686,7.1012,0.7601,-0.4535,0.6358
1.3671,9.5265,-3.9002,0.5913,0.7068,-0.1637,3.2370,3.7038,6.9097,0.5850,-0.0438,0.6864
1.4461,9.1674,-4.1300,0.5533,0.9032,-0.3134,3.5051,4.0366,6.6774,0.7200,0.0089,0.8367
0.2322,9.1746,-4.8818,0.4227,0.8507,-0.1755,4.0989,5.1739,3.7469,0.4658,0.0465,0.7109
-0.3496,8.5449,-4.3766,0.0787,0.3192,0.1993,2.5115,4.6184,5.3534,0.0200,0.3082,0.7753
0.6440,8.8849,-4.5466,0.1498,0.0981,0.4441,4.0893,4.9033,6.1651,-0.3772,-0.3436,0.5970
0.5435,9.2775,-5.2122,-0.0015,0.2960,0.2069,4.3263,5.1595,6.4643,-0.1663,-0.1841,0.2653
0.4693,9.3063,-4.8554,0.1087,0.1127,0.0867,3.7062,5.0182,6.7325,0.0469,-0.0758,0.1270
0.8164,9.2536,-4.9081,0.3742,-0.1128,0.0159,3.9337,4.9488,6.7828,0.2029,-0.3170,-0.0053
0.6632,9.3565,-5.0254,0.3986,0.0137,-0.1414,3.9672,5.1284,6.7253,0.4551,-0.3139,-0.0565
0.1484,8.9088,-6.1028,0.2943,-0.2998,-0.0300,4.3958,5.7245,4.1803,0.2010,-0.4561,-0.2201
0.8332,9.2751,-6.1962,-0.0763,-0.2097,-0.0144,3.5171,5.3056,6.4165,-0.0240,-0.0344,-0.0449
0.1844,9.3518,-5.3558,-0.3688,-0.0690,0.0035,4.6902,5.8083,5.6048,-0.3130,0.1653,-0.1523
-0.1389,8.5018,-6.2153,-0.4029,-0.4061,0.2522,3.9624,5.7389,4.0749,-0.4804,-0.1083,-0.2799
0.5315,8.5952,-6.2513,-0.6035,-0.5834,0.4094,4.8004,5.5665,4.7262,-0.8375,-0.0687,-0.4519
0.8284,8.8107,-5.7604,-0.8480,-0.7156,0.4409,4.5179,4.7501,5.4540,-0.9850,0.0091,-0.5668
1.1588,8.8681,-4.8171,-1.1026,-0.6392,0.3840,4.0414,4.1061,6.0118,-1.1433,0.2373,-0.7160
1.9585,8.6790,-4.2210,-1.0980,-0.6935,0.2765,3.5865,3.1580,7.2161,-0.8673,0.0695,-0.7502
2.3008,9.2919,-3.3854,-1.0760,-0.4261,0.0346,4.4269,3.1077,6.6966,-0.6235,0.3264,-0.6612
1.8555,8.8466,-1.9656,-0.8450,-0.9236,0.1436,3.5458,2.5738,6.5386,-0.5797,0.0370,-0.9218
2.2984,9.4260,-1.8723,-1.1389,-1.0207,0.1575,2.2098,1.5586,7.2257,-1.0713,0.3120,-1.0926
1.2689,9.1051,0.1149,-1.1519,-0.9886,0.2209,0.5339,1.0127,8.4060,-1.0143,0.2479,-1.0862
2.5666,9.7229,0.4286,-1.0728,-0.7317,0.2392,0.3831,0.4429,8.6694,-1.0668,0.1384,-0.6658
2.5929,9.8330,1.6664,-1.2079,-0.2133,0.0759,-0.2969,-0.2227,10.3860,-0.9053,0.7795,-0.2793
2.1644,10.1825,2.3008,-0.8922,0.0901,0.0007,0.3328,-0.0144,10.0006,-0.6550,0.4558,-0.1359
1.9321,10.4196,2.2075,-0.7089,-0.0257,0.0946,-0.3519,-0.1891,10.6877,-0.5582,0.4058,-0.0513
1.8986,9.6151,1.7717,-0.1096,-0.1156,-0.0201,0.4238,0.1772,9.2943,-0.0405,-0.0248,-0.1693
1.5036,9.7779,1.0080,-0.3956,0.0236,-0.0216,-0.2562,0.5411,8.8585,-0.3295,0.3762,-0.0345
1.4030,9.5385,3.0239,-0.2613,0.0965,-0.0911,-1.4126,-0.1341,10.3597,-0.0622,0.3202,0.1636
0.8978,9.8210,3.2417,0.2892,0.2553,-0.0297,-1.3815,0.2586,9.7612,0.2537,-0.2586,0.3124
0.6728,9.5050,2.8683,0.8555,-0.0858,0.1063,-0.5124,0.4190,9.3541,0.5641,-0.7765,0.1454
1.5730,9.2703,0.7973,1.1493,-0.1234,0.2470,-0.1006,0.9337,8.4707,0.6149,-1.1125,0.2583
1.0894,9.2153,-0.2155,1.1670,0.0556,0.1721,1.3096,1.7023,7.5681,0.7057,-0.9010,0.2185
1.8603,8.9447,-1.4437,1.1767,-0.0662,0.3396,2.1045,2.0614,7.4460,0.6608,-1.2562,0.3706
3.0909,9.3326,-2.2122,1.1450,0.1605,0.3150,3.1819,2.5618,7.2042,0.6828,-0.7444,0.4221
2.8467,8.9639,-3.5698,1.3077,-0.0405,0.2313,4.7429,2.9880,6.4452,0.7452,-1.1651,0.2277
2.6815,9.1866,-5.2744,1.0096,0.1007,0.0570,4.1013,3.4357,6.7229,0.6420,-0.6614,0.2742
2.2697,8.9878,-5.4013,0.7476,0.3268,-0.0532,4.7645,3.9217,6.0334,0.5794,-0.4135,0.3844
2.1284,8.9735,-5.7940,0.4578,0.4427,-0.0942,4.8554,4.3359,5.2529,0.3906,-0.1335,0.3902
1.8794,9.2823,-4.5945,0.2402,0.3809,-0.0890,4.4891,4.0127,6.9097,0.3034,0.0312,0.3897
2.4277,9.3350,-4.1611,0.3319,0.4001,-0.2238,5.4803,4.0247,7.0749,0.5812,-0.1815,0.3802
1.5682,9.3158,-5.1020,0.3521,0.0408,-0.1700,5.0973,4.5729,5.1092,0.3801,-0.1941,0.0293
1.8771,9.1243,-5.3989,-0.0342,-0.0417,0.0064,4.4604,4.2042,5.7652,-0.0577,-0.0482,0.0381
1.7669,9.2129,-4.6088,-0.0827,0.1669,0.0306,4.0654,3.9744,6.5170,-0.0494,0.0991,0.1360
2.3846,9.3206,-5.0613,-0.1643,0.1086,-0.0104,4.8961,3.9983,6.3255,-0.0935,0.1160,0.1083
2.2889,9.3015,-4.9488,-0.3965,0.3769,-0.1065,3.8307,3.8092,6.8594,-0.1319,0.4022,0.3796
1.8938,9.3087,-3.6416,-0.4719,0.3421,-0.1539,4.4532,3.6679,6.2417,-0.2574,0.5048,0.1672
1.5275,9.5648,-2.6025,-0.4290,0.0550,-0.0898,3.5745,3.2801,7.6830,-0.2659,0.3557,-0.1035
1.6472,9.4475,-3.5889,-0.0472,-0.4858,0.0540,2.9209,3.3255,7.4029,-0.0621,-0.2254,-0.2979
1.9058,9.3661,-3.3327,-0.0036,-0.2904,-0.0160,3.7541,3.1412,7.0988,-0.0059,-0.1438,-0.2662
1.5634,9.4308,-2.8683,0.0605,-0.3248,0.0250,3.7757,3.4117,6.9192,-0.0069,-0.2805,-0.3088
1.7382,9.3063,-3.8571,0.0215,-0.3403,0.0541,3.1699,3.6033,6.8043,-0.0564,-0.1820,-0.2623
1.4461,9.1889,-4.0989,-0.0791,-0.0258,-0.0199,2.9473,3.9097,6.6942,-0.0489,0.0376,-0.0246
1.7717,9.1123,-3.4165,-0.1624,0.0071,-0.0794,4.6543,3.7278,6.3758,-0.0743,0.0229,-0.0858
1.4509,9.5146,-3.0167,-0.0093,-0.4106,0.0608,3.7254,3.5889,7.0773,-0.1083,-0.2370,-0.3267
1.4964,9.4547,-3.9935,0.0218,-0.3648,0.0979,3.4046,3.7350,6.8067,-0.0569,-0.3421,-0.2629
1.9130,9.2057,-3.5745,0.0119,-0.3740,0.0909,4.0223,3.6296,6.7612,-0.1360,-0.2122,-0.3104
1.5874,9.4786,-3.6392,0.0020,-0.4217,0.0334,3.9241,3.6296,7.2472,-0.1130,-0.1912,-0.4092
2.2649,9.2895,-4.0294,0.0524,-0.4147,0.0028,3.9816,3.5578,7.1419,0.0605,-0.2971,-0.3079
1.7430,9.4643,-4.2353,-0.0513,-0.2915,0.0506,3.2250,3.5650,6.6152,-0.0886,-0.0925,-0.2124
2.0542,9.3015,-4.5274,-0.1284,-0.2567,0.0032,3.3782,3.5554,6.7900,-0.1564,0.0462,-0.1845
1.7813,9.3230,-4.4604,-0.3790,0.1136,-0.0560,3.4093,3.7397,6.5074,-0.1844,0.3224,0.0763
1.7645,9.4236,-2.9808,-0.4983,0.3190,-0.0935,4.8626,3.6775,6.9360,-0.1887,0.3143,0.2200
1.6592,9.3374,-2.8323,-0.2570,-0.1310,0.0041,4.0654,3.3447,7.0222,-0.1885,0.0401,-0.1412
1.6305,9.3829,-3.5817,-0.1795,-0.1260,0.0562,2.5666,3.3974,7.1658,-0.1708,0.0092,-0.1188
1.3192,9.4475,-2.8467,-0.1529,-0.0702,0.0516,3.2848,3.5291,7.0773,-0.1196,0.0582,-0.0492
1.5347,9.4044,-3.6823,-0.1066,-0.2200,0.1191,3.6296,3.6057,6.7780,-0.2417,-0.1565,-0.1741
1.8268,9.2967,-4.0582,-0.2004,-0.0838,0.1366,2.5714,3.4309,7.3047,-0.1896,-0.0337,0.1001
2.0830,9.2608,-4.0630,-0.3324,0.2170,0.0414,3.7972,3.4668,6.2584,-0.2325,0.1799,0.1941
1.9154,9.5936,-2.4038,-0.4783,0.1827,0.0055,4.4197,2.9999,7.8745,-0.3544,0.3353,0.0974
1.7933,9.5529,-2.6336,-0.0636,-0.3313,0.1788,3.4069,3.0335,7.4316,-0.1752,-0.3664,-0.2264
2.0877,9.3637,-3.9600,-0.1867,-0.2330,0.1344,3.1340,3.1101,7.1515,-0.2206,-0.0573,-0.1191
2.2386,9.2608,-2.9521,-0.2385,-0.0759,0.0921,4.0175,2.9449,7.3933,-0.2521,0.0177,-0.0632
1.9632,9.3087,-3.1149,-0.0725,-0.1709,0.0902,3.3950,3.0454,7.0629,-0.1323,-0.1776,-0.1307
1.8124,9.3518,-3.8307,-0.1403,-0.1159,0.1540,3.0909,3.3758,6.5074,-0.2679,-0.1017,-0.0855
2.1620,9.3494,-3.4261,-0.2850,0.0218,0.1476,4.1444,3.0909,7.2137,-0.2976,0.0232,0.0883
2.1644,9.5984,-2.4780,-0.2745,0.0159,0.1276,3.1963,2.6600,7.6782,-0.3014,0.0974,0.0059
2.3583,9.5481,-2.8443,-0.2435,-0.0506,0.1190,3.5147,2.5019,7.5082,-0.2353,-0.0397,-0.0004
2.3415,9.4715,-2.5905,-0.2554,0.1011,0.1139,3.1412,2.3798,7.6495,-0.2430,0.1001,0.1018
2.4110,9.4140,-2.7964,-0.3056,0.2486,0.1090,3.1460,2.6240,7.5992,-0.1989,0.0998,0.2174
2.9688,9.3996,-3.7757,-0.5488,0.5530,0.0743,3.0406,2.4421,7.1706,-0.3231,0.4511,0.6003
2.7773,9.2656,-2.4780,-0.8315,1.0268,-0.1651,2.5115,2.1620,8.0349,-0.3481,1.1394,0.8563
2.1524,9.2105,-2.9113,-0.9761,1.5318,-0.3100,2.1907,2.1883,7.3933,-0.3195,1.3860,1.1620
1.5682,9.4332,-0.8547,-1.0325,1.4482,-0.2569,2.7988,1.8435,7.8458,-0.3893,1.4574,1.0778
1.6831,9.4379,-0.8811,-0.8088,0.9438,-0.1139,2.0758,1.8675,8.0206,-0.3675,0.8027,0.7276
1.6305,9.3925,-0.7183,-0.7317,0.7729,-0.0621,1.8938,1.8052,7.7021,-0.3397,0.7175,0.6516
1.7645,9.4619,-0.3639,-0.5403,0.5197,0.0374,2.4205,1.6568,7.8769,-0.3136,0.4054,0.4539
2.3439,9.5026,-0.4405,-0.3477,0.3032,0.0825,2.5809,1.5012,8.3175,-0.2831,0.2549,0.2819
2.2505,9.6941,-0.5674,-0.2114,0.0854,0.0954,2.5019,1.4605,8.5281,-0.2184,0.0406,0.1006
2.4660,9.4355,-0.9936,-0.0741,-0.0136,0.0723,2.0279,1.2833,8.3270,-0.0474,-0.0250,0.0835
2.4086,9.6845,-1.0989,-0.0889,0.0721,0.0049,2.2865,1.6544,7.8745,-0.0733,0.0862,0.0640
2.3272,9.3541,-1.1851,-0.1467,-0.0009,-0.0241,2.6121,1.7334,7.9033,-0.1026,0.0338,0.0017
2.4373,9.4092,-1.6951,-0.2002,0.0425,0.0112,2.4349,1.7286,7.5705,-0.1312,0.0381,0.0337
2.0135,9.4954,-1.0319,-0.3805,0.0452,-0.0326,1.7334,1.6951,8.0876,-0.2160,0.3424,0.0107
2.0806,9.1746,-0.8116,-0.2422,0.0450,-0.1043,2.4014,1.7933,7.8482,-0.0993,0.1640,-0.0807
1.3120,9.1315,-1.0989,-0.3308,-0.0003,0.0088,1.4365,2.0566,6.8666,-0.2189,0.1603,-0.0498
1.9896,9.0525,-1.6616,-0.4810,0.0043,0.1136,1.5251,1.5993,7.1850,-0.4298,0.2217,0.0702
2.5043,9.3661,-0.5938,-0.7895,0.3006,0.0658,2.0087,1.1037,7.5705,-0.5933,0.6799,0.1970
2.8012,9.5122,0.0335,-0.8944,0.2863,0.0687,1.6041,0.4238,8.9471,-0.6436,0.6254,0.2042
2.8395,9.5217,1.2665,-0.7687,0.2964,-0.0504,1.7885,0.1580,8.9974,-0.3984,0.6158,0.1324
2.3727,9.5050,1.6281,-0.4764,0.0345,-0.0370,0.6440,0.0790,9.4260,-0.2627,0.3002,0.0009
2.5019,9.2368,1.3264,-0.1839,-0.0871,-0.0847,1.2186,0.3855,8.6239,-0.0650,0.0681,-0.1077
2.0997,9.2033,1.0654,-0.2064,-0.0289,-0.1251,0.5291,0.4525,8.2241,-0.0317,0.1078,-0.0919
1.8579,9.0022,1.0391,-0.2599,0.0707,-0.1222,-0.0431,0.3903,8.4348,-0.0899,0.2699,0.0432
1.5323,9.1099,1.3671,-0.2439,0.2902,-0.1399,-0.3304,0.4741,8.1618,-0.0193,0.3304,0.1632
1.3695,9.1435,1.1444,-0.2348,0.3376,0.0404,0.0694,0.5339,7.8051,-0.1528,0.1143,0.2919
2.0542,9.1267,1.3455,-0.1736,0.2282,0.1039,0.7733,0.1820,8.4803,-0.1458,0.0584,0.2856
2.1859,9.3422,1.2234,-0.1166,0.1262,0.1382,0.6704,0.2849,8.7173,-0.1895,0.0272,0.1354
2.1668,9.3158,1.0104,-0.0238,0.1270,0.0703,0.7590,0.3759,8.7125,-0.0373,-0.0332,0.1500
2.1476,9.3039,0.5267,-0.0222,0.2721,0.0377,1.1756,0.5578,8.0373,-0.0208,-0.0344,0.2446
2.1356,9.3302,0.9290,-0.0919,0.0839,0.0372,1.0606,0.4166,8.4874,-0.0911,0.0833,0.0702
2.0183,9.1267,0.8715,-0.0244,0.0689,0.0201,0.2538,0.3496,8.4922,-0.0031,0.0197,0.1431
1.7382,9.2560,0.8499,-0.0028,0.0145,0.0584,0.7973,0.6105,8.2001,-0.0338,-0.1057,0.0336
1.9034,9.2847,1.6688,0.2092,-0.3039,0.0478,0.8835,0.3352,9.0884,0.1180,-0.3226,-0.1720
2.1979,9.3063,0.5124,0.3106,-0.3890,0.0701,1.2258,0.6967,7.9607,0.1191,-0.5228,-0.2859
2.6217,9.1866,0.3017,0.2647,-0.4531,0.0525,1.1588,0.4884,8.7029,0.1053,-0.4170,-0.2426
2.6073,9.3182,0.2562,0.1908,-0.2743,-0.1640,1.5467,0.5794,8.3510,0.1829,-0.1236,-0.3084
2.1452,9.5505,0.4932,0.2268,-0.2940,-0.0710,1.3336,0.7230,8.5401,0.2109,-0.3135,-0.2033
2.5546,9.3015,0.0479,0.2610,-0.3611,0.0236,2.2793,0.7709,8.2480,0.1869,-0.4635,-0.2242
2.5450,9.5170,-0.0694,0.1549,-0.3224,-0.0789,1.5754,0.7949,8.5377,0.1684,-0.1891,-0.2798
2.2936,9.4236,-0.0239,0.1776,-0.2638,-0.0609,1.2474,0.8499,8.4156,0.2090,-0.2677,-0.1100
2.5929,9.3015,-0.0622,0.2180,-0.1180,-0.1055,2.0518,1.0989,8.0948,0.1917,-0.1712,-0.1009
2.0949,9.4954,-0.2514,0.1881,-0.1676,-0.0761,1.4581,1.1492,8.1379,0.1727,-0.1933,-0.1359
2.1524,9.4212,-0.3089,0.1841,-0.2268,-0.0492,1.8507,1.3192,7.8793,0.1159,-0.2200,-0.1888
2.1524,9.6414,-0.0287,0.3780,-0.4634,-0.0195,1.7310,1.2019,8.7221,0.2561,-0.5023,-0.3381
2.3152,9.4212,-1.1109,0.4443,-0.4744,-0.0767,2.1428,1.5586,7.9607,0.3340,-0.4679,-0.3749
2.4086,9.2943,-1.8483,0.1903,-0.3102,-0.0899,2.0710,1.7933,7.3406,0.1692,-0.2161,-0.2200
2.1979,9.2512,-1.4964,-0.0859,-0.0454,-0.1260,2.0734,1.7885,7.5250,0.0450,0.0553,-0.0396
1.9010,9.5146,-0.8188,-0.0711,-0.0520,-0.1195,1.5012,1.5131,8.2887,0.0580,0.1576,-0.0406
1.9632,9.5361,-0.5794,0.0466,-0.1571,-0.1095,2.1476,1.7765,7.8027,0.0939,-0.0325,-0.1993
2.3032,9.4236,-1.8890,-0.0413,-0.2185,-0.0829,2.0686,1.8651,7.5369,-0.0065,-0.0484,-0.1641
2.3750,9.4044,-2.1261,-0.4908,0.2649,-0.2930,2.1715,2.0039,7.7069,-0.1170,0.6267,0.0526
1.6783,9.4739,-0.4334,-0.6275,0.3603,-0.3202,1.9321,1.6448,8.0038,-0.2122,0.7401,0.0674
1.5802,9.5409,0.1508,-0.3808,0.1467,-0.2398,1.1708,1.5730,8.5090,-0.0747,0.3881,-0.0133
2.0039,9.3063,-1.0008,-0.2721,0.1194,-0.2471,1.4341,1.7526,7.8075,0.0195,0.3198,0.0084
1.4437,9.4236,-0.8811,-0.5165,0.2884,-0.2883,1.0080,1.8196,7.3406,-0.1905,0.7147,0.0528
1.4078,9.3158,0.3783,-0.5501,0.3548,-0.2471,1.3288,1.5467,8.4683,-0.1869,0.6118,0.1148
1.0702,9.4044,0.6464,-0.2859,0.2940,-0.1849,0.5363,1.5275,7.9607,-0.1276,0.4908,0.0505
1.8076,9.3709,0.1413,-0.0821,-0.0634,-0.0616,1.3815,1.4389,8.3965,-0.0758,-0.0316,-0.0969
1.1851,9.5313,0.2011,-0.0073,-0.3740,-0.0667,0.7350,1.4653,8.3127,-0.0254,0.0056,-0.3299
1.6496,9.5385,-0.4932,-0.1069,-0.2594,-0.0886,1.0822,1.6065,8.3007,-0.0334,-0.0402,-0.2834
1.3001,9.3925,-0.0120,-0.1288,-0.2277,-0.0911,0.9936,1.6065,8.1570,-0.0452,0.0305,-0.2577
1.4820,9.6223,0.1652,-0.1392,-0.2681,-0.1070,0.8547,1.3695,8.3869,-0.0693,-0.0281,-0.2611
1.5395,9.5146,0.3639,-0.1067,-0.2313,-0.0953,0.9050,1.4150,8.4132,-0.0205,-0.0477,-0.2557
1.4461,9.4619,0.2418,-0.1350,-0.1957,-0.0957,0.7326,1.3336,8.3294,-0.0374,0.0346,-0.1952
1.3503,9.5409,0.4956,-0.1211,-0.1136,-0.1132,0.6656,1.4174,8.4851,0.0020,0.0810,-0.1741
1.5754,9.5050,0.1197,-0.1272,-0.1990,-0.1049,0.5626,1.3719,8.0541,-0.0655,0.0682,-0.1796
1.6161,9.6103,0.0862,-0.2062,-0.0131,-0.1579,-0.1173,1.1325,8.6766,-0.0501,0.2177,-0.0241
1.2163,9.5433,0.5866,-0.2245,0.2256,-0.2573,0.2969,1.3288,8.6263,0.0640,0.3704,0.1102
0.8859,9.4786,0.8212,-0.0733,0.0866,-0.1985,0.4238,1.4389,8.0637,0.0697,0.1764,-0.0048
1.2713,9.5265,0.3591,0.0033,-0.0588,-0.1424,0.6105,1.4485,8.2768,0.0973,0.0254,-0.0909
1.1109,9.3637,0.0455,-0.0009,0.0265,-0.1502,0.8236,2.0351,7.8147,0.1236,0.0357,0.0043
1.0391,9.4427,-0.1628,-0.0490,-0.0369,-0.1256,0.8284,2.0470,7.8721,0.0569,0.0663,-0.0566
0.8021,9.4930,-0.2131,-0.0714,-0.1107,-0.1380,0.9074,2.0973,7.9607,0.0430,0.0276,-0.1873
0.6823,9.4308,-0.2777,-0.0474,-0.2068,-0.1286,0.5004,2.2410,7.6950,0.0330,-0.0369,-0.2149
0.6464,9.4092,-0.5363,-0.1339,-0.1949,-0.1073,0.3735,2.2769,7.7261,-0.0402,0.0436,-0.2053
0.5411,9.2512,-0.3519,-0.1451,-0.1981,-0.0987,0.6225,2.1787,7.5944,-0.0521,0.0894,-0.2397
0.8547,9.5002,-0.3280,-0.2358,-0.1512,-0.0725,0.0263,1.9417,8.0134,-0.1380,0.1110,-0.1419
0.7901,9.3925,0.0120,-0.2980,0.0413,-0.1002,0.0934,1.7789,8.1235,-0.1448,0.2289,-0.0260
0.7757,9.4691,0.4693,-0.2814,-0.0153,-0.0765,0.1556,1.7621,8.1451,-0.1547,0.1775,-0.0512
0.7254,9.5050,0.7590,-0.3031,-0.0382,-0.0421,0.0718,1.5610,8.2648,-0.1915,0.1677,-0.1059
0.8164,9.4810,0.8404,-0.3054,-0.0306,-0.0667,-0.3232,1.4126,8.2863,-0.1587,0.1704,-0.0858
0.5818,9.5577,1.7717,-0.2329,0.1136,-0.0400,-1.3479,1.0415,8.7963,-0.1576,0.2304,0.0610
0.4621,9.3925,1.6664,-0.0644,0.2152,-0.0120,-1.0463,1.1420,8.6694,0.0143,0.0369,0.1672
0.6393,9.3757,1.2306,0.1816,0.1589,0.0393,-0.2849,1.6305,8.4611,0.1735,-0.2034,0.2521
0.9098,9.4236,-0.0287,0.1375,0.2082,-0.0009,0.6297,1.9345,8.1044,0.0863,-0.0699,0.2342
0.6991,9.4930,0.5387,-0.0574,0.2002,-0.0414,0.1891,1.7861,8.2265,0.0224,0.1222,0.1660
0.5004,9.3613,0.5578,0.0033,0.2368,-0.0211,-0.2610,1.9393,8.3342,0.1041,0.0344,0.2066
0.9553,9.4092,-0.1269,0.0290,0.1903,-0.0035,0.5507,1.9800,7.6614,0.0971,-0.0217,0.2382
1.2306,9.6247,-0.6536,-0.1372,0.2137,-0.0248,0.9984,2.0662,7.9607,-0.0653,0.1741,0.2028
1.2091,9.7252,-0.5626,-0.1018,0.2005,-0.0679,1.2953,2.1644,8.1283,-0.0055,0.1861,0.1600
1.2163,9.7995,-0.2466,-0.2018,0.1647,-0.1262,1.1229,2.0997,8.3318,-0.0834,0.2582,0.0891
0.7566,9.4978,0.3974,-0.2975,0.1116,-0.2148,0.1508,1.9130,8.2432,-0.0493,0.3733,-0.0578
0.3519,9.2967,0.4549,-0.2084,0.0540,-0.2236,-0.1149,2.1668,7.4005,0.0221,0.1839,-0.0549
0.2179,9.3613,0.2801,-0.3162,0.0642,-0.1629,-0.6416,2.0877,7.9607,-0.1278,0.2854,-0.0068
-0.0766,9.1842,0.8691,-0.2807,0.1733,-0.1720,-0.7039,1.9944,8.0876,-0.0085,0.3219,0.0286
-0.4118,9.1650,0.7207,-0.2169,0.0215,-0.0827,-1.0127,2.1237,7.4867,-0.0981,0.1820,0.0095
-0.0239,9.2464,1.1588,-0.2029,0.1434,-0.0879,-1.2713,1.8100,8.4874,-0.0444,0.2392,0.0645
-0.4477,9.1794,0.4166,-0.1175,0.0590,-0.0260,-0.5507,2.4612,6.9671,-0.0536,0.0318,0.0119
0.2562,9.1866,0.6201,-0.3537,0.0404,0.0490,-0.4836,2.0446,7.6854,-0.2618,0.1783,0.0749
0.1652,9.2656,1.0032,-0.2984,0.1073,0.0817,-0.7230,1.9225,8.0876,-0.3223,0.0636,0.1812
0.6057,9.6007,0.3304,-0.1856,-0.0163,0.1266,0.4142,2.0806,8.0924,-0.2368,-0.0795,0.0939
1.2067,9.4810,0.0407,-0.2170,-0.0308,0.0442,0.8859,1.9417,8.5258,-0.1306,0.0854,-0.0289
0.7997,9.2943,-0.2011,-0.2062,-0.1262,-0.0675,0.9266,2.1404,7.2209,-0.0714,0.1006,-0.1869
0.2442,9.2057,0.9625,-0.4674,-0.2465,-0.0530,-1.0199,1.6257,8.0661,-0.3448,0.3232,-0.3192
0.1508,9.0190,1.8435,-0.3726,-0.2074,-0.0192,-1.5131,1.2426,8.5377,-0.2434,0.1315,-0.2086
0.1030,9.2440,2.3703,-0.3577,-0.1256,0.0204,-1.6281,0.9529,8.0780,-0.2996,0.1075,-0.1267
0.4980,9.3470,2.5857,-0.2610,-0.1224,0.0813,-1.6999,0.5363,9.3422,-0.2691,-0.0306,-0.0791
0.5962,9.3948,2.3056,0.0005,0.0390,-0.0104,-1.3096,0.9409,9.0190,0.0705,-0.0506,0.0160
1.0247,9.3422,0.5962,-0.0573,0.1298,-0.0706,-0.0096,1.3743,7.9559,0.0075,0.0099,0.1267
0.8428,9.3206,1.1779,-0.2068,0.1019,-0.1054,-0.2346,1.3264,8.1403,-0.0655,0.2312,0.0422
1.1277,9.5241,1.1923,-0.1179,0.0262,-0.1362,0.0934,1.3048,8.6526,0.0277,0.0525,0.0101
0.9768,9.5265,1.1468,-0.1286,-0.0481,-0.2150,0.0838,1.3384,8.4803,0.0476,0.2273,-0.1426
0.7518,9.4236,1.0582,-0.0746,-0.1022,-0.2212,-0.1484,1.4509,8.6287,0.1108,0.0613,-0.1310
0.5531,9.5888,0.5746,-0.0959,-0.1296,-0.2180,0.3472,1.8890,7.9152,0.0694,0.0975,-0.2144
0.9673,9.2871,0.9816,-0.1074,-0.4591,-0.1580,0.8715,1.7238,8.0469,-0.0145,-0.1202,-0.3808
0.8715,9.2847,1.2043,0.0284,-0.8246,-0.3356,0.5291,1.5514,8.7556,0.1943,-0.0805,-0.8278
-0.3759,9.1075,1.6041,0.1853,-1.0773,-0.3312,-0.9864,1.7933,7.8913,0.3356,-0.3051,-1.0303
-0.8691,8.7245,1.0032,0.3545,-1.0685,-0.2032,-1.8627,1.8028,7.4867,0.3110,-0.5569,-0.9096
-0.7973,8.5210,0.3807,0.0636,-0.8352,-0.1760,-2.4301,1.7549,7.1635,0.1685,-0.1839,-0.6380
-1.2330,8.8681,1.0678,-0.2176,-0.5677,-0.0730,-5.5402,1.1277,8.3725,0.2152,0.5614,0.2264
-0.7494,8.8370,1.5203,-0.3142,0.0558,0.0225,-2.7581,1.6041,7.6830,-0.0782,-0.0077,0.4562
-0.3256,8.5904,1.5275,-0.4153,0.1488,0.0028,-2.7797,1.2929,7.6375,-0.3684,0.4553,0.1974
-0.2346,9.1866,2.3104,-0.3409,0.2321,0.0895,-2.4301,1.2737,8.9926,-0.2072,0.2042,0.4406
0.1341,9.3518,2.8922,-0.0978,0.1278,0.1140,-0.2849,1.4940,8.6862,-0.1063,-0.0096,0.0702
0.6153,9.2967,1.5323,0.0693,-0.2818,0.1755,-1.0558,1.4222,8.1858,-0.1956,-0.3463,-0.1913
1.0080,9.3446,1.1061,0.0281,-0.0655,0.0994,-0.8068,1.2570,8.7795,-0.0536,-0.1335,0.0608
0.9337,9.2919,1.6017,-0.0693,-0.0766,0.0278,-0.2921,1.0726,8.2265,-0.1210,-0.0241,-0.0671
1.3024,9.3781,2.8252,-0.0165,-0.2458,-0.0629,-1.3719,0.2227,9.5457,-0.2453,0.1479,-0.1399
0.8332,9.7588,3.0502,0.0429,0.0297,-0.3357,-2.5905,-0.0551,10.5105,0.1071,0.2605,0.0442
0.3687,9.8593,3.1867,0.3307,0.2110,-0.2330,-1.7837,0.5411,9.3422,0.3529,-0.0871,0.1677
0.7254,9.3422,2.1859,0.5500,0.2477,-0.2218,-1.6281,0.9601,8.9064,0.5716,-0.2878,0.3027
0.1173,9.2392,0.4932,0.5722,0.4088,-0.3364,-0.3448,1.9441,7.4101,0.6428,-0.0919,0.2862
-0.4238,9.1387,-0.1484,0.3838,0.3024,-0.2314,-0.8284,2.6695,7.0844,0.4386,-0.0348,0.2591
-0.4860,9.0477,-0.3112,0.3139,0.3924,-0.1132,-0.2658,2.9497,6.8977,0.3146,-0.0725,0.3581
-0.3089,9.1363,-0.7877,0.3219,0.2630,-0.0798,0.2610,3.1556,7.0940,0.2619,-0.0771,0.2277
-0.4381,9.1051,-1.1325,0.0969,0.1279,-0.0819,-0.1197,3.2872,6.8402,0.0875,0.0666,0.0618
-0.5698,9.2105,-0.9936,0.0891,0.0655,-0.0502,-0.0599,3.1915,7.4101,0.0830,-0.0179,0.0277
-0.2155,9.3350,-1.0223,0.0119,-0.1135,-0.0839,0.5195,3.2825,7.1204,0.0713,-0.0989,-0.1556
-0.3208,9.3853,-0.8763,-0.1904,-0.2449,0.0041,0.0838,3.0382,6.9504,-0.2024,-0.0012,-0.2653
-0.0215,9.4858,-0.1077,-0.2529,-0.2100,-0.0155,-0.4788,2.5809,8.1954,-0.2116,0.1328,-0.2013
-0.2562,9.5648,0.6369,-0.1887,-0.1065,-0.0640,-0.6776,2.6121,7.8434,-0.1228,0.0947,-0.2153
-0.2251,9.3494,0.4142,-0.1932,-0.2260,-0.0606,-0.7446,2.4876,7.7931,-0.1366,0.0422,-0.2322
-0.4669,9.3422,0.6464,-0.1671,-0.2320,-0.0506,-1.3647,2.3870,7.9104,-0.0925,0.0510,-0.2176
-0.3472,9.3494,0.9026,-0.1524,-0.1812,-0.0377,-1.1827,2.2936,7.9248,-0.0895,0.0036,-0.1723
-0.3017,9.3015,0.7254,-0.2193,0.0360,-0.0632,-1.0319,2.3032,7.8889,-0.1099,0.1236,-0.0312
-0.4166,9.3326,1.4748,-0.1230,-0.0699,0.0081,-1.0630,2.1213,8.1211,-0.1046,-0.0429,-0.0807
-0.1748,9.3541,0.8045,-0.1222,-0.1251,0.0420,-1.5897,1.9656,8.4156,-0.1584,0.0222,-0.0675
-0.0455,9.5888,0.9481,-0.0653,0.0309,-0.0153,-1.2450,2.0039,8.4300,-0.0181,0.0009,0.0284
0.0000,9.4930,1.0175,0.0152,0.0360,-0.0456,-0.4405,2.2122,8.1211,0.0584,-0.0939,0.0388
-0.0048,9.4451,0.5602,-0.0246,0.0229,-0.0580,-0.8284,2.2362,7.8769,-0.0248,0.0336,-0.0220
-0.2035,9.4691,0.4334,-0.1092,0.1118,-0.0222,-1.1947,2.2338,8.0828,-0.0426,0.0500,0.1046
-0.0718,9.5170,1.1564,-0.0109,0.1723,-0.0777,-0.7757,2.1787,8.4443,0.1061,0.0478,0.1518
-0.4884,9.3446,0.4094,0.0409,0.1122,-0.0727,-0.7949,2.5498,7.4867,0.0806,-0.0209,0.0905
-0.5148,9.1937,0.3256,-0.0882,0.1252,0.0064,-0.9912,2.5259,7.6878,-0.0368,0.0549,0.1267
-0.5243,9.3709,0.5578,-0.0565,0.1840,0.0089,-0.7350,2.5881,7.9368,-0.0099,-0.0065,0.1871
-0.5004,9.4188,0.1101,-0.0075,0.1572,-0.0111,-0.6153,2.6743,7.4939,-0.0238,0.0057,0.1152
-0.4525,9.4236,0.3376,-0.1187,0.1620,0.0400,-1.0846,2.5402,7.7716,-0.0540,0.0421,0.2090
-0.2035,9.3829,0.4477,-0.1139,0.2170,0.0624,-0.5962,2.4852,7.8171,-0.0874,0.0357,0.2189
-0.3926,9.4451,0.5866,-0.0902,0.2466,0.0556,-0.9026,2.4972,7.9104,-0.0536,0.0819,0.2475
-0.5794,9.3541,0.4429,-0.1144,0.2421,0.0541,-0.6800,2.6264,7.2377,-0.1033,0.0524,0.2084
-0.4286,9.3422,0.3376,-0.1287,0.2100,0.0793,-1.3431,2.3942,8.3270,-0.1304,0.1235,0.2527
-0.4238,9.2536,0.5578,-0.0749,0.2914,0.0842,-0.7949,2.4421,7.7405,-0.0885,0.0649,0.2855
-0.6704,9.4164,0.5435,-0.1232,0.2563,0.1075,-1.2426,2.4995,7.6160,-0.1423,0.0707,0.2511
-0.6728,9.2344,0.4597,-0.1907,0.2539,0.1996,-1.4676,2.3679,7.6854,-0.2661,0.0293,0.2791
-0.5626,9.4332,1.0104,-0.0998,0.3539,0.1736,-1.5179,2.1500,8.2768,-0.1739,0.0893,0.3794
-0.3448,9.3039,0.8667,-0.0536,0.3281,0.1972,-0.8116,2.3200,7.7189,-0.1872,-0.0775,0.3960
-0.0192,9.3541,0.7183,-0.0873,0.2813,0.2333,-0.9194,2.0877,8.1427,-0.2224,-0.0394,0.3561
-0.1293,9.4116,0.6847,-0.0881,0.3659,0.2314,-1.0391,2.0830,8.2624,-0.1608,-0.0224,0.4255
0.0862,9.4858,0.5746,0.0048,0.3317,0.1993,-0.3448,2.1691,7.8506,-0.1246,-0.0933,0.3714
0.0575,9.4810,0.3831,-0.0492,0.2919,0.2217,-0.5698,2.2003,7.8769,-0.1663,-0.0577,0.3539
0.3280,9.3709,0.5028,-0.0529,0.3315,0.2332,-0.2442,2.1835,8.2672,-0.1564,-0.0747,0.4013
0.1125,9.4284,0.3208,0.0337,0.2697,0.2001,-0.0215,2.3439,7.9775,-0.1009,-0.1041,0.3162
0.0359,9.3374,-0.1293,-0.0492,0.2411,0.2225,-0.2251,2.4014,7.5322,-0.1595,-0.0890,0.3068
0.4357,9.4116,0.0934,-0.1091,0.2168,0.2474,0.2873,2.3583,7.7309,-0.2313,-0.0501,0.3046
0.6680,9.5002,0.3424,-0.1340,0.1295,0.2353,-0.0766,2.0016,8.2552,-0.2567,-0.0474,0.2249
0.5387,9.5696,0.3496,-0.0981,0.1423,0.1932,-0.0383,1.9944,8.1092,-0.1952,-0.0667,0.1701
0.5100,9.4164,0.2610,-0.1232,0.0709,0.1996,-0.1484,2.0327,7.9990,-0.2113,-0.0681,0.1184
0.4501,9.4595,0.3903,-0.1303,0.0959,0.1776,-0.0670,1.9369,8.2600,-0.1823,-0.0397,0.2036
0.7183,9.5744,0.4525,-0.0669,0.0284,0.1438,0.3065,1.9417,8.2720,-0.1191,-0.0893,0.0721
0.7039,9.4284,0.0551,-0.1248,0.0123,0.1506,0.0694,1.9944,7.8841,-0.2154,-0.0484,0.0237
1.2234,9.5337,0.3232,-0.1573,-0.0306,0.0841,0.5363,1.7262,8.5569,-0.1470,-0.0743,0.0140
1.0989,9.5241,-0.0575,-0.1543,-0.1791,-0.0425,0.8164,1.6712,8.3103,-0.0703,-0.0177,-0.1504
1.2330,9.6367,-0.0766,-0.2990,-0.3098,-0.1019,0.7446,1.8244,8.2265,-0.1041,0.0440,-0.2479
0.8212,9.4547,0.6369,-0.3676,-0.2065,-0.1804,-0.4286,1.6400,8.7197,-0.0875,0.2690,-0.2048
0.3615,9.5696,0.4310,-0.1823,0.0380,-0.0789,-0.2298,1.9273,7.8410,-0.0484,0.0910,-0.0790
0.8404,9.3565,0.8356,-0.2198,-0.2273,0.0242,0.5387,1.6065,8.1738,-0.1948,-0.0171,-0.2774
0.8021,9.4188,0.4405,-0.1799,-0.3633,-0.0508,-0.3017,1.6807,8.1570,-0.1388,-0.0180,-0.4165
0.7087,9.3254,0.6105,-0.2277,-0.2341,-0.0588,-0.4022,1.5036,8.1834,-0.1547,0.0586,-0.2685
0.5794,9.3518,1.1995,-0.1853,-0.2409,-0.0076,-0.3783,1.5634,8.0924,-0.1619,-0.0025,-0.2730
0.9768,9.4092,0.9816,-0.1559,-0.2290,0.0333,-0.3855,1.4437,8.5832,-0.1756,-0.0216,-0.2026
0.9816,9.4739,0.2011,-0.2406,-0.1075,-0.1079,-0.9601,1.3838,8.3558,-0.0939,0.1888,-0.1118
0.8954,9.3087,1.0199,-0.2586,-0.0085,-0.1719,-0.7230,1.3312,8.5377,-0.0025,0.2605,0.0173
0.7230,9.4427,0.9050,-0.1725,-0.1198,-0.3475,0.2777,1.7071,8.1475,0.1332,0.2509,-0.2104
0.3496,9.3709,0.7638,-0.1667,-0.3900,-0.2301,-0.5770,1.6688,8.0541,0.0173,0.1499,-0.3277
0.7326,9.3613,0.8643,-0.0779,-0.5168,-0.1860,0.2203,1.7741,7.8889,-0.0019,-0.1667,-0.5513
0.4836,9.3063,0.6440,-0.2336,-0.5251,-0.2090,-0.5674,1.5299,7.7572,-0.1416,0.0941,-0.6672
1.0678,9.3709,1.4174,-0.2715,-0.5629,-0.2004,-0.7446,1.0702,8.8562,-0.0609,0.0128,-0.5484
0.5291,9.4523,1.7454,-0.1981,-0.4147,-0.2750,-1.0319,1.1133,8.4180,0.0268,0.1663,-0.5446
0.7446,9.3230,1.6544,-0.1677,-0.4477,-0.2920,-0.8212,1.0008,8.5904,0.0266,0.0220,-0.5544
1.0271,9.5505,1.8100,-0.0722,-0.3876,-0.4093,-0.7159,0.9290,9.5457,0.2461,0.0697,-0.5136
0.2825,9.3733,1.6568,0.0636,-0.3162,-0.4600,-1.1923,1.4030,8.3294,0.4237,0.0048,-0.4766
0.0742,9.1028,0.7829,0.0554,-0.3738,-0.4062,-0.9385,1.7190,7.2832,0.2992,0.0404,-0.4894
-0.4214,9.0022,0.9074,-0.1338,-0.3569,-0.3384,-1.3958,1.8771,7.2305,0.1106,0.1410,-0.4932
-0.6536,9.0692,1.2929,-0.1492,-0.4191,-0.2293,-1.9656,1.8747,7.6638,0.0035,0.0498,-0.4732
-0.6416,8.9974,1.5850,-0.0773,-0.2992,-0.2020,-2.1213,1.8292,8.0613,0.0979,0.0188,-0.3123
-0.4693,9.1674,1.2498,-0.0819,-0.2260,-0.1704,-1.3791,1.8938,7.6136,0.0289,0.0109,-0.2908
-0.1796,9.1937,1.6520,-0.1483,-0.2457,-0.1471,-1.9824,1.4389,8.3438,-0.0127,0.1231,-0.2344
-0.0622,9.4044,1.7526,-0.0642,-0.1342,-0.1387,-1.6831,1.4485,8.4204,0.0642,0.0092,-0.1560
0.0215,9.3541,1.6855,-0.0358,-0.1158,-0.1632,-1.6305,1.4629,8.3677,0.0815,0.0578,-0.1439
0.0455,9.3230,1.7262,-0.0100,-0.0031,-0.2174,-1.7406,1.3264,8.8131,0.1331,0.1160,-0.0188
-0.1365,9.3446,1.7980,0.0637,-0.0125,-0.2326,-1.6257,1.5395,8.5832,0.1992,0.0568,-0.0208
-0.3208,9.2536,1.2881,0.1176,0.0485,-0.2376,-1.5730,1.8794,7.9703,0.2658,-0.0176,-0.0168
-0.5435,9.2344,1.2067,0.1518,0.0246,-0.2801,-1.4940,2.1380,8.0397,0.3299,0.0687,-0.0049
-0.8930,9.0836,0.5962,0.1027,0.1069,-0.2329,-1.6185,2.5259,7.2927,0.2797,0.0580,0.0502
-0.9840,9.1147,0.9625,0.0254,0.1203,-0.1708,-1.5778,2.5426,7.5274,0.1383,0.1139,0.0594
-1.1660,9.1147,0.9649,0.0877,0.1116,-0.1764,-1.7957,2.6624,7.4603,0.1981,0.0131,0.0246
-1.5371,8.8609,0.5028,0.1090,0.1160,-0.0893,-2.1141,2.8659,7.1611,0.1572,-0.0381,0.1446
-1.4365,9.0381,0.1652,0.0059,0.1480,-0.0165,-1.3695,3.0047,6.5649,0.0024,0.0412,0.1452
-1.1205,9.1578,0.7829,-0.0777,0.1163,0.0975,-1.9321,2.5881,7.7835,-0.1187,0.0116,0.1980
-0.5100,9.3733,0.7446,-0.0859,0.2778,0.0787,-1.5634,2.3750,7.9009,-0.1069,0.0410,0.3308
-0.0766,9.5409,0.6321,-0.1623,0.4381,0.0396,-1.5131,2.1476,8.1786,-0.0826,0.2040,0.4553
0.0527,9.4116,1.0247,-0.3111,0.7665,-0.0626,-1.5131,2.0111,8.5832,-0.0735,0.4950,0.6531
0.0814,9.4308,1.1636,-0.2693,0.8984,-0.1741,-1.3743,2.1117,8.6143,0.0103,0.5368,0.8272
-0.9074,9.3853,1.5419,-0.1803,0.9213,-0.2445,-1.0654,2.4756,8.3127,0.2038,0.5251,0.6726
-1.4796,9.2225,1.3024,0.1268,0.3595,-0.0851,-0.8188,3.0382,7.1922,0.2078,-0.0147,0.2505
-1.6328,8.9735,-0.2155,0.0613,0.2065,-0.0233,-1.8172,3.4357,6.8738,0.0950,0.0273,0.1973
-1.7023,8.9088,0.1796,-0.0725,0.3507,0.0300,-1.7478,3.4357,6.8690,-0.0558,0.0769,0.2851
-1.8747,9.0381,0.4764,-0.1142,0.3428,0.1219,-2.1021,3.2274,7.2257,-0.1026,0.0801,0.3868
-1.7334,9.0166,0.5531,-0.2234,0.3737,0.1941,-2.0470,3.0837,6.9336,-0.2734,0.1332,0.3523
-1.5634,9.1195,1.0822,-0.1851,0.3174,0.2655,-2.3750,2.6312,7.6040,-0.3499,0.1275,0.3854
-1.0798,9.1578,0.9912,-0.1126,0.3914,0.3020,-1.8004,2.5091,7.7213,-0.2790,-0.0398,0.4640
-0.3256,9.1147,0.2849,-0.2767,0.4449,0.2750,-1.0008,2.4924,7.3119,-0.3277,0.1070,0.5193
-0.6847,9.1866,0.5722,-0.3704,0.5674,0.2102,-1.7166,2.4588,7.8506,-0.3706,0.3576,0.5624
-1.0080,9.3518,1.2282,-0.3083,0.6426,0.2068,-0.9984,2.7102,7.7548,-0.3043,0.2494,0.5917
-0.9984,9.2656,1.2641,-0.1206,0.1552,0.2843,-0.7566,2.6911,7.7117,-0.2814,-0.1006,0.2174
-0.7757,9.2464,0.2011,-0.0998,0.0841,0.2963,-1.5323,2.7509,7.6830,-0.2826,-0.1112,0.2229
-0.7829,9.3087,0.6081,-0.1527,0.2617,0.2590,-1.0774,2.6671,7.5441,-0.2734,-0.0021,0.2862
-0.4956,9.3470,1.0678,-0.1721,0.0810,0.2916,-1.1564,2.3200,7.8434,-0.3611,-0.0638,0.1491
-0.1676,9.3805,0.8356,-0.1282,0.0646,0.2880,-1.2594,2.0638,8.5281,-0.3067,-0.0854,0.2178
-0.1125,9.5289,0.9720,-0.1424,0.1498,0.2010,-0.8667,2.0710,8.3390,-0.2110,-0.0314,0.2033
-0.0311,9.3565,1.2977,-0.0602,0.0967,0.1656,-0.6776,2.0063,8.1786,-0.1627,-0.0871,0.1366
0.1030,9.4403,0.8284,-0.0560,0.0697,0.1366,-0.8523,2.0782,8.1642,-0.1436,-0.0823,0.1142
0.1604,9.4044,0.6800,-0.0866,0.0441,0.0953,-0.4334,2.1261,7.9871,-0.1154,-0.0814,0.1212
-0.0215,9.4116,0.5555,-0.1166,0.0015,0.0552,-0.5483,2.2314,8.0493,-0.1050,0.0007,0.0289
0.0431,9.4212,0.5052,-0.1286,-0.0161,0.0179,-0.7422,2.1979,8.1690,-0.0853,0.0408,0.0001
-0.2466,9.3518,0.6752,-0.1210,-0.0600,0.0159,-0.5531,2.2841,7.7835,-0.0982,-0.0236,-0.0957
-0.3089,9.1842,0.6153,-0.1500,-0.1053,0.0218,-0.9505,2.2051,7.9128,-0.1344,0.0157,-0.0901
-0.3065,9.3134,0.6009,-0.2217,-0.1055,0.0301,-0.7278,2.2601,7.3574,-0.2164,0.0237,-0.1412
-0.1269,9.2344,1.3096,-0.2654,-0.2054,0.0682,-1.1612,1.9010,8.2528,-0.2324,-0.0005,-0.1760
-0.0287,9.3206,1.3623,-0.1215,-0.2138,0.0494,-0.9649,1.9010,8.2025,-0.1402,-0.1026,-0.1901
0.0503,9.3015,1.1444,-0.1243,-0.2887,0.0265,-0.7949,1.8028,8.0637,-0.1384,-0.0925,-0.2633
0.0862,9.2560,0.7590,-0.1731,-0.2595,0.0121,-1.2474,1.9513,8.0637,-0.1596,-0.0056,-0.2554
-0.0742,9.2225,1.2091,-0.1672,-0.1532,-0.0316,-1.1732,1.8914,8.2480,-0.1100,0.0502,-0.1527
-0.0934,9.1051,1.2833,-0.0317,-0.3174,-0.0707,-0.7805,1.9106,7.9344,-0.0538,-0.0753,-0.3279
-0.0766,8.9854,0.8619,-0.0516,-0.3942,-0.1434,-1.0439,1.9249,7.9296,0.0129,-0.0707,-0.3301
-0.6321,9.0740,1.0391,0.0398,-0.2655,-0.1336,-1.5634,2.0710,7.7524,0.1502,-0.0697,-0.1820
-0.7207,9.0980,0.6033,0.0322,-0.3287,0.0305,-0.7063,2.3870,6.5410,-0.0484,-0.2217,-0.2377
-0.2682,9.1698,0.8308,-0.2623,-0.4185,0.1735,-1.1109,1.9441,7.4388,-0.3315,-0.0867,-0.3102
0.4357,9.1937,1.3743,-0.3527,-0.3038,0.1704,-1.4844,1.3886,8.5976,-0.3448,-0.0083,-0.1316
0.3926,9.4212,1.6831,-0.2782,-0.2813,0.1282,-0.8092,1.3671,8.3079,-0.3008,-0.0537,-0.2795
0.7973,9.2632,1.5706,-0.3411,-0.3908,0.1410,-0.7374,1.1325,8.2576,-0.3637,-0.1053,-0.3172
1.1277,9.3446,1.9034,-0.2599,-0.3691,0.0354,-0.6991,0.9649,9.0812,-0.2364,-0.0009,-0.2934
0.9409,9.5313,1.6424,-0.1471,-0.3667,-0.1053,-0.4573,1.1492,8.9447,-0.0225,-0.0390,-0.3797
0.7302,9.2584,1.1803,-0.1340,-0.4574,-0.1282,-0.2705,1.3551,8.0230,-0.0441,-0.0296,-0.5272
0.7566,9.1482,0.9673,-0.1809,-0.4851,-0.1600,-0.4693,1.2641,8.3031,-0.0081,0.0168,-0.5108
0.5890,9.1913,1.6400,-0.1318,-0.5975,-0.1823,-0.1053,1.2977,8.1068,0.0698,-0.0991,-0.6470
-0.0838,9.3278,3.0694,0.3311,-1.4320,0.0518,-0.9840,0.7518,9.0118,0.2034,-0.5957,-1.0906
0.8475,9.2823,1.0271,0.5989,-1.7024,0.1388,-0.8930,1.0223,8.6910,0.2177,-1.4758,-1.2746
1.1085,9.2440,0.5076,0.2101,-1.3209,0.0189,-0.6464,1.0295,7.8530,-0.0068,-0.7163,-1.1779
1.1875,9.3494,1.7238,0.0264,-1.0921,-0.0634,-1.3431,0.5770,9.0573,-0.0546,-0.3720,-0.9808
1.1540,9.3446,1.7526,0.0469,-0.6648,-0.1752,-1.6807,0.6488,8.7819,0.1288,-0.1852,-0.5973
0.8715,9.1985,1.3934,-0.0745,-0.4108,-0.2336,-1.2713,1.0343,7.8769,0.0464,0.0073,-0.4518
0.9337,9.1674,1.6927,-0.1997,-0.1680,-0.2418,-1.0798,0.9433,8.4874,-0.0005,0.1977,-0.3010
0.3591,9.3350,2.0159,-0.0322,-0.2054,-0.2467,-1.3360,1.1851,8.5617,0.1344,0.0418,-0.3146
0.5267,9.1171,1.4030,0.0016,-0.1793,-0.1993,-0.8835,1.3910,7.9152,0.0727,-0.0338,-0.3092
0.6177,9.2536,1.4246,-0.0841,-0.0961,-0.1960,-0.8571,1.2641,8.4036,0.1017,0.0909,-0.1673
0.5219,9.2991,1.6352,0.0449,-0.0401,-0.2006,-0.9601,1.3336,8.2289,0.1744,0.0104,-0.1124
0.5602,9.2153,1.0511,0.0144,-0.0397,-0.1567,-0.9002,1.4174,8.1570,0.0810,0.0452,-0.0469
0.5148,9.2967,1.1349,0.0073,0.0220,-0.1657,-0.8787,1.4365,8.2001,0.1234,0.0763,-0.0681
0.2873,9.2392,1.2019,0.0501,0.0161,-0.1446,-1.1468,1.5634,8.0445,0.1144,0.0203,-0.0008
0.3831,9.2177,1.2785,0.0230,0.0901,-0.1382,-0.9816,1.6328,8.1235,0.1188,0.0429,0.0955
0.2538,9.3661,1.1923,0.0258,0.2180,-0.1451,-1.1301,1.5467,8.2193,0.1577,0.1167,0.1751
0.3160,9.2871,1.0702,-0.0370,0.3480,-0.1491,-1.1492,1.5778,8.0685,0.1278,0.2008,0.2914
0.1867,9.3182,1.2163,-0.0072,0.3609,-0.1204,-1.1540,1.6376,8.1211,0.0894,0.1951,0.3316
0.1173,9.3302,1.1612,0.0152,0.4113,-0.1178,-0.9146,1.7430,8.3151,0.1432,0.1342,0.3192
-0.0359,9.4188,1.2306,0.0926,0.3345,-0.0496,-1.1277,1.7573,8.2887,0.1603,0.0317,0.3272
0.1173,9.3565,1.0367,0.2025,0.3564,-0.0726,-1.0295,1.9201,8.0852,0.2137,0.0634,0.2944
-0.0072,9.3494,0.9553,0.1945,0.4381,-0.0373,-1.1037,2.0255,7.7285,0.1609,-0.0089,0.3997
0.1700,9.3302,0.8835,0.1522,0.4975,-0.0494,-0.9505,2.0901,8.0804,0.1981,0.0361,0.5045
-0.2322,9.3446,0.6560,0.1799,0.4812,-0.0301,-0.7853,2.3056,7.8386,0.1896,0.0274,0.4886
-0.2897,9.2656,0.0455,0.2562,0.3726,0.0225,-0.3950,2.5905,7.5322,0.1836,-0.1041,0.4056
-0.1987,9.2751,-0.4884,0.1780,0.3708,0.0520,-0.1987,2.7725,7.4579,0.1202,-0.0600,0.4020
0.0000,9.3494,-0.7015,0.0620,0.4016,0.0285,0.1317,3.0191,7.2880,0.0649,0.0156,0.4072
-0.1365,9.4260,-0.4070,-0.0440,0.4253,0.0065,-0.2155,2.8683,7.5106,0.0089,0.1656,0.4374
-0.0359,9.5409,-0.1077,-0.0436,0.3328,0.0314,-0.0622,2.8084,7.7835,-0.0269,0.0834,0.2962
-0.0479,9.3948,-0.1365,-0.0557,0.3120,0.0188,-0.2705,2.8395,7.6662,0.0124,0.0750,0.3496
-0.1867,9.4403,-0.1341,-0.1002,0.2882,0.0430,-0.2274,2.7869,7.5776,-0.0807,0.1126,0.2848
-0.1532,9.4763,0.0024,-0.1368,0.2550,0.0805,-0.5890,2.6576,7.8673,-0.1420,0.1182,0.2559
-0.1484,9.3925,0.4669,-0.1299,0.3110,0.0682,-0.5004,2.5881,7.7979,-0.0795,0.0899,0.2880
-0.1628,9.4882,0.3160,-0.0830,0.1970,0.0653,-0.3256,2.6408,7.8195,-0.0862,-0.0088,0.2236
-0.1796,9.4355,0.0982,-0.1146,0.1997,0.0874,-0.8188,2.5618,7.8506,-0.1210,0.0705,0.2471
-0.3184,9.3254,0.3998,-0.0678,0.2498,0.0991,-0.7518,2.5522,7.7261,-0.1027,0.0304,0.2308
-0.0766,9.4427,0.1748,-0.0759,0.1931,0.1390,-0.3687,2.6193,7.4962,-0.1436,-0.0208,0.2253
-0.1484,9.4547,0.2083,-0.1287,0.1982,0.1745,-0.8260,2.4948,7.8338,-0.2112,0.0067,0.2358
0.2586,9.5170,0.2586,-0.1440,0.3373,0.1495,-0.6177,2.3200,8.1499,-0.1817,0.0601,0.3552
0.0287,9.4643,0.2658,-0.1332,0.3940,0.1070,-0.5962,2.2817,8.1283,-0.1522,0.1533,0.3848
-0.1101,9.6151,0.8068,-0.0907,0.2587,0.1235,-0.3591,2.2889,8.1882,-0.1228,0.0565,0.2554
0.2370,9.5241,0.4046,0.0558,0.1652,0.1410,-0.7614,2.2793,8.2025,-0.0600,-0.1258,0.2217
0.1700,9.4667,-0.3184,-0.0028,0.2683,0.1303,0.0622,2.6504,7.6830,-0.0919,-0.0869,0.2867
0.3950,9.4906,-0.1101,-0.0617,0.1212,0.1475,0.0982,2.3966,8.2145,-0.1760,-0.0021,0.1680
0.2322,9.5768,-0.1508,-0.0520,0.1371,0.1278,-0.1844,2.4876,8.0732,-0.1456,-0.0544,0.1540
0.3472,9.5026,-0.1006,-0.0420,0.0966,0.1239,0.3208,2.5067,7.8673,-0.1172,-0.0921,0.1440
0.5148,9.5984,-0.4214,-0.0986,-0.0073,0.1344,0.3759,2.5426,7.8243,-0.1736,-0.0987,0.0466
0.7638,9.6678,0.1101,-0.1232,0.0377,0.0974,0.3160,2.2027,8.4180,-0.1339,-0.0285,0.0973
0.8021,9.6055,-0.0910,-0.0721,-0.0161,0.0368,0.9050,2.3296,7.9751,-0.0385,-0.0939,-0.0068
0.8092,9.5768,-0.1604,-0.1701,-0.1482,0.0191,0.4286,2.2817,7.9918,-0.1865,0.0622,-0.1431
0.5962,9.5289,0.2418,-0.1589,-0.1118,-0.0088,-0.1437,2.0255,8.2552,-0.1102,0.0377,-0.1090
0.7398,9.5361,0.2418,-0.2013,-0.0663,-0.0171,-0.5219,1.8052,8.0397,-0.1585,0.1065,-0.0385
0.9649,9.6295,0.7709,-0.3583,0.2046,-0.0937,-0.7494,1.5754,8.9471,-0.1877,0.3640,0.1498
0.5674,9.6941,1.2019,-0.1420,0.1709,-0.1376,0.0192,1.7980,8.9974,0.0634,0.1078,0.0995
0.4669,9.6151,0.4573,0.0757,-0.0875,-0.1492,0.3855,2.3032,8.1523,0.1649,-0.0709,-0.1462
0.5267,9.4427,-0.7422,0.0501,-0.2137,-0.1672,0.5195,2.7701,7.5633,0.1307,-0.0713,-0.2353
0.4956,9.4930,-0.7949,-0.0163,-0.2907,-0.1823,1.3431,2.9951,7.4962,0.1386,-0.0974,-0.3203
0.4286,9.3733,-1.1756,-0.1007,-0.5761,-0.1541,1.4413,3.0406,6.9791,0.0097,-0.1487,-0.5898
0.6009,9.3326,-0.9313,-0.2350,-0.8135,-0.1596,0.9290,2.7605,7.5776,-0.1187,-0.0478,-0.7609
0.4070,9.4786,-0.5890,-0.3448,-0.7697,-0.1900,0.0359,2.3631,7.7548,-0.1869,0.0504,-0.8023
0.7063,9.4571,-0.0479,-0.4431,-0.7404,-0.1964,-0.1006,1.8411,8.0565,-0.2349,0.1010,-0.7662
1.0080,9.5457,0.8140,-0.4850,-0.6610,-0.2729,-0.0503,1.5036,8.7508,-0.1784,0.1981,-0.7456
0.6297,9.5098,1.4461,-0.3560,-0.6961,-0.3280,-0.4621,1.4557,8.5569,-0.0682,0.1434,-0.8087
0.0910,9.2249,0.9218,-0.2777,-0.7526,-0.3223,-0.6560,1.8220,7.9176,0.0031,0.0020,-0.8617
-0.3831,9.0094,0.9673,-0.2407,-0.8460,-0.2758,-1.1851,2.0231,7.5154,-0.0180,0.0203,-0.9190
-0.6680,9.0166,0.9242,-0.2173,-0.8541,-0.1831,-1.2282,2.2362,7.3502,-0.1047,-0.1203,-0.9236
-0.5315,9.1004,0.8547,-0.1956,-0.9328,-0.0763,-1.8364,2.1069,7.5202,-0.1384,-0.2060,-0.9052
-0.3496,8.9088,0.5171,-0.2537,-0.6968,-0.0705,-1.6831,2.0303,7.4340,-0.1962,-0.1182,-0.6551
-0.2298,8.9543,1.1253,-0.3248,-0.4778,-0.0723,-1.3144,1.6400,7.4101,-0.2928,0.1334,-0.6049
-0.2466,8.9902,1.7765,-0.2241,-0.5985,0.0409,-1.5634,1.4724,7.7620,-0.3685,-0.0329,-0.7202
-0.0718,9.0070,1.2737,-0.2012,-0.5399,0.0966,-2.8970,1.1516,7.8602,-0.3814,-0.0405,-0.5287
0.1437,9.0692,2.0159,-0.2558,-0.3423,0.1203,-2.0662,0.7685,8.4779,-0.3468,-0.1009,-0.3404
0.2873,9.3350,2.6624,-0.2160,-0.3487,0.1444,-2.4301,0.2945,9.1147,-0.1705,-0.2072,-0.2342
0.7230,9.6582,2.7485,0.0337,-0.2601,0.1218,-1.9513,0.3376,9.5505,-0.0758,-0.2573,-0.1644
1.0822,9.5768,1.8771,0.1156,-0.0185,0.0477,-1.4964,0.5435,8.9184,0.0659,-0.1272,0.0441
0.9146,9.1315,1.4030,-0.0981,0.1259,-0.0116,-0.6823,0.9385,7.9464,-0.0727,0.1163,0.1322
0.5770,9.2320,1.6305,-0.1320,0.1733,-0.0230,-1.3623,1.0654,8.3390,-0.0941,0.1592,0.1484
0.4022,9.1866,1.3815,-0.1215,0.2438,-0.0297,-1.1349,1.1277,8.2456,-0.0446,0.0994,0.2337
0.2777,9.1842,1.2881,-0.1673,0.2213,0.0208,-1.2043,1.3503,7.8219,-0.1366,0.1315,0.1871
0.2298,9.1794,1.6951,-0.1520,0.2205,0.0492,-1.2617,1.1923,8.1403,-0.1307,0.0690,0.2233
0.2682,9.0812,1.5514,-0.1007,0.3074,0.0697,-1.5682,1.1588,8.3701,-0.1112,0.1128,0.3477
0.2490,9.1554,1.5012,-0.0510,0.3067,0.0850,-1.0223,1.3719,7.9631,-0.0336,-0.0183,0.3389
0.5483,9.2177,1.2665,-0.0762,0.2418,0.1194,-0.9170,1.2857,7.8697,-0.1446,0.0297,0.2626
0.8787,9.2440,1.1708,-0.1455,0.2795,0.1194,-1.1612,1.0319,8.5281,-0.1557,0.0985,0.3540
0.9337,9.2201,0.9649,-0.2641,0.5903,0.0209,-1.3312,1.1468,8.2241,-0.1271,0.3451,0.5548
0.8499,9.1985,2.0614,-0.2729,0.7137,-0.0378,-0.7446,0.8164,8.5521,-0.1031,0.4481,0.5798
0.4908,9.5553,2.7390,-0.0057,0.3026,-0.0035,-0.7326,0.8116,8.8873,0.0641,0.0262,0.2863
0.5818,9.2656,1.5251,0.1577,0.1022,0.0313,-1.3240,1.1037,8.4755,0.0581,-0.1430,0.1816
0.2610,9.1195,1.4509,0.1296,0.2994,-0.0458,-1.5251,1.1971,8.3342,0.1458,0.0221,0.3273
0.1030,9.0956,1.5107,0.0779,0.4109,-0.0572,-1.3001,1.5323,7.7045,0.1208,0.0108,0.3681
-0.1652,9.0644,1.7454,0.0614,0.3140,0.0193,-1.2617,1.5371,7.9224,0.0450,0.0337,0.3420
-0.0958,9.0549,1.4868,0.1430,0.2918,0.0646,-1.6735,1.5993,8.0038,0.0857,-0.0663,0.3321
-0.0407,9.0022,0.8404,0.1196,0.4345,0.0777,-1.5610,1.7142,7.4699,0.0585,-0.0060,0.4750
-0.0599,9.0573,1.0822,-0.0013,0.4584,0.1524,-0.9002,1.7262,7.4986,-0.1099,0.0195,0.4707
0.2586,9.2273,1.3360,-0.0209,0.3833,0.1855,-1.1181,1.4246,8.3031,-0.0715,-0.0774,0.4864
0.3160,9.4020,1.2617,0.1184,0.4001,0.1683,-0.5291,1.4341,8.4204,0.0165,-0.1015,0.4695
0.6823,9.4284,0.9194,0.0661,0.3692,0.1617,-0.6033,1.5131,8.2576,-0.0360,-0.0472,0.4122
0.6033,9.3230,1.1205,0.0374,0.4116,0.1267,-1.0534,1.3479,8.6766,-0.0269,0.0461,0.4696
0.9074,9.5026,0.8284,0.0765,0.5520,0.0265,-0.1556,1.6664,8.4827,0.1063,0.0288,0.5565
0.7063,9.5840,0.4573,0.0437,0.5092,0.0001,-0.0048,1.7358,8.1810,0.0598,0.0970,0.4692
0.5076,9.4643,0.5722,-0.0184,0.4241,-0.0109,-0.3855,1.6879,8.3246,0.0549,0.1478,0.3816
0.3543,9.5409,0.9720,0.1539,0.2710,-0.0285,-0.4022,1.7861,8.6311,0.2192,-0.0432,0.2958
0.2634,9.3613,0.5674,0.2241,0.3396,-0.0927,-0.4693,2.2410,7.8506,0.3090,-0.0525,0.2581
-0.0359,9.2799,0.1460,0.1352,0.3664,-0.0633,-0.4405,2.4110,7.2927,0.1836,0.0280,0.2844
-0.2322,9.2608,0.4166,0.0032,0.2482,0.0000,-0.7853,2.3774,7.6016,0.0325,0.0404,0.2205
-0.1915,9.2560,0.3352,0.0448,0.2357,0.0341,-0.6201,2.4852,7.7165,0.0412,-0.0416,0.2392
-0.0670,9.2033,0.0766,0.0352,0.1941,0.0648,-0.5483,2.5450,7.5082,0.0211,-0.0440,0.2120
-0.0886,9.2512,-0.1724,0.0035,0.1533,0.1006,-0.2418,2.7294,7.4029,-0.0489,-0.0597,0.1837
0.2682,9.3805,-0.4142,-0.1051,0.1075,0.1211,0.3472,2.6647,7.4843,-0.1370,-0.0690,0.1607
0.5291,9.3254,-0.2634,-0.1587,-0.0207,0.1098,0.4453,2.3750,7.7189,-0.2124,-0.0139,-0.0021
0.4286,9.5385,0.2610,-0.1965,-0.0917,0.0622,-0.0982,2.2601,8.0709,-0.1871,0.0484,-0.0630
0.4860,9.4858,0.0599,-0.1855,-0.1246,0.0161,-0.2274,2.2338,8.3318,-0.1744,0.0686,-0.0977
0.1628,9.3709,0.3041,-0.1708,-0.1187,-0.0149,-0.3639,2.3128,7.6327,-0.1356,0.0272,-0.1418
0.1221,9.3470,0.5866,-0.2197,-0.1163,-0.0151,-0.5578,2.1572,7.9296,-0.1711,0.0522,-0.1451
-0.1125,9.3039,0.6225,-0.1989,-0.1556,0.0237,-0.8404,2.1404,7.6136,-0.1919,0.0216,-0.1573
0.2131,9.3877,0.4645,-0.3070,-0.1430,0.0822,-1.1851,1.7909,7.8075,-0.2986,0.0518,-0.0633
0.9074,9.3350,1.5945,-0.4655,0.1083,-0.0244,-0.9385,1.1947,8.7604,-0.3114,0.3916,0.0558
0.4597,9.6917,2.2625,-0.2872,0.0396,-0.0691,-1.4269,1.1085,9.0237,-0.1777,0.2022,-0.0340
0.2131,9.4020,1.8004,-0.0217,-0.1031,-0.0236,-1.3575,1.4485,8.6263,-0.0072,-0.0847,-0.1058
0.1604,9.2440,0.8140,0.0628,-0.1230,0.0400,-1.1564,1.8076,7.8243,0.0020,-0.1318,-0.0460
0.1149,9.2799,0.1748,-0.0369,-0.0121,0.0357,-0.5243,2.2889,7.4268,-0.0657,-0.0545,-0.0052
0.0359,9.1147,0.1844,-0.0753,-0.0226,0.0486,-0.7949,2.2386,7.7165,-0.0834,-0.0341,0.0434
0.2993,9.3422,-0.0335,-0.1078,-0.0334,0.0823,-0.1772,2.3272,7.4675,-0.1531,-0.0633,0.0032
0.5770,9.4619,0.3926,-0.2605,-0.1167,0.0974,0.1269,2.0063,7.7309,-0.3091,0.0352,-0.1092
1.0367,9.7468,0.6895,-0.2522,-0.1749,0.1408,-0.3256,1.5634,9.1291,-0.2890,-0.0354,-0.0330
1.6233,9.7803,1.0223,-0.1969,-0.1280,-0.0742,0.5148,1.1420,9.1770,-0.0508,0.0765,-0.1820
1.2378,9.7516,1.8220,-0.2218,-0.2338,-0.2296,-0.1173,0.9313,8.9926,0.0169,0.1657,-0.3469
0.7829,9.2632,2.4708,-0.0111,-0.4367,-0.2867,-1.6735,0.7925,9.1099,0.1807,0.0185,-0.5103
-0.2801,9.0692,1.4653,0.2196,-0.3749,-0.2731,-1.8340,1.7238,7.7165,0.3543,-0.2422,-0.3930
-0.7590,8.8562,0.6967,0.1107,-0.2923,-0.2049,-1.7597,2.2266,7.1682,0.2252,-0.1096,-0.2979
-1.0822,8.8155,0.6895,0.1640,-0.2669,-0.0614,-1.5083,2.5881,6.6080,0.1482,-0.2386,-0.2719
-0.3663,9.0716,0.0934,-0.0432,-0.3215,0.1005,-1.3671,2.2434,7.2880,-0.1691,-0.1696,-0.1547
0.3136,9.2488,0.7661,-0.0641,-0.0899,0.1029,-0.6105,1.7669,8.0158,-0.1010,-0.1440,-0.0089
0.9553,9.6702,0.6249,-0.1728,-0.1191,0.0929,-0.1365,1.6113,8.3845,-0.2454,-0.0751,-0.0597
1.0008,9.4284,1.6544,-0.1982,-0.1038,-0.0104,-0.4980,1.0918,8.9447,-0.1458,0.1184,-0.1259
0.0551,9.4810,1.9800,-0.0703,-0.2194,-0.0229,-1.8555,1.3336,8.6119,-0.0937,-0.0723,-0.1933
-0.2394,9.0692,1.7645,0.1143,-0.1454,0.0317,-2.0159,1.6664,8.1786,0.1155,-0.2826,-0.0878
-2.1596,8.7700,-0.1844,0.2004,-0.0296,0.0866,-0.6273,3.0358,6.7540,0.0893,-0.4066,-0.0148
-0.8571,8.6359,-1.7980,0.1002,-0.3234,0.2666,0.9744,3.5578,5.8395,-0.0699,-0.5660,-0.1227
-0.3232,8.7819,-1.0750,-0.2378,-0.5075,0.3588,0.1628,3.0430,6.1531,-0.4650,-0.2054,-0.3413
0.3855,9.0237,-0.1484,-0.2350,-0.5249,0.4539,-0.0024,2.0830,7.6591,-0.5508,-0.4350,-0.2844
1.4341,9.3781,0.4453,-0.2289,-0.4656,0.4595,0.6632,1.3982,8.0158,-0.4719,-0.3918,-0.3158
2.7749,9.7923,0.9074,-0.3745,-0.5472,0.5136,1.2977,0.3232,9.6103,-0.6989,-0.4591,-0.2765
3.1149,10.2256,2.7988,-0.0953,-0.7111,0.2573,1.4581,-0.4573,10.5752,-0.2542,-0.3643,-0.6905
2.9377,10.0485,1.8196,0.2314,-1.1249,0.2778,0.6057,-0.1724,10.0580,-0.1069,-0.8973,-0.9106
2.6336,9.4667,0.7183,0.1436,-0.6771,0.0446,-0.0335,0.2346,8.9639,0.1006,-0.4238,-0.5352
2.1284,9.2895,0.1963,-0.0059,-0.2995,-0.0730,0.3711,0.8595,8.0589,0.0258,-0.0957,-0.3325
1.9034,9.2991,-0.0263,-0.2602,0.0457,-0.1584,-0.2274,0.9170,8.2169,-0.0798,0.2900,0.0237
1.4485,9.0477,0.8428,-0.3572,0.2621,-0.2156,-0.0862,0.9385,8.2169,-0.0693,0.4887,0.0909
0.8978,9.2799,1.2665,-0.2301,0.1334,-0.1423,-0.2274,1.2426,8.0254,-0.0608,0.2334,0.0116
0.9170,9.0214,0.6321,-0.1962,0.0582,-0.0789,-0.2753,1.3815,7.8123,-0.0613,0.1043,-0.0280
0.9290,9.0429,0.6728,-0.2362,0.0935,-0.0217,-0.3807,1.3384,7.5346,-0.1564,0.1673,0.0556
0.7901,9.1028,0.6823,-0.3383,0.1711,0.0368,-0.7709,1.2163,7.6974,-0.2705,0.2381,0.1043
0.8787,8.8011,1.3168,-0.4390,0.3504,0.0769,-0.6105,0.8906,7.5705,-0.3349,0.3404,0.2534
0.7183,8.9711,1.8794,-0.4666,0.3111,0.1793,-1.1708,0.6943,7.8314,-0.4684,0.2621,0.2975
0.7422,9.3374,2.4469,-0.3416,0.3373,0.3122,-1.8699,0.3831,9.1075,-0.4351,0.1175,0.4066
1.7526,9.1913,2.1620,-0.0594,0.4337,0.2414,-0.3519,0.1820,9.2967,-0.1007,-0.0849,0.5300
1.6376,9.1291,1.2665,0.0514,0.2637,0.2382,0.3208,0.6823,7.9272,-0.1215,-0.1454,0.3359
1.7071,9.0094,0.8428,-0.0302,0.1843,0.2477,-0.0479,0.5890,8.1906,-0.1608,-0.1227,0.3283
1.9225,9.0908,1.0463,-0.0915,0.3131,0.2180,0.3998,0.5722,8.2648,-0.1652,-0.0048,0.3605
1.8028,9.1075,1.2043,-0.1034,0.1839,0.2257,0.1580,0.5459,8.3055,-0.1591,-0.0416,0.2707
1.9489,8.9974,1.3815,-0.0773,0.2021,0.2106,0.0455,0.4908,8.2025,-0.1565,-0.0336,0.2178
1.6759,9.0980,1.2977,-0.1007,0.1700,0.2344,0.0168,0.5124,7.9775,-0.2233,-0.0714,0.2134
1.7645,9.0525,1.5874,-0.1456,0.1833,0.2411,-0.3208,0.2179,8.5138,-0.2377,-0.0657,0.2657
2.0231,9.0812,1.5060,-0.0147,0.1124,0.2546,0.4190,0.2322,8.0038,-0.2050,-0.1645,0.1949
2.1189,9.0453,1.5012,-0.1088,0.1055,0.2566,-0.1867,0.1197,8.4300,-0.2710,-0.0602,0.1841
2.5594,8.9519,1.3048,-0.1382,0.1921,0.2880,0.9481,0.1891,8.0517,-0.3822,-0.0766,0.2642
3.0382,8.9639,0.9218,-0.2286,0.1976,0.1675,0.9266,0.0000,8.8873,-0.2683,0.0811,0.2888
2.2505,8.8705,0.3735,-0.4490,0.3906,0.1282,0.9816,0.3376,7.1970,-0.4831,0.3585,0.2289
2.1452,8.8992,1.2881,-0.8974,0.4875,0.1737,-0.6416,-0.5794,8.9663,-0.8408,0.6893,0.3499
2.3990,9.1387,3.3351,-0.6271,0.7156,0.1078,-0.9720,-1.2282,9.7229,-0.5927,0.5650,0.5588
2.3679,9.0956,3.4860,-0.2868,0.5297,0.0397,-0.2442,-1.1803,9.2991,-0.2457,0.2976,0.3645
2.0351,8.9352,2.8084,-0.1438,0.3211,0.0366,-0.5435,-0.7063,8.7867,-0.1727,0.1311,0.1557
2.1308,8.7724,2.4110,-0.0718,0.4149,-0.0035,-0.2274,-0.5100,8.8394,-0.0314,0.0305,0.1966
2.0016,8.7412,1.9537,-0.0105,0.3271,-0.0199,0.6560,-0.0048,7.7859,0.0354,0.0029,0.0905
2.0734,8.6503,1.3408,-0.1419,0.2002,0.0097,0.4477,0.0670,7.6758,-0.1467,-0.0011,0.1195
2.0901,8.8394,1.5012,-0.1567,0.3238,-0.0510,-0.2610,-0.1125,8.3246,-0.0392,0.2525,0.3023
2.0925,8.6694,1.0942,-0.3592,0.4594,-0.1170,0.0742,-0.1173,7.7021,-0.1629,0.4786,0.3252
1.6616,8.6933,2.3798,-0.3826,0.2717,-0.0818,-0.3041,-0.3136,8.0493,-0.2086,0.4744,0.1428
1.7573,8.6694,2.4588,-0.3403,0.1398,-0.1242,-1.0774,-0.6656,8.5641,-0.2193,0.3337,0.0782
1.0822,8.5976,3.2346,-0.2134,0.1418,-0.0926,-1.4796,-0.6273,8.5401,-0.0513,0.2667,0.0718
1.1061,8.5760,3.2226,-0.0779,-0.0025,-0.0437,-1.4222,-0.7111,8.4084,-0.0257,0.0220,-0.1001
1.2402,8.6024,2.9951,0.0981,-0.1825,0.0127,-1.3982,-0.5650,8.3629,0.1395,-0.2451,-0.0831
1.7741,8.6119,2.3583,0.1240,-0.1500,0.0141,-0.6009,-0.4501,8.1810,0.0785,-0.2591,-0.1146
1.6855,8.6359,2.0590,0.0490,-0.1865,-0.0060,-0.4214,-0.3352,8.1139,0.0506,-0.1346,-0.1416
1.8818,8.6814,1.7238,0.0910,-0.2032,-0.0151,-0.4214,-0.3400,8.0996,0.0336,-0.1617,-0.1667
1.9992,8.7436,1.3623,-0.1210,-0.1434,-0.0534,0.3448,0.0503,7.5872,-0.0516,-0.0221,-0.1572
1.5682,8.6215,1.8603,-0.1949,-0.2687,-0.0187,-0.2897,-0.0144,7.9727,-0.1459,0.0168,-0.2050
2.3655,8.8250,1.6352,-0.1399,-0.3091,-0.0580,0.6560,-0.1437,8.4970,-0.1655,-0.0362,-0.3313
2.6049,9.1387,2.5115,-0.0843,-0.3535,-0.1785,-0.2346,-0.7757,9.7707,0.0863,-0.0088,-0.3782
2.1452,8.9495,2.4684,0.1264,-0.3028,-0.3000,-0.4860,-0.6632,8.6574,0.2734,-0.0345,-0.4818
2.2051,8.6670,2.3487,-0.0017,-0.2076,-0.3548,-0.8092,-1.0726,8.4851,0.2622,0.1816,-0.2737
1.8435,8.8945,3.2370,0.0325,-0.1308,-0.4041,-1.9321,-1.2785,9.2823,0.3798,0.2963,-0.2004
1.0056,8.8155,2.9784,0.1288,-0.2946,-0.2142,-1.5682,-0.5938,8.1834,0.3513,-0.1427,-0.2380
0.7685,9.0070,3.4907,0.2260,-0.1428,-0.0073,-3.1149,-0.2370,8.4204,0.3653,-0.1311,0.0384
1.5826,8.4779,3.3303,0.9378,0.3115,0.0939,-1.3096,-0.3998,9.3326,0.6089,-0.7667,0.5136
1.9896,8.8131,1.2354,0.7477,0.6452,-0.3543,-0.4214,-0.0862,8.8083,0.9482,-0.2070,0.0144
-0.3472,8.9591,1.9345,0.6283,0.3495,-0.0545,-1.8866,0.8499,7.2185,0.8312,-0.2238,0.0675
1.1947,8.7364,0.7518,0.5705,-0.1478,0.0761,-0.2011,0.7925,7.0868,0.4185,-0.7759,0.1689
1.0726,9.0908,1.3168,0.2312,-0.0288,0.0951,0.1844,1.0678,7.2305,0.0099,-0.1324,0.0153
1.1947,8.8538,1.4317,-0.0652,-0.2626,0.1619,-0.8140,0.6153,8.1786,-0.2002,-0.1170,0.0589
1.4916,9.3039,2.1428,-0.0354,-0.0165,0.0513,-2.4325,-0.1748,10.2975,0.0714,0.1402,0.4247
0.5243,9.2656,2.2218,0.3734,0.1272,0.1140,-3.2465,0.4094,9.2440,0.5424,-0.0087,1.0672
1.1684,9.1147,1.1157,0.5577,0.2674,0.2022,1.5682,1.5538,6.8522,-0.0345,-0.6261,0.4719
1.6137,9.3063,1.4964,0.0943,-0.0096,0.0729,-0.2083,0.7230,8.5569,0.0644,-0.0374,0.3351
1.8651,9.4212,1.6807,0.3934,0.1178,0.1170,0.7039,0.8739,8.7676,0.2619,-0.5741,0.2114
1.7549,9.3470,0.5100,0.4222,-0.0785,0.1617,1.0558,1.1540,8.7173,0.2834,-0.4746,0.0281
1.9656,8.9543,-0.3400,0.4623,-0.0224,0.0361,1.1468,1.5586,7.5465,0.4321,-0.5534,-0.0016
1.4557,9.2488,-0.6776,0.2547,-0.0290,0.0682,1.2306,1.9201,7.6255,0.1077,-0.1892,-0.0461
1.9585,8.9112,-0.8068,0.2000,-0.1164,0.0594,2.1476,1.9082,7.2999,0.0862,-0.3600,-0.1220
1.8316,9.0573,-0.6273,0.0882,-0.2049,0.0354,1.6879,2.1787,7.0509,0.1002,-0.2053,-0.1203
1.6879,9.0644,-1.1372,-0.0357,-0.2282,0.0733,1.6233,2.1548,7.4196,-0.0777,-0.2044,-0.2923
1.3934,8.8418,-0.9936,-0.1568,-0.2182,0.1180,1.4389,2.4732,6.5864,0.0205,-0.1054,-0.2125
1.1301,8.8490,-0.8475,-0.4860,-0.1939,0.2220,0.9864,2.1476,6.6511,-0.5136,-0.0011,-0.1904
1.4964,8.7628,-0.9553,-0.5562,-0.3155,0.3186,1.6041,2.1428,6.4117,-0.6229,-0.0870,-0.2797
1.7789,8.9232,-0.3112,-0.7438,-0.3277,0.3423,0.9050,1.6712,7.3287,-0.8875,0.1687,-0.3433
2.1356,9.0956,0.7278,-0.5095,-0.4314,0.4968,0.6273,0.7542,8.7963,-0.6566,-0.3003,-0.2613
2.9305,9.3709,0.5770,-0.2658,-0.5509,0.6360,2.1644,0.7829,7.7572,-0.6963,-0.6807,-0.3204
4.1108,9.1961,0.5746,-0.3780,-0.8472,0.6029,2.9449,-0.0886,8.9184,-0.7388,-0.5921,-0.5718
4.0821,9.1075,0.8930,-0.4866,-0.6783,0.4135,1.5443,-0.5555,9.0812,-0.6829,-0.2149,-0.5465
4.0055,8.9543,1.5538,-0.6189,-0.4405,0.1843,1.1588,-1.0870,9.8402,-0.5785,0.1038,-0.3810
3.4022,9.2680,2.1644,-0.4951,-0.1692,0.0180,0.7781,-0.7398,9.2536,-0.4110,0.2394,-0.3160
3.2992,9.6558,3.2274,-0.4970,-0.3313,0.0434,-0.2514,-1.3623,10.5249,-0.4064,0.1031,-0.2874
3.2777,9.2656,3.0502,-0.1283,-0.1408,0.0293,-0.0599,-1.0654,9.7468,-0.0489,-0.0737,-0.0990
3.4333,9.3063,2.0159,0.0051,-0.0242,-0.0525,0.6416,-0.6871,8.9998,0.0440,-0.0289,-0.0317
3.4860,9.0980,1.8316,-0.0354,-0.0123,-0.0628,-0.0192,-0.9625,9.6127,0.0292,0.0947,0.0620
3.2082,9.0525,1.4126,0.0313,0.2778,-0.1649,0.2538,-0.6560,8.8969,0.2026,0.1300,0.2425
2.9640,9.0118,1.6113,0.0687,0.4076,-0.2128,0.8260,-0.1939,8.2576,0.1801,0.2160,0.2378
2.6528,8.9112,1.3120,-0.0040,0.3601,-0.1779,0.4860,0.0144,8.2145,0.1748,0.2361,0.2477
1.8890,9.0190,2.0853,-0.0019,0.4856,-0.0073,-0.9290,0.1030,8.6646,0.0831,0.2060,0.4847
2.1404,8.7843,1.8555,0.4045,0.7136,0.0033,-0.2586,0.1556,8.2145,0.3551,0.0117,0.6797
2.1356,9.0190,0.8092,0.2906,0.6006,0.1857,1.0774,0.6225,7.3167,0.0377,-0.1330,0.6443
3.0718,8.7747,0.9194,0.1803,0.4117,0.2457,1.7095,-0.0239,8.4372,-0.0625,-0.2036,0.4026
4.1324,9.2416,0.7135,0.3094,0.5369,0.0874,2.2505,-0.2538,8.7652,0.2506,-0.1680,0.6444
3.9887,9.5122,0.3160,0.3372,0.4792,0.0747,2.5953,0.1628,8.7843,0.1557,-0.0256,0.4606
4.4867,9.0956,-0.3448,0.2193,0.6049,-0.0870,3.4381,0.0311,8.9783,0.4858,-0.1143,0.5917
3.7637,9.3063,-0.1891,0.1278,0.5710,-0.2723,2.8802,0.4094,9.2632,0.6912,0.1645,0.3873
3.2106,8.8562,-0.6249,0.6328,0.1643,-0.4498,3.2394,1.4581,7.7069,0.9072,-0.0497,0.1601
2.0901,8.8969,-1.2426,0.3592,0.0254,-0.4894,2.6432,2.1668,6.4739,0.5943,0.1426,-0.1661
1.3024,8.5258,-1.1492,-0.0348,-0.2647,-0.3667,1.1253,2.3463,6.3207,0.4361,0.1640,-0.3118
0.5076,8.3294,-1.6903,-0.1940,0.1585,-0.1003,-0.1389,2.8683,4.8794,0.1864,0.2431,0.0312
1.1803,8.5329,-1.0558,-0.5701,0.4317,-0.0544,0.4166,2.1811,6.2584,-0.5101,0.8123,0.1844
2.3822,8.6503,1.1564,-0.7597,0.3667,-0.2675,0.7398,1.1349,8.7580,-0.3477,0.8311,0.1848
1.2977,9.9383,1.6568,-0.7052,0.5345,-0.2477,-0.5698,1.1061,7.9607,-0.4591,0.8755,0.1608
3.1029,9.6654,2.4349,-0.6825,0.2475,-0.1920,1.0247,-0.2107,11.4251,-0.3932,0.4202,0.1480
0.5938,9.9120,2.9784,0.0052,0.1320,-0.1466,-1.1779,0.7135,8.3629,0.2048,0.6083,-0.0767
2.5570,9.4116,1.3527,-0.0362,-0.4587,0.1170,-0.0431,0.3519,9.2368,-0.1459,-0.9749,-0.1764
2.1596,9.0549,0.6249,-0.2670,0.1721,-0.0801,0.0120,0.4908,8.8945,0.1322,0.3910,0.1023
1.6616,9.0644,2.4804,0.0711,0.3836,-0.4233,0.2035,1.0151,8.3366,0.1592,0.5417,-0.0424
0.7997,8.9016,1.5730,0.0510,0.0624,-0.2843,-0.7374,1.4772,7.5010,0.1893,0.0946,-0.1470
0.7015,8.8155,0.7135,-0.0991,0.1498,-0.1636,-1.0678,1.8148,7.3717,0.1021,0.0946,0.0950
0.2514,8.9615,1.0175,-0.0290,0.3624,-0.1803,-1.0223,1.8771,7.5824,0.0673,0.4695,0.2262
0.1030,8.9735,0.6488,-0.0777,0.1783,0.0099,-0.5962,2.1428,7.2065,-0.0550,-0.0156,0.1238
1.1971,9.0884,0.7925,-0.2999,0.1298,0.1848,-0.2203,1.5371,7.9727,-0.0554,0.0350,0.0558
1.0463,9.2296,1.8842,-0.0171,0.0580,0.0610,-0.5435,1.5586,8.0876,0.0005,0.0117,-0.0416
1.1899,9.4308,1.5347,0.0746,-0.2835,0.1752,-0.0790,1.6855,8.1930,-0.1131,-0.4883,-0.1376
1.8100,9.4403,1.3240,0.0438,-0.5533,0.2826,0.5555,1.2953,8.4683,-0.1936,-0.6159,-0.3331
2.3056,9.5529,1.8244,0.0458,-0.4844,0.2578,0.0168,0.6680,8.8969,-0.1609,-0.4182,-0.2030
2.8180,9.6678,2.4541,0.3697,-0.6109,0.1428,1.2617,0.5028,9.6774,0.0638,-0.6370,-0.4283
2.1548,9.5241,1.2306,0.5073,-0.9098,0.2281,2.2098,1.5251,8.1116,0.1077,-1.2024,-0.8392
2.1596,9.0261,0.5124,0.3199,-1.1879,0.2501,-0.3519,0.8236,8.9016,0.1005,-0.7893,-0.9651
1.9297,8.9783,0.9864,0.5721,-1.2316,0.1487,1.0391,1.5754,8.0086,0.2348,-1.0349,-0.9509
1.7406,9.0525,-0.6321,0.5710,-1.3306,0.3055,1.4916,2.2386,6.3279,0.1151,-1.4116,-0.9118
2.8850,8.8753,-0.4501,0.1600,-1.2752,0.2831,1.5490,1.2737,8.7700,-0.1120,-0.8661,-0.7413
2.9377,9.2105,-0.0838,0.2882,-0.9831,-0.0338,1.1588,1.3671,8.8131,0.2546,-0.5704,-0.7975
2.1213,9.4140,-0.7207,0.3449,-0.8207,0.0580,2.4612,2.2218,7.4364,0.2240,-0.8246,-0.7618
2.3487,8.7891,-1.3455,0.1982,-1.1867,0.0510,2.9688,2.3128,6.9025,0.1379,-0.8156,-0.9681
2.5283,9.2129,-1.1349,-0.1705,-1.2279,0.0160,3.3136,2.0470,7.6686,-0.1322,-0.6308,-1.3243
2.5618,8.9447,-0.5770,-0.3778,-2.2823,-0.1763,4.2353,2.0016,7.8913,0.1002,-1.1985,-2.1945
3.1915,8.8274,-0.7254,-0.2658,-2.1334,-0.2212,-1.2234,1.6855,7.6399,0.1308,-0.6364,-1.7114
1.9082,8.9974,-0.3735,0.0753,-0.6299,-0.0889,-0.1724,1.9848,7.5106,-0.0060,-0.3529,-0.6912
3.0143,9.2488,-1.4964,-0.0412,-0.1368,0.0100,1.4389,1.9393,8.4300,0.0258,-0.3531,-0.1282
3.7804,9.4308,-0.6081,0.1466,0.1917,-0.0542,3.1939,2.2673,8.3438,0.1323,-0.0564,0.1883
3.5051,9.5912,-1.9225,0.3516,0.2445,-0.0638,3.7876,3.0263,7.1970,0.3231,-0.0991,0.3790
3.1963,9.5361,-2.5139,-0.0306,0.2619,-0.2162,4.1228,3.1316,6.9647,0.1222,0.3183,0.1251
2.8563,9.4475,-1.4269,-0.0613,0.2593,-0.2719,2.8323,2.8132,7.6854,0.1432,0.3287,0.1066
2.2003,9.4906,-1.8651,-0.0802,0.4143,-0.1535,1.9130,2.8706,7.4412,0.1248,0.3166,0.3337
2.8323,9.2105,-1.2857,-0.0735,0.4150,-0.2129,3.6392,2.9401,7.1946,0.1132,0.3428,0.2439
2.1284,9.3326,-1.7573,-0.1423,0.2168,-0.1182,2.1763,3.0430,6.7971,-0.0621,0.2224,0.1239
2.2242,9.3398,-1.7789,-0.3563,0.4092,0.0001,2.0111,2.8252,7.3550,-0.1426,0.2753,0.3198
2.4205,9.4284,-0.5459,-0.0930,0.4747,-0.0508,2.4732,2.4493,7.9464,0.0554,0.2891,0.4222
2.5450,9.5385,-0.9864,0.0181,0.3536,-0.0582,2.6456,2.6169,7.6902,0.0610,0.2021,0.2737
2.3990,9.3494,-1.0726,-0.0750,0.0979,-0.0413,2.4995,2.7677,7.5322,-0.0039,0.0775,0.0433
2.5235,9.3446,-1.3288,-0.0256,0.1150,-0.0083,2.3463,3.0454,7.2089,0.0139,-0.0644,0.2341
2.4924,9.5361,-1.3503,-0.0400,0.1376,0.0012,2.6576,2.8850,7.8219,-0.0241,0.0104,0.1751
2.3631,9.4116,-1.2570,0.0336,0.0634,0.0008,2.8276,2.8659,7.2329,0.0246,-0.0163,0.0334
2.5450,9.4164,-1.4413,-0.0644,-0.0707,0.0438,2.9137,2.8371,7.3717,-0.1059,-0.0577,0.0260
2.8323,9.3829,-1.1277,-0.0829,-0.0297,0.0280,2.6863,2.3966,8.1882,-0.0557,-0.0125,0.0143
2.5115,9.5002,-1.4533,0.0157,0.0923,0.0171,2.4636,2.6815,7.5106,-0.0151,0.0075,0.0801
2.4181,9.5146,-1.6688,-0.1471,0.1098,0.0811,1.8531,2.6887,7.1706,-0.1162,0.0398,0.3687
2.3224,9.2296,-0.8116,-0.2188,0.1398,0.0891,3.1556,2.5786,7.9942,-0.0354,-0.0049,0.7124
2.4301,9.2751,-1.0319,0.0469,0.1519,0.0438,2.6983,2.6528,7.2832,0.0863,0.0242,0.2707
2.6983,9.2536,-2.0207,0.0187,-0.0167,0.1533,3.1603,2.8036,7.1970,-0.1037,-0.1869,0.0333
3.1627,9.4284,-1.8747,-0.1015,-0.0755,0.1042,3.4620,2.7390,7.6902,-0.0851,-0.0990,0.0310
3.1125,9.2919,-1.6903,-0.0883,0.1416,-0.0314,2.9688,2.5307,7.6471,-0.0714,0.1251,0.0803
2.5929,9.5146,-1.2450,-0.2718,-0.0398,-0.0478,3.2441,2.8012,7.0916,-0.2266,0.1346,-0.1695
2.5857,9.5241,-0.4717,-0.3627,-0.2198,-0.0761,1.9297,2.2194,8.2361,-0.2149,0.1234,-0.1759
2.6001,9.5361,-0.7997,-0.0770,-0.0895,-0.1001,1.8747,2.0470,8.1858,-0.0725,0.0981,-0.1074
2.8946,9.5481,-0.9266,-0.2304,-0.2073,-0.0778,2.9161,2.1763,7.8171,-0.1424,0.0377,-0.2434
3.0311,9.3134,-0.5387,-0.2260,-0.3501,-0.0863,2.2362,1.8196,8.3175,-0.1958,0.0729,-0.2892
2.8587,9.5960,-0.7159,0.2120,-0.0885,-0.3074,2.2146,1.9537,8.5617,-0.0701,0.1320,-0.2265
2.7557,9.4739,-1.1827,-0.0381,-0.0719,-0.2798,2.3750,2.1691,7.7237,-0.0274,0.1541,-0.1849
2.6169,9.5337,-0.5866,-0.2431,-0.1476,-0.2565,1.9680,2.1787,8.1858,-0.0600,0.2012,-0.1760
2.3918,9.4763,-0.5483,0.0424,-0.1130,-0.2734,1.8268,2.3200,8.4228,0.1965,0.0386,-0.1435
2.0423,9.5050,-1.5706,0.0204,-0.1701,-0.2378,2.5522,2.7174,7.1802,0.0919,0.0326,-0.2348
2.1596,9.4451,-1.0798,-0.1596,-0.2066,-0.2050,1.4317,2.4469,8.2384,0.0437,0.1176,-0.1663
2.4828,9.4882,-1.0918,-0.0123,-0.0269,-0.2887,2.1356,2.4780,7.8410,0.1819,0.1408,-0.1476
1.7765,9.4619,-1.3240,-0.0993,-0.0453,-0.2547,1.6855,2.8395,7.4555,0.1146,0.1996,-0.1451
1.7310,9.4188,-1.0367,-0.0620,0.0428,-0.1905,1.3791,2.8587,7.8626,0.1047,0.1813,0.0161
1.7693,9.6414,-1.1109,0.1803,0.3436,-0.2229,1.3575,2.9544,8.1331,0.2112,0.2655,0.2044
1.8364,9.5672,-1.7286,0.2851,0.2142,-0.1436,2.3439,3.0287,7.7021,0.3788,0.0125,0.3718
2.3128,9.5529,-1.7478,0.1779,0.2726,-0.1491,2.7438,2.9568,7.4172,0.2006,0.2009,0.2569
2.6169,9.6247,-1.5155,0.1763,0.3353,-0.2124,2.4972,2.7294,8.4204,0.2638,0.1728,0.3162
2.4469,9.1889,-1.8603,0.1756,0.5047,-0.3324,2.3200,2.8659,6.9935,0.4183,0.3396,0.3472
1.6209,9.0357,-2.6671,-0.4278,0.6239,-0.4510,1.8364,3.2920,5.8945,-0.0655,0.9049,0.2710
1.2139,9.4882,0.4214,-0.7553,0.4353,-0.5160,1.3408,2.3224,9.3541,-0.2471,1.1279,0.0117
1.2282,10.0030,0.8499,-0.2698,0.4313,-0.7305,0.4022,2.5929,9.5361,0.3150,0.6893,-0.0767
0.5052,9.9383,-0.8045,-0.1154,0.4305,-0.7795,0.4621,3.4117,7.9511,0.4727,0.7372,-0.0754
-0.3591,9.4044,-1.0726,-0.2569,0.2304,-0.6783,0.1460,3.9025,6.5122,0.3311,0.6482,-0.1803
-1.1013,9.1746,-1.2234,-0.3770,0.2626,-0.5167,-1.4796,4.0223,6.2441,0.1815,0.6634,0.0045
-1.1277,8.9040,-1.1803,-0.2928,0.5031,-0.2466,-1.4078,4.0869,5.9831,-0.0466,0.5275,0.3882
-1.2043,9.1674,-0.5626,-0.3196,0.4791,-0.0549,0.0670,4.1420,6.2273,-0.2162,0.3808,0.3372
-0.9888,9.2296,-0.7422,-0.1921,-0.1358,0.3285,-0.0551,4.2018,6.0190,-0.4135,-0.2984,0.0762
-0.1820,9.3446,-1.2091,-0.1372,-0.1572,0.4191,-0.5195,3.4596,7.7500,-0.4223,-0.1780,0.1589
0.2083,9.8067,-0.5914,-0.0172,-0.1128,0.4836,0.8284,3.6966,7.3478,-0.1869,-0.5052,0.2138
1.1325,10.0030,-0.5938,0.0025,-0.7905,0.7974,1.6376,3.2178,6.9863,-0.4445,-0.9944,0.0642
2.3080,9.6534,-0.4693,0.1984,-1.0236,0.6805,1.6041,2.1069,9.6462,-0.4575,-0.9618,-0.3761
2.4349,9.6845,-1.3096,0.3773,-0.5850,0.4062,1.6089,2.6360,8.6143,0.0144,-0.8567,-0.2665
2.2625,9.5840,-2.5809,0.1140,-0.1783,0.2041,1.9561,3.1436,7.1754,-0.0759,-0.3313,-0.0652
1.8292,9.4763,-1.8387,-0.4061,0.1364,-0.0322,1.8340,3.0598,7.2544,-0.3080,0.3688,0.0049
1.0942,9.5744,-0.3400,-0.3777,0.0057,0.0250,0.8164,2.9425,7.9392,-0.3095,0.1159,-0.0605
0.6871,9.2680,-0.2993,-0.1406,-0.1363,0.1591,-0.1030,2.6887,7.5633,-0.1819,-0.0854,-0.0396
1.3264,9.4954,-1.0008,-0.1889,-0.0237,0.2493,0.6488,2.5762,7.6136,-0.3142,-0.0841,0.0889
1.4916,9.4523,-0.4357,-0.2029,0.0743,0.2198,1.0104,2.1907,8.0254,-0.3271,0.0418,0.0870
1.7597,9.7492,-0.2777,-0.2658,0.1434,0.1844,0.6823,2.0231,8.4084,-0.3365,0.0805,0.1911
2.4277,9.8067,0.4525,-0.2503,0.2606,0.1608,1.3216,1.6879,8.9495,-0.2340,0.0648,0.3108
2.4588,9.7731,0.2155,-0.1442,0.1737,0.1122,1.4916,1.6759,8.8466,-0.1408,0.0077,0.1931
2.3104,9.8976,0.1556,-0.0155,0.1537,0.0329,1.4413,1.8459,8.9591,0.0131,0.0225,0.1456
2.2482,9.6654,-0.3974,0.0361,0.1908,-0.0689,1.4126,2.0758,8.4228,0.1131,0.0674,0.1435
1.8004,9.6295,-0.6393,0.0001,0.3186,-0.1414,0.8571,2.2841,8.2504,0.1318,0.2010,0.2747
1.5012,9.3398,-0.2466,0.0276,0.3343,-0.1359,1.0989,2.4277,7.9631,0.1951,0.1760,0.2880
0.9337,9.3374,-0.6967,0.0588,0.2670,-0.0445,0.8212,2.9018,7.3071,0.1176,0.0353,0.2214
0.8835,9.1602,-1.1349,0.0633,0.2721,0.0278,0.8906,2.9736,7.0318,0.0751,-0.0470,0.2395
0.9313,9.3039,-1.2450,0.0661,0.2898,0.0695,1.1229,2.9999,7.0725,-0.0139,-0.0053,0.2979
1.2139,9.3613,-1.1684,-0.0212,0.2527,0.1334,1.4820,3.0526,7.1706,-0.1336,-0.0390,0.2891
1.5993,9.5265,-0.9050,-0.0384,0.1767,0.1430,1.6041,2.8323,7.8338,-0.1653,-0.0321,0.2046
1.6161,9.4451,-1.1061,-0.0185,0.1419,0.1761,1.4198,2.6624,7.8171,-0.0905,-0.1244,0.2240
1.7549,9.2703,-1.4724,-0.1366,0.1727,0.2101,1.7430,2.7270,6.9671,-0.2197,-0.0545,0.2397
2.0327,9.2871,-0.8452,-0.2294,0.1672,0.2450,1.6951,2.2745,7.7979,-0.3499,0.0104,0.2453
2.2314,9.4547,-0.4501,-0.1741,0.2190,0.2290,1.5634,2.0782,7.9918,-0.2774,-0.0286,0.2992
2.2218,9.5074,-0.1987,-0.1891,0.2129,0.2405,1.8986,2.0470,8.3510,-0.3985,-0.1379,0.3611
2.1835,9.5481,-0.3376,-0.0829,0.1311,0.2357,1.9345,1.9154,8.5904,-0.1699,-0.1135,0.2589
2.5474,9.5912,-0.6129,-0.1248,0.1994,0.1994,1.7119,1.8794,8.3127,-0.2217,0.0256,0.2393
2.4325,9.5744,0.2322,-0.1487,0.2188,0.1053,1.8028,1.6568,8.6862,-0.1685,0.0718,0.2186
2.2936,9.5481,-0.0622,-0.0434,0.1656,0.0986,1.5395,1.7789,8.5042,-0.0878,-0.0412,0.1687
2.6073,9.4116,-0.3783,0.0111,0.1692,0.0689,1.7454,1.9345,8.0349,-0.0159,-0.0474,0.2126
2.4900,9.3901,-0.6752,-0.0529,0.1131,0.0705,2.0423,2.0039,7.7045,-0.0842,0.0132,0.1455
2.2625,9.4188,-0.8595,-0.1280,0.0616,0.0759,2.0973,2.2410,7.7452,-0.1359,0.0031,0.0632
2.2889,9.4188,-0.6895,-0.0770,0.0400,0.0381,1.7789,1.9920,8.1906,-0.0909,0.0103,0.0867
2.1380,9.4882,-0.8164,0.0268,-0.0990,0.0747,2.1500,2.2194,7.8506,-0.0406,-0.1556,-0.0713
2.2266,9.2440,-1.2546,-0.1416,-0.1869,0.0998,2.0542,2.1883,7.5776,-0.1503,-0.0678,-0.1296
2.2913,9.3374,-0.7518,-0.1815,-0.1116,0.0941,2.0446,2.0518,7.7979,-0.2062,-0.0917,-0.0913
2.7054,9.2320,-0.2658,-0.1763,-0.1506,0.0745,2.0949,1.8938,7.7955,-0.1867,-0.0686,-0.1411
2.5402,9.3589,-0.4094,-0.1665,-0.1681,0.0902,1.9776,1.8962,7.6806,-0.2110,-0.0789,-0.1567
