0.1987,8.4108,2.6360,-0.2697,0.0990,-0.0059,-0.9194,3.2417,7.1395,-0.1565,0.1865,0.0593
0.2993,8.2408,3.0095,-0.2643,0.0278,0.0037,-1.1325,3.0071,7.2975,-0.1768,0.1687,0.0675
0.3855,8.3079,2.9113,-0.2851,0.0850,-0.0837,-1.1851,2.9736,7.3406,-0.1784,0.2601,0.0725
0.3783,8.3151,3.5291,-0.1679,0.0809,-0.0127,-1.2761,2.8084,7.9990,-0.2012,0.1223,0.0769
0.4836,8.2959,3.1029,-0.1160,-0.0092,-0.0073,-1.3216,2.6719,7.6207,-0.0850,0.0358,0.0541
0.2179,8.3701,3.9600,-0.0771,0.0770,-0.0063,-1.1923,2.7270,7.9487,-0.0769,0.0474,0.0993
0.2490,8.5162,3.3806,-0.0111,0.0305,-0.0484,-1.2330,2.9137,7.8961,-0.0433,0.0350,0.0087
0.2658,8.2672,3.1939,0.0779,-0.0537,0.0071,-1.4892,2.8706,7.7740,0.0442,-0.1998,0.0718
0.1484,8.2025,3.4165,0.0974,-0.0112,0.0374,-1.1061,2.8419,7.6303,0.0426,-0.1982,0.1065
-0.0575,8.4491,3.4692,-0.0112,-0.0053,0.0228,-1.2163,2.9784,7.7548,-0.0072,0.0250,0.1031
0.2705,8.4372,3.0215,0.1234,0.0517,0.0492,-0.6536,3.0287,7.6950,0.0801,-0.0857,0.1291
0.0287,8.3438,2.7797,0.0080,-0.0053,0.0845,-1.3695,2.9832,7.1299,-0.0294,-0.0069,0.0334
0.3232,8.2959,2.5331,-0.0433,-0.0072,0.0378,-0.7302,3.0071,7.2185,-0.0265,-0.0320,0.0818
0.5674,8.5449,2.8826,-0.1267,-0.0076,0.0314,-0.9313,2.9473,7.7692,-0.1030,0.0616,0.0384
0.5674,8.5976,2.5450,-0.0488,0.0076,-0.0322,-0.8691,3.1316,7.5010,-0.0216,0.0250,0.0337
0.3687,8.5808,2.8946,-0.1208,-0.0289,-0.0189,-0.9601,3.0430,7.5178,-0.0632,0.0304,-0.0348
0.4286,8.4156,2.6288,-0.1508,0.0230,-0.0697,-0.7853,2.9497,7.3263,-0.0669,0.1236,-0.0809
0.4573,8.3749,3.1675,-0.0152,-0.0572,-0.0334,-1.1971,2.7246,7.8219,0.0023,-0.1498,-0.0129
0.2753,8.6239,2.9521,-0.1094,0.0028,-0.0578,-0.9481,3.1627,7.4340,-0.0285,0.1723,-0.0706
0.0694,8.5066,2.8156,0.0033,-0.0574,-0.0325,-1.2282,3.2058,7.6040,0.0448,-0.1306,0.0040
-0.2298,8.4731,3.0119,-0.0849,0.0389,0.0028,-1.4030,3.1173,7.2568,-0.0604,0.0572,0.0430
0.4932,8.4443,2.6839,-0.1027,0.0193,0.0047,-0.7470,2.9736,7.4579,-0.0906,0.0524,0.0171
0.7518,8.6167,3.1436,-0.0390,-0.0456,-0.0141,-1.0678,2.6504,7.9320,-0.0044,-0.0811,0.0325
0.0120,8.6957,3.3806,-0.1156,-0.0618,-0.0456,-1.9441,3.1005,7.4723,-0.1135,0.1395,-0.0019
0.1891,8.4084,2.2960,-0.0580,0.0569,-0.0625,-0.9074,3.1268,7.1802,-0.0039,0.0572,-0.0161
0.1101,8.4228,2.8635,-0.0893,-0.0541,-0.0121,-1.0965,3.0478,7.3717,-0.0797,-0.0910,-0.0785
0.1676,8.5665,2.9377,-0.0858,-0.0679,0.0015,-1.1396,2.9832,7.6686,-0.0759,-0.0412,-0.0493
0.3759,8.6646,2.6839,-0.0516,-0.0008,-0.0581,-0.6823,3.1292,7.4795,-0.0107,-0.0039,-0.0675
0.1963,8.4827,3.1364,-0.0084,-0.0761,-0.0490,-1.2354,2.9329,7.8482,0.0116,-0.0699,-0.0466
0.1508,8.4060,2.6360,-0.0364,0.0517,-0.0430,-0.7422,3.0358,7.4651,0.0215,0.0099,0.0401
0.1772,8.4803,2.9544,-0.0853,-0.0630,0.0005,-0.8739,2.9880,7.6136,-0.0815,-0.0324,-0.0462
-0.0144,8.7077,3.0335,-0.1299,0.0052,-0.0152,-0.9840,3.2920,7.6160,-0.0823,0.0590,-0.0458
0.3998,8.5353,2.4948,-0.0208,0.0529,-0.0316,-0.6488,3.1101,7.4484,0.0168,-0.0167,0.0112
0.0383,8.5425,3.1963,-0.0689,-0.0641,0.0140,-1.2977,2.9951,7.6638,-0.0769,-0.0663,-0.0208
0.5267,8.5928,2.5857,-0.0474,0.0328,-0.0184,-0.7518,3.0981,7.2999,-0.0063,0.0867,-0.0161
0.2993,8.5832,2.7390,-0.0472,-0.0645,-0.0064,-0.7566,3.2082,7.3598,-0.0364,-0.0977,-0.0512
0.1341,8.4707,2.8276,-0.0838,-0.0341,-0.0288,-0.9625,3.0574,7.6088,-0.0462,0.0301,-0.0212
0.3089,8.4898,2.6695,-0.1110,0.0108,-0.0296,-0.9074,3.1675,7.4148,-0.0798,0.0678,-0.0139
0.3879,8.4755,2.9640,-0.0641,-0.0671,-0.0073,-0.8787,2.9353,7.7740,-0.0405,-0.0990,-0.0277
0.0096,8.5784,3.0215,-0.0825,-0.0469,-0.0230,-1.2881,3.0813,7.7165,-0.0604,0.0336,-0.0217
0.1484,8.5066,2.5139,-0.0536,0.0438,-0.0553,-0.8667,3.1843,7.3765,0.0073,0.0779,-0.0036
0.2274,8.4252,2.6839,-0.0826,-0.0394,-0.0089,-1.0199,3.0981,7.4053,-0.0392,-0.0482,0.0004
0.0718,8.5617,3.1149,-0.1211,-0.0064,-0.0257,-1.2115,3.1699,7.5920,-0.0793,0.0373,-0.0332
0.0287,8.4851,2.8874,-0.1114,0.0043,-0.1061,-1.0965,3.0406,7.7117,-0.0620,-0.0390,-0.0241
-0.1437,8.4204,3.2585,-0.0933,-0.0036,0.0011,-1.3671,3.0526,7.6710,-0.0622,-0.0370,0.0537
0.3256,8.5856,2.4373,-0.1219,0.0738,-0.0362,-0.5578,3.0981,7.3646,-0.0791,0.1184,0.0039
0.4070,8.4084,3.1125,-0.0329,-0.0525,0.0112,-1.0870,2.8108,7.9487,-0.0297,-0.1339,0.0305
-0.0407,8.6024,3.0071,-0.0529,-0.0105,-0.0398,-0.9816,3.1651,7.5274,-0.0216,0.0288,-0.0125
0.2825,8.4779,2.3607,-0.0734,0.0426,-0.0698,-0.6847,3.2082,7.0725,0.0053,0.1071,-0.0226
-0.1293,8.4611,3.0837,-0.0955,-0.0778,-0.0044,-1.3551,2.9832,7.5992,-0.0436,-0.0715,-0.0342
0.1724,8.4922,2.8515,-0.1091,0.0268,-0.0452,-0.8835,3.0765,7.4436,-0.0620,0.1174,-0.0477
0.3160,8.4587,2.8874,-0.0406,-0.0141,-0.0312,-0.8092,3.0718,7.7141,0.0229,-0.0570,0.0095
-0.1700,8.5066,2.9497,-0.1090,-0.0557,-0.0169,-1.2737,3.2058,7.6207,-0.0755,0.0072,-0.0381
-0.1652,8.4420,2.7653,-0.1272,0.0528,-0.0225,-1.1181,3.2298,7.1515,-0.0878,0.1107,-0.0009
0.3472,8.5593,2.8922,-0.0445,-0.0053,-0.0292,-0.7685,2.9688,7.5753,0.0001,-0.0048,-0.0060
-0.0886,8.4635,2.9377,-0.0389,-0.0561,0.0181,-1.0151,3.0670,7.7309,-0.0179,-0.1199,-0.0360
-0.1604,8.5952,2.6719,-0.0937,0.0468,-0.0141,-1.1133,3.2130,7.0892,-0.0476,0.1017,-0.0117
0.3232,8.4060,2.6528,-0.0191,-0.0461,0.0388,-0.8739,2.9329,7.4939,-0.0288,-0.0934,0.0304
0.1006,8.5234,3.1795,-0.1192,-0.0337,-0.0128,-1.2091,2.9975,7.7572,-0.0981,0.0366,-0.0204
0.2777,8.4659,2.5881,-0.0516,0.0272,-0.0432,-0.6416,3.2777,7.4124,0.0085,0.0296,-0.0004
-0.0766,8.4084,2.7581,-0.0723,-0.0183,0.0048,-1.1492,3.0789,7.4148,-0.0590,-0.0369,0.0328
-0.0215,8.5473,3.5338,-0.1647,-0.0464,-0.0153,-1.6209,2.9305,7.8027,-0.1206,0.0901,-0.0337
0.1221,8.6024,3.0454,-0.0454,0.0673,-0.0376,-1.0558,3.1244,7.5968,-0.0093,0.0545,0.0141
0.0694,8.3917,2.5786,0.0309,-0.0281,-0.0072,-0.8667,3.1388,7.5369,0.0236,-0.1279,0.0051
0.0096,8.4779,2.9353,-0.0538,0.0173,-0.0604,-0.9505,3.1508,7.5058,-0.0008,0.0624,0.0101
0.4453,8.4970,2.5187,0.0215,0.0446,-0.0205,-0.5243,2.9808,7.4747,0.0628,-0.0743,0.0761
0.1149,8.6766,2.8706,-0.1424,-0.0040,-0.0498,-0.7901,3.2106,7.2927,-0.0859,0.0621,-0.0626
0.1437,8.5210,2.4277,-0.0665,0.0009,-0.0850,-0.8452,3.2992,7.4603,0.0040,0.0402,-0.0669
-0.1772,8.3653,2.7701,-0.0699,-0.0628,-0.0075,-1.3001,3.2370,7.2832,-0.0485,-0.1026,-0.0151
-0.1891,8.6479,3.2082,-0.1478,-0.0148,-0.0153,-1.4006,3.2106,7.5346,-0.0874,0.0994,-0.0378
0.1844,8.6311,2.7246,-0.0043,-0.0152,0.0099,-0.9553,3.2298,7.6710,0.0065,-0.0914,0.0324
-0.2251,8.5976,2.8826,-0.0675,-0.0442,0.0360,-1.2282,3.2322,7.3981,-0.0934,-0.0540,-0.0127
0.2370,8.3941,2.5019,-0.0276,0.0514,0.0093,-0.7446,3.0861,7.2664,-0.0298,-0.0061,0.0301
0.4549,8.4922,2.7078,-0.0080,-0.0661,0.0490,-0.7757,2.8874,7.8075,-0.0610,-0.1283,0.0277
0.1437,8.6239,2.8204,-0.0959,-0.0061,-0.0274,-0.8140,3.1963,7.4723,-0.0488,0.0671,-0.0421
-0.0168,8.5641,2.3822,-0.0930,0.0461,-0.0449,-0.7925,3.3854,7.1204,-0.0277,0.0614,0.0029
0.2921,8.4420,2.7533,-0.0751,-0.0358,-0.0057,-0.9505,2.8994,7.6734,-0.0602,-0.0644,0.0208
0.1604,8.6215,3.2825,-0.0891,-0.0434,0.0025,-1.3479,2.8946,7.9583,-0.0576,-0.0368,0.0087
-0.1341,8.5688,2.8132,-0.0630,0.0031,-0.0345,-0.9792,3.3136,7.4771,-0.0325,0.0454,-0.0258
0.0311,8.4803,2.8252,-0.0509,-0.0568,0.0041,-1.0534,3.1316,7.5992,-0.0345,-0.0493,0.0020
0.0646,8.5377,2.7845,-0.0717,0.0454,-0.0326,-1.0511,3.1843,7.3502,-0.0332,0.0560,0.0188
0.3400,8.5042,2.7198,-0.0546,-0.0277,-0.0036,-0.8380,3.0502,7.7261,-0.0281,-0.0717,0.0007
-0.0096,8.4922,2.7366,-0.0203,-0.0260,0.0043,-0.9433,3.1556,7.5561,-0.0012,-0.0898,0.0188
0.1963,8.4922,2.6408,-0.0710,-0.0334,0.0059,-0.9553,3.0095,7.6040,-0.0773,-0.0302,0.0151
0.0742,8.5593,3.0598,-0.0569,-0.0497,-0.0063,-1.1540,3.0765,7.7907,-0.0314,-0.0642,0.0011
-0.2083,8.6263,2.8443,-0.0763,-0.0079,-0.0238,-1.1851,3.3591,7.3502,-0.0354,0.0344,-0.0197
-0.0120,8.4396,2.6169,-0.0566,-0.0043,0.0113,-0.9194,3.1101,7.4675,-0.0382,-0.0159,0.0346
0.1963,8.5234,2.9592,-0.0520,-0.0310,0.0304,-0.8930,2.9928,7.5824,-0.0413,-0.0743,0.0304
0.2346,8.5928,3.1101,-0.1037,-0.0092,-0.0234,-1.0175,3.0335,7.7979,-0.0612,0.0536,-0.0253
0.0431,8.5353,2.4038,-0.0060,0.0220,-0.0125,-0.6201,3.3591,7.1682,0.0101,-0.0356,0.0329
-0.1365,8.5281,2.7797,-0.0895,-0.0558,0.0177,-1.1732,3.1220,7.3789,-0.0814,-0.0254,-0.0129
0.2083,8.5784,2.6959,-0.0827,0.0742,-0.0245,-0.7039,3.1388,7.3143,-0.0393,0.0678,0.0297
0.1652,8.6191,2.9880,-0.0108,-0.0721,0.0131,-1.1277,2.9473,7.7835,0.0125,-0.1025,0.0318
0.2897,8.5712,2.7581,0.0216,-0.0024,-0.0501,-0.5387,3.2801,7.6543,0.0923,-0.0081,-0.0373
0.0862,8.5760,2.3224,0.0286,0.0472,-0.0705,-0.4693,3.4572,7.0773,0.0554,-0.0709,-0.0024
-0.3065,8.5784,2.9066,-0.1422,-0.0970,0.0258,-1.3503,3.2298,7.5322,-0.1415,-0.0060,-0.0345
-0.1006,8.6622,2.5450,-0.1304,0.0478,-0.0101,-1.1181,3.2202,7.5154,-0.1123,0.1138,0.0133
0.2610,8.5401,2.7509,-0.0805,-0.0171,0.0137,-0.7111,3.0718,7.5753,-0.0602,-0.0040,-0.0083
0.2658,8.5784,2.8850,-0.0977,-0.0151,-0.0188,-0.9601,3.0694,7.7620,-0.0594,0.0196,-0.0312
-0.0551,8.6646,2.6959,-0.1295,-0.0183,-0.0572,-1.2402,3.2777,7.3861,-0.0723,0.1354,-0.0658
0.1006,8.5018,2.5953,-0.0601,-0.0111,-0.0354,-0.9577,3.1603,7.3287,-0.0276,-0.0092,-0.0104
-0.2634,8.6024,2.7988,-0.1462,-0.0334,-0.0224,-1.4246,3.3112,7.4005,-0.1014,0.0719,-0.0485
0.1149,8.5377,2.9161,-0.0689,-0.0117,0.0052,-0.8691,3.2130,7.6926,-0.0843,-0.0671,-0.0013
-0.0982,8.5856,2.9999,-0.0460,-0.0167,0.0065,-1.0391,3.1053,7.6279,-0.0321,-0.0434,0.0053
-0.0575,8.5736,2.4110,-0.0686,0.0055,-0.0236,-0.9146,3.3375,7.0461,-0.0490,0.0588,0.0021
0.2035,8.5234,2.5307,-0.0573,0.0246,-0.0003,-0.5076,3.2681,7.2880,-0.0392,-0.0212,0.0380
0.3903,8.6455,2.9209,-0.0817,-0.0430,-0.0120,-0.8835,2.9568,7.7141,-0.0520,-0.0330,0.0067
0.2777,8.5281,2.5355,-0.1312,-0.0177,-0.0640,-0.3807,3.2130,7.2377,-0.0558,0.0875,-0.1103
0.1053,8.5042,2.7653,-0.1143,-0.1179,-0.0280,-1.0032,3.1412,7.7788,-0.0751,-0.0689,-0.0634
-0.2155,8.6742,2.8252,-0.1343,0.0457,-0.0746,-1.3240,3.2657,7.4843,-0.0404,0.1751,-0.0129
0.1269,8.5401,2.8539,-0.0613,-0.0617,-0.0277,-0.9792,3.1556,7.4627,-0.0388,-0.0593,-0.0422
-0.1101,8.6383,3.0023,-0.0075,-0.0188,-0.0033,-1.3384,3.2346,7.7883,0.0005,-0.1070,0.0296
-0.0838,8.5138,2.6743,-0.0689,0.0029,0.0039,-1.0678,3.3064,7.3981,-0.0637,0.0498,0.0228
0.2155,8.5473,2.5881,-0.0189,0.0081,0.0061,-0.6440,3.1891,7.4579,0.0113,-0.0589,0.0398
0.1030,8.5377,2.6911,-0.0465,-0.0320,0.0103,-0.7518,3.2513,7.5561,-0.0228,-0.0755,0.0244
0.0694,8.5569,2.6935,-0.0954,-0.0049,-0.0057,-0.7590,3.2298,7.3885,-0.0677,0.0250,-0.0108
0.3280,8.5521,2.4828,-0.0622,-0.0035,-0.0228,-0.5578,3.2082,7.5753,-0.0240,-0.0296,0.0063
-0.1389,8.6143,2.9904,-0.0811,-0.0733,0.0101,-1.2091,3.2130,7.6926,-0.0767,-0.0592,-0.0261
0.0694,8.5832,2.7892,-0.1034,0.0201,-0.0385,-0.9098,3.2082,7.4436,-0.0505,0.0805,-0.0322
0.3017,8.5162,2.7988,-0.0616,-0.0159,-0.0012,-1.0127,2.9904,7.8003,-0.0348,0.0049,0.0132
-0.3160,8.6431,2.9975,-0.0789,-0.0208,-0.0171,-1.5921,3.2489,7.4340,-0.0481,0.0659,-0.0053
0.0431,8.5042,2.4924,-0.0460,0.0181,-0.0111,-0.8068,3.2010,7.3598,-0.0321,0.0180,0.0312
0.2705,8.5066,2.4421,-0.0927,-0.0188,-0.0039,-0.6369,3.0191,7.5824,-0.0456,0.0077,-0.0302
0.1437,8.6072,2.6001,-0.0873,-0.0312,-0.0310,-0.9242,3.2298,7.6255,-0.0494,-0.0044,-0.0316
0.0287,8.5281,2.6025,-0.0971,-0.0064,-0.0509,-0.9242,3.3016,7.4699,-0.0390,0.0328,-0.0301
-0.1389,8.5497,2.4684,-0.1220,-0.0211,-0.0298,-1.1037,3.2537,7.1826,-0.0773,0.0426,-0.0368
0.1101,8.6239,2.8323,-0.1737,-0.0248,-0.0187,-1.0582,3.0239,7.5585,-0.1168,0.0893,-0.0707
0.1221,8.6072,2.7869,-0.1143,-0.0276,-0.0421,-0.8475,3.0622,7.5513,-0.0396,0.0151,-0.0560
-0.0383,8.6335,3.0598,-0.0787,-0.0240,-0.0341,-1.3168,3.1292,7.6926,-0.0418,0.0031,-0.0289
-0.1796,8.5186,2.7869,-0.1103,0.0028,-0.0216,-1.0439,3.1651,7.3167,-0.0576,0.0285,-0.0125
0.2825,8.4731,3.1268,-0.0325,-0.0092,-0.0434,-1.1205,2.8778,7.9727,0.0095,-0.0236,-0.0188
-0.0551,8.5880,2.9640,-0.0213,-0.0169,-0.0441,-1.2163,3.1843,7.4627,0.0156,-0.0436,-0.0091
-0.1341,8.4587,2.5259,-0.1011,0.0215,-0.0496,-0.9313,3.2968,7.2927,-0.0494,0.0518,-0.0280
-0.0622,8.4156,2.7653,-0.1043,-0.0350,0.0157,-1.0582,3.2058,7.2688,-0.0781,-0.0486,0.0360
-0.0144,8.5090,3.1388,-0.2101,-0.0454,0.0248,-1.2282,3.0358,7.7141,-0.1757,0.0682,-0.0199
0.1197,8.5425,3.1292,-0.0701,-0.0193,0.0145,-1.0367,2.9999,8.0685,-0.0452,-0.0153,0.0165
-0.1221,8.5425,2.7749,-0.0188,-0.0128,0.0048,-0.9864,3.1412,7.4699,-0.0008,-0.0634,0.0212
0.3496,8.4779,3.2705,-0.0139,-0.1062,-0.0129,-1.3024,2.7222,7.9511,-0.0244,-0.0997,-0.0294
-0.1772,8.5665,3.0909,-0.0229,0.0075,-0.0581,-1.2617,3.1723,7.4771,0.0294,0.0246,0.0013
-0.2753,8.5258,2.4924,-0.0542,0.0225,-0.0183,-1.2210,3.2872,7.2137,-0.0068,0.0292,0.0633
0.1125,8.4635,2.4924,-0.0675,-0.0274,0.0172,-0.4477,3.1891,7.2592,-0.0489,-0.0409,0.0265
0.1820,8.6263,2.8228,-0.0938,-0.0229,0.0133,-0.9170,3.0861,7.7045,-0.0725,-0.0381,0.0402
0.0718,8.5808,2.7485,-0.1096,-0.0108,-0.0180,-0.9697,3.2034,7.5681,-0.0779,0.0376,-0.0233
-0.0144,8.3821,2.6193,-0.0769,0.0385,-0.0257,-0.7566,3.1867,7.3095,-0.0249,0.0204,0.0229
0.0503,8.5162,2.9544,-0.0866,-0.0212,0.0068,-0.9768,3.0765,7.4651,-0.0632,-0.0099,0.0027
-0.1293,8.6143,3.1196,-0.1123,0.0045,0.0033,-1.2210,3.0957,7.6016,-0.0830,0.0606,0.0176
-0.0838,8.6072,2.7438,-0.0690,0.0358,-0.0264,-0.9505,3.2609,7.4340,-0.0265,0.0428,0.0144
0.0000,8.3917,2.8754,-0.0638,-0.0448,0.0113,-0.9744,3.1388,7.4795,-0.0444,-0.0699,0.0119
-0.2394,8.6646,2.9161,-0.1063,0.0354,-0.0112,-1.2378,3.2968,7.3933,-0.1030,0.1332,0.0021
0.3041,8.5784,2.7869,-0.0513,-0.0634,0.0298,-0.7853,3.0981,7.5920,-0.0918,-0.0641,-0.0029
0.0383,8.6263,3.0789,-0.0512,-0.1244,0.0933,-1.0271,2.9042,7.8985,-0.1331,-0.1364,-0.0111
0.3304,8.4683,2.6240,-0.0609,0.0677,-0.0538,-0.6728,2.9544,7.7309,-0.0008,0.1243,-0.0184
0.1532,8.4013,2.6408,-0.0675,-0.0132,-0.1063,-0.7685,2.9880,7.3694,0.0380,0.0197,-0.0397
-0.4836,8.5521,3.0646,-0.1163,-0.0284,-0.0596,-1.5060,3.1292,7.3646,-0.0541,0.0437,-0.0373
-0.3328,8.6311,3.0837,-0.0901,-0.0481,-0.0452,-1.8268,3.1340,7.7859,-0.0128,0.0556,0.1464
0.0527,8.5665,3.3064,0.0039,-0.1412,0.0674,-1.2258,2.9425,7.8243,-0.0596,-0.1982,0.0304
0.1532,8.4563,2.9616,0.0083,-0.0414,-0.0261,-0.9242,2.7964,7.6806,-0.0075,-0.0398,-0.0107
0.2705,8.4180,2.4349,0.0284,-0.0598,-0.0887,-0.5004,3.1364,7.3454,0.0284,-0.1150,-0.0520
-0.1963,8.5258,2.7725,-0.0661,-0.1808,-0.0763,-1.0678,3.2370,7.6040,-0.0254,-0.0849,-0.1788
-0.3304,8.6143,2.7916,0.0115,-0.0632,-0.0725,-1.4341,3.2058,7.6351,-0.0003,-0.0633,-0.0494
-0.6345,8.7245,2.8395,0.0458,0.1211,-0.0386,-1.4700,3.4046,7.5058,0.0396,0.0408,0.1037
-0.0742,8.6455,3.2992,0.0047,0.1243,-0.0112,-1.2450,3.0119,7.9511,-0.0133,0.1356,0.1809
-0.0503,8.9591,2.9880,0.2619,0.1198,0.0767,-1.0439,3.1603,7.9607,0.0628,-0.1705,0.2313
-0.6536,9.5433,3.2394,0.2819,0.1015,0.1420,-1.3910,3.5219,8.0637,-0.0281,-0.2081,0.2174
-0.5315,9.6414,2.3200,0.4109,0.0919,0.0771,-0.9649,4.0079,7.4531,0.1807,-0.2352,0.2098
0.1772,9.3494,1.2546,0.6530,-0.0961,0.1391,-0.0790,3.7996,7.7165,0.2948,-0.5965,0.1852
-0.6273,9.1674,1.2737,0.6198,0.0437,0.1046,-0.5363,4.2545,7.0126,0.3463,-0.4515,0.2399
-0.5578,8.8274,0.4717,0.5339,0.0745,0.1431,0.2370,4.4341,6.1363,0.2851,-0.4466,0.2631
-0.1748,8.0876,0.2825,0.4507,0.0743,0.2113,0.2969,3.7900,5.6096,0.1732,-0.4155,0.2868
0.0838,7.5058,0.7877,0.1924,0.0862,0.2777,0.1030,2.9904,5.6455,-0.0111,-0.2038,0.3103
4.4772,8.8346,-1.1684,-0.4181,0.2687,0.5774,6.5003,3.3375,11.3054,-0.9495,-1.0247,0.2787
1.0223,9.0429,-0.7039,0.6522,0.6050,0.1013,0.9361,3.5075,6.4548,0.0838,-0.7697,0.2450
1.5131,8.8346,-0.6584,-0.2850,0.1953,-0.0242,2.0063,3.7397,6.1220,-0.2136,0.1528,-0.1608
0.8452,9.4619,0.2610,-0.4186,0.1288,-0.2134,1.3048,4.1324,7.3119,-0.1741,0.3425,-0.2036
0.2418,9.4667,1.7023,-0.2902,0.0536,-0.0570,0.2346,4.0390,7.8051,-0.1256,0.0811,-0.0781
0.3639,9.2033,1.6855,-0.0979,-0.2165,0.3023,0.4669,3.5961,7.4723,-0.2944,-0.3591,0.0381
1.4676,9.2799,1.6735,-0.1819,-0.2589,0.2158,1.1660,3.1316,8.0661,-0.3027,-0.1841,-0.0526
0.8691,9.3470,1.3384,-0.0584,-0.0016,-0.0197,0.8859,3.4069,7.5130,-0.0466,0.0382,-0.0412
1.0894,9.2009,0.6847,-0.0674,-0.0349,-0.1564,1.3216,3.7565,6.7445,-0.0101,0.0769,-0.1957
0.6057,9.2727,1.7190,-0.1527,-0.3551,0.0031,-0.0479,3.3423,7.6782,-0.1498,-0.1787,-0.1961
0.4764,9.4643,1.9561,-0.1238,-0.1524,0.0326,0.0886,3.5482,7.8123,-0.1266,0.0029,-0.1352
0.6943,9.2727,1.5538,0.1700,-0.0485,0.1567,0.1484,3.2633,8.0206,-0.0636,-0.3186,0.0778
1.4844,9.1889,0.7470,0.2136,0.0986,-0.0286,1.6161,3.5075,7.6351,0.2113,-0.1661,0.1081
1.1684,9.1722,0.4788,0.1815,0.0430,0.0035,1.6376,3.6655,7.1275,0.1231,-0.1800,0.0233
1.6855,9.2799,-0.1604,0.1104,0.0530,-0.0418,2.3990,3.7613,7.1539,0.1254,-0.0670,0.0144
1.3240,9.2751,0.1939,0.0734,-0.0260,-0.0464,1.9800,3.6416,7.4484,0.1156,-0.0974,0.0143
1.6448,9.3374,0.1532,0.1299,0.1033,-0.1291,1.9896,3.7421,7.0629,0.3375,0.1091,0.0412
1.0223,9.3661,0.3328,-0.0149,0.0722,-0.2157,1.7813,4.1348,6.5793,0.1543,0.1103,-0.1154
1.0343,9.3901,0.1772,0.0081,-0.0373,-0.1881,1.5371,4.0318,7.2568,0.1484,-0.0127,-0.0725
0.4070,9.4882,0.4597,-0.0851,0.0068,-0.1607,0.8092,4.2425,7.3263,0.0909,0.1282,-0.0926
-0.0599,9.5313,0.2993,0.0424,0.0047,-0.1773,0.4429,4.8076,6.3758,0.1434,0.0706,-0.1831
-0.0072,9.3158,-0.2346,0.0500,-0.0452,0.0509,0.8882,4.7788,6.6391,0.0621,-0.2733,0.0011
-0.1628,9.4236,0.3759,-0.1837,0.0698,0.0590,0.4693,4.7046,6.4859,-0.1679,0.1288,0.0524
0.5195,9.2584,-0.0263,-0.1486,0.0875,0.0528,1.3934,4.4341,6.6463,-0.0981,0.0630,0.0520
0.7757,9.3398,0.5195,-0.2631,0.0124,0.0334,1.3982,4.1755,7.0605,-0.2288,0.1274,0.0143
0.7446,9.5433,0.1891,-0.2882,0.1124,-0.1029,1.3791,4.2114,7.0868,-0.1607,0.2597,-0.0193
0.9864,9.4092,0.7781,-0.1719,-0.0368,-0.0401,1.3168,3.9959,7.4747,-0.1240,-0.0147,-0.0230
0.7638,9.3230,0.8021,-0.1624,-0.0413,-0.0898,1.0487,4.0438,7.0797,-0.0774,0.0722,-0.1096
0.3639,9.3398,0.5986,-0.2706,0.0412,-0.1065,0.8021,4.2689,6.8163,-0.1127,0.2570,-0.1158
0.2514,9.3015,1.0630,-0.2057,-0.0906,-0.0161,0.3017,4.1707,7.4795,-0.1336,0.0308,-0.0682
0.1484,9.4882,1.4629,-0.1973,0.0568,-0.0324,0.1580,4.0486,7.4795,-0.0914,0.1692,-0.0129
0.5986,9.3589,0.9768,-0.0730,0.0226,-0.0067,0.7470,3.8834,7.5250,-0.0163,0.0011,0.0260
0.0766,9.3541,1.5347,-0.1170,0.0249,-0.0131,0.2011,3.9959,7.4364,-0.0358,0.0673,-0.0349
0.4980,9.3039,0.4381,-0.2213,0.1017,-0.0620,-0.1293,4.1707,6.7205,0.0205,0.1504,-0.1199
0.3998,9.2871,1.0151,-0.1045,0.0870,-0.0099,0.5650,4.1324,7.3095,-0.0706,0.0035,0.1336
0.4238,9.3278,1.0463,-0.0891,-0.0605,0.0402,0.8811,4.1587,7.0006,-0.1029,-0.0453,-0.0253
0.5842,9.2991,0.9720,-0.0612,-0.0016,-0.0019,0.9290,4.0007,7.1467,-0.0490,0.0413,-0.0312
0.4836,9.1842,0.9026,-0.0294,-0.0545,0.0525,0.6728,3.9337,7.2951,-0.0785,-0.0697,-0.0079
0.3304,9.3278,1.0726,-0.1055,-0.0394,0.0498,0.6800,4.0103,7.2808,-0.1090,-0.0133,0.0011
0.6656,9.4882,0.7973,-0.0473,0.0513,-0.0333,0.8475,4.0247,7.6734,0.0184,0.0250,0.0422
0.2538,9.3901,0.7518,0.0390,-0.0244,-0.0028,0.9266,4.3646,6.8043,0.0342,-0.1198,-0.0120
0.4860,9.1674,0.4214,-0.0542,-0.0316,0.0614,0.9170,4.1851,6.7876,-0.0997,-0.0402,0.0292
0.8619,9.2895,0.8284,-0.1479,0.0377,0.0382,1.2785,3.9241,7.2951,-0.1410,0.0356,0.0636
0.6536,9.4643,1.1349,-0.0823,0.0183,-0.0368,0.7159,3.8211,7.6303,-0.0192,0.0199,0.0149
0.6488,9.3853,1.0726,0.0250,0.0077,-0.0364,1.1325,4.0654,7.2520,0.0554,-0.0678,0.0474
0.3663,9.2273,0.5531,-0.0589,-0.0262,-0.0446,0.8188,4.2090,6.8259,-0.0429,0.0288,-0.0438
0.4453,9.2847,0.6057,-0.0794,-0.0485,-0.0453,1.1253,4.3024,7.0126,-0.0382,-0.0269,-0.0685
-0.0287,9.3494,0.8739,-0.1428,-0.0622,-0.0378,0.1317,4.3407,7.2185,-0.1009,0.0849,-0.0826
0.2753,9.3278,0.8452,-0.0425,0.0882,0.0281,0.6033,4.1875,7.0461,-0.0424,0.0188,0.1223
0.6776,9.2656,0.8212,-0.0269,-0.0141,0.0823,1.1708,3.7924,7.2951,-0.0901,-0.1138,0.0681
0.8116,9.3254,0.7997,-0.0661,0.0538,0.0031,1.3048,4.0127,7.2472,-0.0212,0.0043,0.0229
0.5914,9.3685,0.8715,-0.0838,-0.0128,-0.0341,0.9744,4.0965,7.2185,-0.0389,0.0059,-0.0168
0.6033,9.2799,0.9170,-0.0318,0.0085,-0.0268,1.0199,4.0270,7.2472,-0.0007,-0.0164,0.0192
0.5411,9.2512,0.6512,-0.0902,-0.0152,-0.0242,0.9673,4.1276,7.1946,-0.0530,-0.0001,-0.0163
0.4214,9.3470,0.6464,-0.1073,-0.0135,-0.0542,1.0032,4.3239,7.0030,-0.0549,0.0361,-0.0448
0.2729,9.3134,0.7709,-0.1009,-0.0185,0.0047,0.5507,4.1180,7.3358,-0.0630,0.0027,0.0317
0.4812,9.2608,0.9266,-0.1027,0.0069,0.0176,0.8308,4.0031,7.0198,-0.0837,0.0362,0.0181
0.8356,9.2560,0.8691,-0.0625,0.0097,0.0184,1.0511,3.8906,7.3741,-0.0469,-0.0089,0.0762
0.5483,9.3877,1.2641,-0.1207,-0.0168,-0.0406,0.8906,3.9983,7.1539,-0.0899,0.0144,-0.0252
0.6512,9.2177,0.8188,-0.0477,-0.0405,-0.0179,0.9050,3.9576,7.3933,-0.0368,-0.0586,0.0103
0.3735,9.3350,1.0678,-0.0857,-0.0574,-0.0185,0.7470,4.1180,7.0940,-0.0814,-0.0153,-0.0273
0.3879,9.3015,0.6680,-0.0721,0.0417,-0.0314,0.8188,4.2210,7.1946,-0.0112,0.0505,0.0428
0.5076,9.1937,0.8930,-0.0440,-0.0137,0.0187,0.8739,3.9624,7.0605,-0.0525,-0.0577,0.0244
0.5770,9.2488,1.0343,-0.1268,-0.0181,0.0212,0.9577,3.9313,7.3741,-0.0969,-0.0057,-0.0125
0.4381,9.4308,0.8260,-0.0798,-0.0115,-0.0055,0.9457,4.1156,7.3406,-0.0386,-0.0071,-0.0385
0.4166,9.3541,0.9768,-0.0466,-0.0028,0.0426,0.5267,4.0031,7.3071,-0.0592,-0.0386,0.0128
0.5650,9.2440,0.9266,-0.0121,0.0003,0.0482,1.1372,4.0773,7.2233,-0.0429,-0.0735,0.0729
0.6105,9.2751,0.5411,-0.1120,-0.0220,-0.0044,1.1851,4.0845,6.9767,-0.0955,0.0386,-0.0088
0.5842,9.3230,1.0989,-0.0770,0.0111,-0.0051,0.8954,3.9265,7.4986,-0.0376,0.0019,0.0349
0.7566,9.2703,0.8619,-0.0646,-0.0438,-0.0088,1.1037,3.9480,7.0892,-0.0735,-0.0285,-0.0001
0.8332,9.3446,0.9553,-0.0971,-0.0438,-0.0604,1.1636,3.9696,7.3095,-0.0554,0.0260,-0.0745
0.3496,9.3853,0.6823,-0.0747,0.0012,-0.0426,1.0942,4.1755,7.0773,-0.0325,0.0160,-0.0148
0.7207,9.3111,0.8452,-0.0757,0.0199,-0.0159,0.8859,3.8379,7.3765,-0.0396,0.0057,0.0454
0.5076,9.3374,1.0606,-0.0914,-0.0624,0.0035,0.7781,3.9025,7.0797,-0.1053,-0.0192,-0.0337
0.5483,9.3972,0.7781,-0.0671,0.0376,-0.0286,1.0080,4.0797,7.0581,-0.0205,0.0248,0.0012
0.3974,9.2991,0.7230,-0.0554,-0.0035,0.0091,0.9313,4.1563,7.0701,-0.0437,-0.0246,0.0151
0.7805,9.2320,0.6608,-0.1095,-0.0116,0.0221,1.3551,3.8211,7.1563,-0.0855,0.0172,-0.0336
0.9984,9.3374,0.8930,-0.1793,0.0115,-0.0561,1.4150,3.8355,7.2927,-0.1027,0.1172,-0.0576
0.5986,9.3206,0.8619,-0.1318,-0.0941,-0.0642,0.9433,3.9241,7.5992,-0.0794,-0.0159,-0.1207
-0.0527,9.3494,1.2665,-0.1280,-0.0526,-0.0354,0.2897,4.1563,7.1060,-0.0846,0.0509,-0.0645
0.5171,9.1794,1.3599,-0.1126,-0.0195,0.0048,0.4501,3.7493,7.4172,-0.0798,0.0468,0.0045
0.7278,9.3015,1.0487,-0.1168,0.0705,-0.0112,1.3096,3.8954,7.2113,-0.0805,0.0722,0.0304
0.6512,9.2967,1.0056,-0.0674,-0.0157,-0.0353,0.8188,3.8211,7.5729,-0.0276,0.0059,-0.0085
0.6129,9.1913,0.8164,-0.0605,-0.0169,-0.0040,1.0798,3.8834,7.1826,-0.0418,-0.0175,-0.0043
0.3543,9.4379,1.1468,-0.1029,-0.0281,-0.0281,0.4717,3.8738,7.4436,-0.0707,0.0405,-0.0248
0.3735,9.3805,0.8380,-0.0558,0.0052,-0.0261,0.9266,4.0534,7.2544,-0.0272,0.0025,-0.0101
0.5387,9.2296,1.0271,-0.0316,-0.0041,0.0236,0.8188,3.7972,7.3287,-0.0148,-0.0596,0.0622
0.8475,9.2368,1.0606,-0.0690,-0.0240,0.0081,1.0104,3.7350,7.4172,-0.0618,-0.0097,0.0003
0.5387,9.3230,0.8380,-0.0254,-0.0071,-0.0304,0.9768,4.0414,7.2903,0.0168,-0.0048,0.0011
0.5411,9.2344,0.7087,0.0051,-0.0045,-0.0590,0.7901,3.9433,7.3167,0.0453,0.0111,0.0881
0.3735,9.2201,0.7997,-0.0961,-0.0245,0.0261,0.9026,3.8738,7.0844,-0.0989,-0.0252,0.0256
0.7087,9.2871,1.1444,-0.1046,0.0087,0.0053,0.9529,3.6990,7.4508,-0.0898,0.0179,0.0698
0.5842,9.3541,1.0702,-0.0409,-0.0173,-0.0309,0.9840,3.9097,7.3550,0.0000,-0.0080,0.0020
0.3735,9.3254,1.1372,-0.0717,-0.0164,-0.0380,0.8859,4.1061,7.1635,-0.0433,0.0073,-0.0324
0.4046,9.2225,0.6800,-0.0807,-0.0027,-0.0020,0.8715,3.8690,7.1994,-0.0554,0.0131,-0.0136
0.5770,9.3063,0.7230,-0.0794,0.0093,-0.0045,1.1756,3.9600,7.1275,-0.0466,-0.0107,0.0033
0.4190,9.2560,0.8212,-0.1239,-0.0192,0.0025,0.7446,3.9456,7.1706,-0.0945,0.0322,-0.0233
0.6153,9.3374,0.9768,-0.1200,0.0241,0.0016,0.9002,3.9504,7.2137,-0.0947,-0.0216,0.0565
0.7877,9.2560,1.0151,-0.1096,-0.0638,-0.0184,1.1516,3.7158,7.2472,-0.0726,0.0167,-0.0117
0.5842,9.2225,1.4054,-0.0754,0.0544,-0.0374,0.8188,3.7278,7.6471,0.0357,0.0498,0.1230
0.7254,9.2680,1.6975,0.2465,0.0112,-0.0686,0.7326,3.7062,8.0421,0.1446,-0.0071,0.1668
0.2418,9.4355,0.1867,0.1663,0.1451,-0.0738,1.3360,4.2808,6.5649,0.1100,0.0209,0.1208
0.0910,9.3111,0.5124,-0.0734,-0.0662,-0.0183,0.8404,4.1851,6.9791,-0.0934,-0.0649,-0.0417
0.1077,9.3948,0.4908,-0.0076,0.0636,-0.0233,0.8092,4.1899,6.9264,-0.0316,0.0153,0.0657
0.4980,9.3111,0.6895,-0.1378,-0.0072,0.0510,1.1875,3.9456,7.1204,-0.1611,-0.0128,-0.0049
0.3663,9.3733,1.2186,-0.1196,-0.0521,0.0059,0.5555,3.7350,7.6231,-0.1183,0.0280,0.0071
0.3352,9.3853,0.4262,-0.0402,0.0440,-0.0188,1.2115,4.1013,7.0533,-0.0148,-0.0060,0.0352
0.2969,9.3829,0.7853,0.0875,0.0057,0.0221,0.9337,3.9744,7.1706,-0.0377,-0.0534,-0.0192
0.2011,9.4140,0.5626,-0.0173,0.0458,0.0159,0.8308,3.7541,7.3358,-0.0805,-0.0285,0.0494
0.5387,9.3278,0.5531,-0.0867,0.0281,0.0067,1.4796,3.8331,7.2065,-0.0522,-0.0161,0.0296
0.4741,9.4403,0.6081,-0.1352,-0.0185,0.0093,1.0822,3.9887,7.2449,-0.0943,-0.0220,-0.0052
0.5483,9.3470,0.7566,-0.0076,-0.0326,0.0039,1.0870,3.8547,7.3717,-0.0021,-0.0634,0.0336
0.5195,9.3781,0.8404,-0.0425,-0.0145,0.0007,0.9912,3.7326,7.3885,-0.0073,0.0045,0.0330
0.9792,9.3589,0.4812,0.1651,0.0445,0.0031,2.2793,4.0103,7.1132,0.2013,-0.1613,0.2209
0.5650,9.3877,0.4094,-0.0007,-0.0522,-0.0584,1.6281,4.2904,6.7732,-0.0241,-0.0333,-0.0810
0.5459,9.4547,0.3543,-0.0843,-0.0598,-0.1086,0.6345,4.0630,7.5681,-0.0159,0.0938,-0.0067
0.1532,9.4379,0.0239,-0.0718,-0.0135,-0.0897,1.5490,4.4125,6.6439,-0.0151,-0.0297,-0.0095
0.3448,9.3278,0.3711,-0.2654,-0.1051,-0.0458,1.0151,3.9624,7.0773,-0.1915,0.0682,-0.0985
0.5459,9.4379,0.8595,-0.2226,-0.0072,-0.0309,0.9146,3.8714,7.3670,-0.1414,0.0849,-0.0061
0.2729,9.4643,0.7542,-0.0811,-0.0024,-0.0338,0.9625,4.0965,7.3574,-0.0421,0.0250,-0.0266
0.0575,9.4116,0.5411,-0.1144,0.0047,-0.0336,1.0391,4.2234,6.9935,-0.0558,0.0448,-0.0448
0.3208,9.3182,0.5076,-0.0834,-0.0187,-0.0187,1.0415,4.0606,7.0222,-0.0361,-0.0256,0.0139
-0.4501,9.4667,1.2426,-0.1711,-0.0211,0.0409,-0.0599,4.1899,7.1611,-0.1664,0.1487,-0.0274
0.4501,9.3278,0.7254,0.0052,0.0360,0.1203,0.8571,3.8403,7.3263,-0.0778,-0.0701,0.1282
0.5722,9.4810,0.7590,-0.0199,0.0370,0.0962,1.3264,3.9433,7.2856,-0.0755,-0.1148,0.0970
0.8452,9.4379,0.4693,0.0005,0.0510,0.0923,1.6807,3.8116,7.2808,-0.0418,-0.1018,0.0927
1.2809,9.2991,0.1867,0.0302,0.0408,0.0125,2.0016,3.6607,7.1084,0.0272,-0.0821,0.0561
0.7063,9.3637,0.3112,-0.0870,-0.0522,-0.0103,1.5945,3.9528,7.0174,-0.0757,-0.0139,-0.0687
0.2394,9.4212,0.7542,-0.0437,-0.0191,-0.0031,0.9290,3.9935,7.4867,0.0242,-0.0446,0.0947
0.5938,9.3518,0.4214,-0.1383,0.0425,-0.0117,1.5921,3.9600,6.9121,-0.0814,0.0879,-0.0232
1.0415,9.3158,0.5842,-0.0822,-0.0381,-0.0222,1.2019,3.5721,7.4364,-0.0641,0.0148,-0.0215
0.5866,9.4092,0.4262,-0.1167,-0.0065,-0.0702,1.5419,4.0749,7.0078,-0.0521,0.0658,-0.0813
0.5555,9.3565,0.1580,-0.1130,-0.0438,-0.0617,1.4269,4.0773,7.2137,-0.0550,0.0273,-0.0837
0.2825,9.4164,0.8332,-0.1303,-0.0616,-0.0241,0.8212,3.9911,7.1802,-0.0814,0.0200,-0.0614
0.7422,9.3613,0.5794,-0.0991,0.0500,-0.0305,1.2594,3.8642,7.3095,-0.0341,0.0653,0.0028
0.3352,9.4044,0.6895,-0.0803,-0.0366,-0.0081,0.7350,3.9480,7.1658,-0.0642,-0.0001,-0.0264
0.5602,9.3757,0.7207,-0.0578,0.0151,0.0143,1.3862,3.8906,7.2209,-0.0448,-0.0462,0.0312
1.0726,9.3877,0.5171,0.0386,-0.0032,0.0035,1.6281,3.7852,7.4340,0.0522,-0.0803,0.0666
0.5267,9.4379,0.5914,-0.0749,-0.0578,-0.0308,1.3910,4.0342,7.0725,-0.0382,0.0212,-0.0765
0.6752,9.3470,0.0503,-0.0858,0.0580,-0.0927,1.6305,4.2521,7.1539,-0.0063,0.0925,-0.0366
0.7302,9.5002,0.3567,-0.1323,-0.0666,-0.0111,1.6759,3.8978,7.0437,-0.0830,0.0011,-0.0420
1.4341,9.2871,0.2825,-0.1120,-0.0304,-0.1351,2.1620,3.5793,7.1419,0.0176,0.0378,-0.1276
0.8811,9.3039,0.6656,-0.1978,-0.1108,-0.1704,1.3408,3.6775,7.4579,-0.0630,0.1058,-0.1976
0.2634,9.3709,1.1277,-0.1699,-0.0433,-0.2395,0.7973,3.9313,7.4699,0.0217,0.1948,-0.2029
-0.3735,9.3446,0.7254,-0.0854,-0.0957,-0.1701,0.0168,4.3694,7.0916,0.0690,0.0437,-0.1212
-0.6464,9.2991,0.5411,-0.0222,0.0067,-0.0947,0.5411,4.5945,6.5697,0.0281,-0.0238,-0.0525
-0.3376,9.2847,0.2370,-0.0797,-0.0273,0.0060,0.7039,4.4748,6.6319,-0.0633,-0.0282,0.0021
-0.0072,9.2943,0.5914,-0.1724,0.0012,0.0390,0.8571,4.2856,7.0701,-0.1244,0.0813,-0.0081
0.2490,9.3757,0.6273,-0.1328,0.0152,0.0769,0.9864,4.1013,7.2401,-0.1183,0.0064,0.0637
0.4429,9.3398,0.8284,-0.1200,0.0304,0.0440,1.1396,3.9049,7.3526,-0.1015,0.0167,0.0634
0.6369,9.3111,0.6608,-0.1266,0.0076,-0.0004,1.0750,3.9025,7.2161,-0.0902,0.0572,-0.0056
0.4214,9.3206,0.8188,-0.1274,-0.0083,-0.0163,1.1420,3.9983,7.2712,-0.0666,0.0301,-0.0306
0.2682,9.3015,0.7973,-0.1867,-0.0410,-0.0204,0.7542,4.0630,7.1299,-0.0870,0.0787,-0.1049
0.1413,9.3446,0.7494,-0.1699,-0.0336,-0.0088,0.6871,3.9480,7.2856,-0.0677,0.0013,-0.0628
0.1556,9.1937,1.2426,-0.0947,-0.0458,0.0024,0.5483,3.7757,7.5729,-0.0626,-0.0212,-0.0135
0.3567,9.3637,1.0798,-0.1078,0.0003,0.0011,0.9385,3.9337,7.3574,-0.0634,0.0396,-0.0016
0.1915,9.3494,0.8475,-0.0521,0.0079,0.0273,0.6943,3.9720,7.3454,-0.0241,-0.0212,0.0061
0.1963,9.3470,0.8356,-0.0472,-0.0201,0.0153,0.9984,3.9959,7.1922,-0.0310,-0.0429,0.0112
0.2610,9.3613,0.9170,-0.0742,0.0088,0.0045,0.8116,3.9504,7.2305,-0.0621,0.0286,0.0131
0.5124,9.2680,0.7326,-0.0446,0.0028,0.0060,1.2594,3.9696,7.2688,-0.0181,-0.0292,0.0008
0.3041,9.3087,0.9146,-0.0878,-0.0981,-0.0023,0.8475,4.0031,7.1730,-0.0671,-0.0273,-0.0793
0.3759,9.3087,0.6895,-0.0757,0.0462,-0.0241,1.0870,4.0893,7.0964,-0.0208,0.0385,0.0261
0.1628,9.3733,0.9601,-0.0691,-0.0585,-0.0023,0.5842,4.0342,7.3574,-0.0681,-0.0260,-0.0179
0.3543,9.3182,0.9266,-0.0667,0.0440,0.0027,1.0175,3.9409,7.0916,-0.0496,0.0200,0.0366
0.5195,9.2440,1.0965,-0.0469,-0.0706,0.0059,0.8116,3.7709,7.4867,-0.0401,-0.0573,-0.0148
0.2729,9.3518,0.9864,-0.0534,0.0667,-0.0266,0.8523,4.0414,7.1682,-0.0189,0.0526,0.0381
0.4142,9.3182,0.7614,-0.0213,-0.0440,-0.0047,0.9385,4.0294,7.2472,-0.0207,-0.0665,-0.0077
0.3208,9.3781,0.7063,-0.0386,0.0091,0.0136,1.0846,4.1539,7.0366,-0.0169,-0.0119,0.0213
0.4262,9.3422,0.7494,-0.0136,-0.0548,0.0334,0.7494,3.9552,7.1323,-0.0416,-0.0749,0.0426
0.3974,9.3781,0.8859,-0.0476,0.0035,-0.0057,0.9194,3.9959,7.4053,-0.0338,-0.0076,0.0073
0.3735,9.3254,0.5028,-0.0226,-0.0103,-0.0075,1.3001,4.1061,7.0390,-0.0085,-0.0226,-0.0019
0.1006,9.2680,0.4621,-0.0882,-0.0342,0.0281,0.8667,4.3096,6.7157,-0.0827,-0.0236,-0.0133
0.4334,9.2895,0.6369,-0.1482,0.0245,0.0597,1.3599,4.0294,7.0820,-0.1581,0.0346,0.0242
0.7925,9.3278,0.7494,-0.1029,0.0125,0.0099,1.1492,3.7948,7.5202,-0.0725,0.0107,0.0173
0.6440,9.3996,1.0870,-0.0861,-0.0464,0.0175,0.9146,3.7852,7.5202,-0.0746,-0.0341,0.0001
0.5100,9.4116,0.9170,-0.0356,0.0048,-0.0242,1.1636,3.9073,7.4747,0.0007,-0.0398,0.0073
0.3807,9.3829,0.8643,-0.0143,-0.0501,-0.0128,0.8547,3.9265,7.3406,0.0063,-0.0533,-0.0063
0.3424,9.3302,0.4860,-0.0405,0.0132,-0.0245,1.1205,4.1659,6.8738,-0.0157,0.0036,-0.0039
0.2849,9.2823,0.4669,-0.0734,0.0103,0.0144,1.0104,4.1635,6.8522,-0.0678,0.0278,0.0207
0.6728,9.3661,0.7183,-0.0975,-0.0064,0.0161,1.4174,3.9289,7.2832,-0.0670,0.0019,0.0071
0.5722,9.3494,0.8811,-0.0970,-0.0420,0.0116,1.0750,3.8738,7.4196,-0.0951,-0.0273,0.0000
0.4262,9.3925,0.8547,-0.1007,-0.0248,-0.0197,0.9505,3.9169,7.3358,-0.0758,0.0292,-0.0413
0.4908,9.4212,0.5531,-0.0687,0.0059,-0.0421,1.0870,4.0630,7.2353,-0.0273,0.0376,-0.0195
0.3687,9.2919,0.6057,-0.0649,-0.0446,0.0047,1.0439,4.1539,6.9767,-0.0561,-0.0428,-0.0081
0.5818,9.3398,0.7015,-0.1021,-0.0208,0.0181,1.0319,3.9600,7.3287,-0.0699,-0.0040,0.0092
0.4788,9.2249,0.7829,-0.0902,-0.0043,0.0196,1.3048,4.0821,7.0605,-0.0570,-0.0212,0.0071
0.5722,9.2009,0.5531,-0.1685,-0.0007,0.0005,1.0678,3.9624,6.9743,-0.0926,0.0489,-0.0127
0.6991,9.2608,0.5842,-0.1970,0.0707,-0.0340,1.3815,4.0630,7.0030,-0.1067,0.1496,-0.0040
0.6823,9.3446,0.9529,-0.1921,-0.0765,-0.0188,1.1301,3.8020,7.4603,-0.1163,0.0460,-0.0702
0.3974,9.3853,1.2737,-0.1291,-0.0502,-0.0352,0.6177,3.7254,7.5681,-0.0678,0.0277,-0.0735
0.2155,9.3111,1.3192,-0.0426,0.0084,0.0043,0.1149,3.7781,7.3598,-0.0294,-0.0196,0.0370
0.2562,9.3470,1.3360,-0.0288,0.0853,0.0157,0.7757,3.9049,7.2018,-0.0396,0.0322,0.0548
0.7015,9.3111,1.0175,0.0080,0.0041,0.0321,0.9170,3.7326,7.4651,-0.0099,-0.0544,0.0569
0.7159,9.3230,0.7590,0.0230,0.0064,0.0079,1.2857,3.9600,7.1347,0.0151,-0.1045,0.0601
0.4836,9.3398,0.6393,0.0021,0.0373,-0.0075,1.1109,4.0007,6.8738,0.0040,-0.0191,0.0474
0.7973,9.3350,0.4860,-0.0300,-0.0033,-0.0043,1.6041,3.9217,7.1826,-0.0019,-0.0242,0.0278
0.6871,9.2823,0.5842,-0.0755,-0.0298,-0.0289,1.3072,4.0390,7.3047,-0.0318,-0.0258,-0.0197
0.5004,9.2344,0.5986,-0.1062,-0.0180,-0.0354,1.0606,3.9983,6.9887,-0.0445,0.0408,-0.0358
0.5602,9.2033,0.7494,-0.1627,0.0049,-0.0257,1.2522,3.8882,7.0557,-0.1011,0.0834,-0.0305
0.5315,9.3254,0.9170,-0.1387,-0.0410,-0.0246,0.8068,3.8020,7.3981,-0.0713,0.0241,-0.0572
0.0575,9.3302,1.2186,-0.1776,-0.0293,-0.0380,0.4597,4.1228,7.1850,-0.1010,0.0867,-0.0713
0.3352,9.3254,0.8739,-0.0819,0.0208,0.0021,0.8092,3.8834,7.3454,-0.0466,0.0289,0.0337
0.4477,9.3087,1.2809,-0.0528,-0.0472,0.0406,0.9433,3.7302,7.4699,-0.0787,-0.0779,0.0234
0.6297,9.2943,1.2210,-0.0540,-0.0019,0.0059,0.9553,3.7302,7.4531,-0.0492,-0.0143,0.0077
0.4836,9.3661,0.8092,0.0213,0.0163,0.0051,1.0630,3.9911,7.2065,0.0273,-0.0653,0.0434
0.4429,9.3063,0.6273,-0.0842,-0.0212,0.0019,1.1444,4.1515,6.8714,-0.0866,0.0208,-0.0192
0.7614,9.2560,0.6177,-0.0497,-0.0414,0.0260,1.3264,3.9121,7.2018,-0.0528,-0.0645,0.0171
0.4070,9.3637,1.2115,-0.1031,-0.0266,0.0087,1.0199,3.8906,7.2568,-0.0821,0.0184,-0.0413
0.5435,9.3302,0.7638,-0.0597,-0.0444,0.0208,0.8691,3.8379,7.1132,-0.0505,0.0091,-0.0450
0.5818,9.2416,0.8691,-0.0798,-0.0541,0.0157,0.9074,3.8595,7.1682,-0.0813,-0.0388,0.0029
0.8475,9.3111,0.6680,-0.0596,-0.0161,-0.0011,1.2234,3.8978,7.3813,-0.0626,-0.0016,0.0185
0.6560,9.2584,0.6632,-0.0424,0.0007,0.0036,1.1061,3.8164,7.1658,-0.0224,-0.0205,0.0418
0.7039,9.3541,1.0080,-0.0945,-0.0428,0.0278,1.2450,3.7685,7.4077,-0.0877,-0.0144,-0.0100
0.8140,9.3901,0.7781,-0.0786,-0.0325,-0.0029,1.2139,3.9409,7.1922,-0.0630,-0.0183,-0.0506
0.5962,9.3541,0.6871,-0.0260,-0.0481,0.0254,1.1827,3.9528,7.1635,-0.0561,-0.0935,0.0052
0.5842,9.2416,0.5076,-0.0875,-0.0328,0.0265,0.9744,3.9121,6.8833,-0.1110,-0.0184,0.0123
0.9050,9.3541,1.0080,-0.0565,-0.0187,0.0269,1.1875,3.6344,7.7213,-0.0452,-0.0437,0.0349
0.8260,9.3877,0.9840,-0.0337,-0.0345,0.0410,1.2833,3.7757,7.4172,-0.0474,-0.0500,0.0132
1.0822,9.3134,0.6680,0.0246,-0.0302,-0.0488,1.2761,3.6655,7.4699,0.0137,-0.0180,0.0056
0.5746,9.3278,0.5219,-0.0398,0.0432,-0.0492,1.2689,4.0270,6.9432,0.0081,0.0144,-0.0083
0.6967,9.2919,0.5171,-0.1018,0.0416,-0.0233,1.3431,3.9768,6.8594,-0.0067,0.0718,0.0493
0.9720,9.3541,0.5219,-0.1159,-0.0160,-0.0119,1.7717,3.9289,7.0461,-0.0769,-0.0083,-0.0052
0.9888,9.3757,0.8667,-0.1266,-0.0043,-0.0917,1.2665,3.7709,7.6423,-0.0199,0.0694,-0.0754
0.5435,9.3422,0.3232,-0.1431,0.0061,-0.0644,1.3527,4.1899,6.9288,-0.0757,0.0989,-0.0441
0.6201,9.1722,0.4597,-0.1382,-0.0398,0.0508,0.8404,3.8475,7.2042,-0.1300,-0.0199,0.0246
0.4501,9.2727,0.8452,-0.2305,0.0218,0.0254,1.0965,3.9768,6.9599,-0.1847,0.0970,-0.0204
0.8140,9.3637,1.3096,-0.1962,-0.0496,0.0530,0.8308,3.4692,7.9871,-0.1745,0.0378,-0.0237
1.1349,9.4810,1.6903,-0.1525,-0.0987,0.0336,1.1061,3.4405,7.8195,-0.1525,-0.0390,-0.0913
1.2881,9.2895,0.6440,-0.0195,-0.0328,-0.0626,1.3408,3.5889,7.6327,0.0180,-0.0657,-0.0191
0.6009,9.2727,0.9625,-0.0204,-0.0954,-0.0222,1.0582,3.8786,7.1587,-0.0245,-0.0905,-0.0701
0.7039,8.9854,0.3041,-0.1749,0.0473,-0.0040,1.3360,3.8403,6.6535,-0.1027,0.1083,0.0370
1.2115,9.0884,1.0223,-0.2606,0.0302,0.0065,1.4389,3.3208,7.4029,-0.1787,0.1673,-0.0385
1.5443,9.4906,2.1835,-0.2132,-0.1102,-0.0272,1.1205,2.9257,8.7221,-0.1223,0.0205,-0.0913
1.1923,9.3781,1.9058,0.0073,-0.1094,-0.1054,0.7829,3.1556,8.3175,0.0103,-0.0354,-0.1312
0.6967,9.2871,0.9816,0.1260,0.0199,-0.1187,1.0534,3.7517,7.3287,0.1931,-0.1402,-0.0230
0.5698,9.2057,1.0463,0.0927,-0.0580,-0.0815,0.9984,3.8331,7.3310,0.1164,-0.0950,-0.0476
0.4190,9.2584,0.5076,0.0582,-0.0011,-0.0975,1.1803,4.1492,6.8259,0.1188,-0.0205,-0.0043
0.4477,9.2608,0.3304,0.0350,-0.0609,-0.0600,1.2977,4.1515,6.7469,0.0582,-0.0897,-0.0425
0.3160,9.3039,0.7590,-0.0797,-0.0798,-0.0264,0.9649,4.0917,7.1826,-0.0556,-0.0192,-0.0529
0.6608,9.3661,0.5555,-0.0354,-0.0761,-0.0353,1.1995,4.0869,6.8546,-0.0232,-0.0476,-0.0655
0.4166,9.4020,0.9074,-0.1057,-0.0869,-0.0157,0.7063,4.0654,7.2113,-0.0734,-0.0179,-0.0609
0.3472,9.3613,0.7470,-0.0489,0.0320,0.0071,0.5100,4.0749,7.1275,-0.0185,0.0016,0.2142
0.2586,9.4284,0.5435,0.1272,0.1486,0.0910,0.7590,4.2928,7.0629,0.0139,-0.1403,0.5652
0.2586,9.1913,0.3974,-0.0302,0.2903,-0.0028,0.9816,4.0414,6.6415,-0.1183,0.3070,0.6415
0.3376,9.2440,0.6321,0.1103,0.6620,-0.0695,1.5802,3.9456,7.4460,0.0560,0.3034,0.9942
-0.0024,9.4786,1.0726,-0.1172,0.6101,-0.1356,2.0638,4.0462,6.7133,-0.2072,0.6587,0.4671
0.4238,9.5002,0.9960,-0.0787,0.1524,0.0421,1.0798,3.6583,7.4101,-0.1791,0.0726,0.2001
0.6105,9.3972,1.4413,-0.0580,0.2951,0.0374,1.0942,3.5195,7.9464,-0.0252,0.1262,0.3484
0.4334,9.4547,0.8882,0.0402,0.2557,0.0501,0.6847,3.4884,7.6926,0.0175,0.1402,0.3484
0.5124,9.1985,0.6345,0.1406,0.5085,-0.1280,1.1301,3.4812,7.7812,0.1633,0.2360,0.4239
-0.1389,9.4379,0.5195,0.1007,1.6621,-0.3216,0.3352,3.5602,7.9104,0.5574,0.9834,1.1273
-0.9840,9.6343,1.6281,0.1545,1.5030,-0.2036,0.5339,4.6112,6.4165,0.3637,0.7731,1.0397
-0.8763,9.4715,0.7925,0.2774,0.9991,0.0592,1.0606,4.3431,6.8091,0.1071,0.2082,0.9133
0.1413,9.3589,-0.1604,0.2903,0.5133,0.1915,1.9249,4.2018,6.9384,-0.0061,-0.1440,0.6747
-0.1030,9.4810,-0.4190,0.2324,0.3228,0.1593,2.0638,4.1013,6.9695,-0.0746,-0.1459,0.3732
-0.0335,9.6031,-0.2849,0.1091,0.1466,0.2045,1.9872,3.9816,7.1036,-0.1069,-0.1039,0.2324
0.0862,9.5553,-0.5339,0.1147,-0.0729,0.2666,2.0279,4.0845,6.9552,-0.1420,-0.2971,0.0834
0.3352,9.4858,-0.7183,0.2020,-0.1941,0.1763,2.4876,4.1683,6.5793,-0.0436,-0.3313,-0.1703
0.6201,9.4978,-1.2977,0.0994,-0.1432,0.1187,2.4684,4.0438,6.9599,-0.0160,-0.2446,-0.1537
0.2562,9.5864,-1.1779,0.0021,0.0958,0.0103,1.9034,4.3239,6.7253,0.0754,-0.0116,0.0522
0.3376,9.5696,-1.3168,0.0280,0.0858,0.0059,2.2745,4.2760,6.7780,0.1354,-0.0770,0.1128
-0.0694,9.6055,-0.9720,-0.0246,0.1524,0.0039,2.0614,4.5993,6.3494,0.1298,0.0176,0.0949
0.2107,9.5433,-0.9553,-0.1415,-0.2170,0.1171,2.3415,4.2449,6.9097,-0.3082,-0.0165,-0.1639
0.5124,9.6031,-0.4262,-0.1240,-0.0959,0.0528,2.0470,3.8666,7.1826,-0.1190,-0.0185,-0.1034
0.4381,9.6893,-0.5004,-0.0494,-0.0729,-0.0087,1.9537,3.9911,7.2353,-0.0241,-0.0084,-0.0613
0.3424,9.6678,-0.4860,-0.0815,-0.0653,0.0430,2.3080,4.2737,6.7684,-0.1704,-0.0601,-0.1299
0.0407,9.6055,-0.9385,-0.1271,-0.3166,0.1366,2.0159,4.3503,6.4787,-0.2529,-0.2233,-0.2138
0.5674,9.6151,-1.1779,-0.1941,-0.1339,0.0492,2.1955,4.1707,7.2042,-0.2198,0.0084,-0.0850
0.3543,9.6223,-0.7159,-0.1126,0.0296,-0.0222,2.0734,4.2042,6.8402,-0.0510,0.0881,-0.0079
0.5267,9.5648,-0.7805,-0.1264,-0.0774,0.0147,2.2146,3.9696,7.1443,-0.0922,0.0240,-0.0514
0.8068,9.6486,-0.6464,-0.0430,0.0013,-0.0306,2.3008,4.0438,7.1874,0.0398,-0.0029,0.0452
0.4932,9.5744,-1.1037,-0.1154,0.0289,-0.0621,2.1548,4.2880,6.3614,-0.0254,0.0857,0.0000
0.4357,9.6199,-0.6009,-0.1320,-0.0691,-0.0216,2.0039,4.0606,7.0366,-0.0673,-0.0109,-0.0441
0.4286,9.5936,-0.5578,-0.0827,0.0260,-0.0107,2.0973,4.0582,6.9767,-0.0429,0.0092,0.0314
0.8045,9.6582,-0.4166,-0.0606,-0.0365,-0.0336,2.2266,3.7852,7.3382,-0.0152,-0.0153,-0.0305
0.3998,9.6055,-0.6225,-0.0931,0.0075,-0.0203,2.2194,4.0749,6.9456,-0.0775,0.0258,-0.0301
0.5076,9.6007,-0.9529,-0.0729,0.0220,-0.0481,2.3846,4.2689,6.9408,-0.0051,0.0329,-0.0261
0.3926,9.6845,-0.5339,-0.1112,-0.0252,0.0007,2.0734,4.0654,7.2233,-0.0624,0.0036,-0.0366
0.6369,9.5792,-0.6393,-0.0918,-0.0386,-0.0418,2.4421,3.9959,6.9599,-0.0978,0.0052,-0.0818
0.4573,9.6223,-0.7853,-0.0076,0.0313,-0.0733,2.1213,4.1252,7.1108,0.0625,-0.0405,0.0037
0.1125,9.5840,-1.0894,-0.0674,-0.0372,-0.0322,2.1021,4.4436,6.7229,-0.0228,0.0185,-0.0388
0.2993,9.6127,-0.8595,-0.1692,-0.0101,-0.0027,2.0638,4.3096,6.8666,-0.1119,0.0841,-0.0011
0.2969,9.5744,-0.3998,-0.1079,0.0131,-0.0017,1.8675,4.1156,7.0964,-0.0882,0.0437,-0.0125
0.4884,9.6534,-0.2993,-0.0997,-0.0309,-0.0135,1.9800,3.9433,7.2999,-0.0657,0.0262,-0.0410
0.2849,9.5050,-0.8356,-0.0799,-0.0293,-0.0035,2.0111,4.2353,6.7325,-0.0578,-0.0087,-0.0040
0.4381,9.5936,-0.5171,-0.1404,0.0001,-0.0043,1.9393,4.0821,7.0102,-0.0789,0.0685,-0.0108
0.5483,9.5984,-0.3376,-0.0657,-0.0268,-0.0072,1.9058,3.8499,7.2664,-0.0397,0.0019,0.0175
0.5842,9.6319,-0.2825,-0.0546,-0.0300,-0.0354,2.0973,3.9025,7.1611,-0.0124,-0.0177,-0.0297
0.5004,9.5864,-0.8835,-0.0637,-0.0264,-0.0378,2.1476,4.2665,6.7804,-0.0036,-0.0338,-0.0175
0.1772,9.6175,-0.7973,-0.1239,0.0008,-0.0272,1.8340,4.3790,6.6655,-0.1118,0.0545,0.0003
0.3280,9.5577,-0.4453,-0.1038,0.0222,-0.0019,2.0686,4.1013,7.1347,-0.0633,0.0302,0.0017
0.4453,9.6678,-0.6967,-0.0524,-0.0060,-0.0113,2.0494,4.1899,7.0868,-0.0213,-0.0250,0.0104
0.2418,9.5529,-0.6656,-0.0933,0.0175,0.0069,1.9154,4.2042,6.7516,-0.0481,0.0113,0.0570
0.5315,9.5744,-0.4525,-0.1195,-0.0478,0.0289,2.0183,3.8738,7.1730,-0.0998,-0.0019,0.0121
0.6776,9.6462,-0.3017,-0.0630,-0.0005,-0.0189,2.2314,3.8020,7.2401,-0.0234,-0.0184,0.0160
0.6512,9.5409,-0.5650,-0.0677,0.0108,-0.0513,2.2458,3.9361,7.0461,-0.0334,0.0230,-0.0320
0.3759,9.5577,-0.6680,-0.0673,-0.0127,-0.0520,2.1069,4.2425,6.9073,-0.0093,0.0160,-0.0362
0.0599,9.5912,-0.7925,-0.0881,-0.0233,-0.0317,1.8004,4.2808,6.7660,-0.0576,0.0292,-0.0320
0.1580,9.5864,-0.4453,-0.1002,-0.0472,-0.0087,1.9154,4.1755,6.9623,-0.0798,0.0258,-0.0566
0.3903,9.6103,-0.3591,-0.0943,0.0216,-0.0071,1.9034,4.0223,7.1467,-0.0436,0.0278,0.0173
0.2083,9.5193,-0.3352,-0.1026,-0.0008,-0.0245,1.6616,4.1827,7.0892,-0.0743,0.0694,-0.0218
0.3136,9.5984,-0.6225,-0.0356,-0.0192,0.0462,1.8866,4.1013,7.0844,-0.0426,-0.0462,0.0564
0.4190,9.5553,-0.5986,-0.0530,0.0203,0.0233,2.1237,4.0294,7.0270,-0.0469,-0.0216,0.0593
0.6081,9.5720,-0.7135,-0.0726,0.0204,0.0035,2.3008,4.0701,6.9911,-0.0400,-0.0031,0.0348
0.3903,9.5912,-0.4334,-0.0771,0.0099,0.0140,2.1548,4.0247,7.0629,-0.0686,0.0089,0.0160
0.6704,9.5265,-0.6201,-0.0482,0.0040,-0.0064,2.4445,3.9409,7.1826,-0.0390,-0.0224,0.0314
0.4549,9.6462,-0.5315,-0.0751,-0.0374,-0.0226,2.3798,3.9887,7.1611,-0.0264,-0.0376,-0.0113
0.2538,9.6127,-0.6584,-0.1160,-0.0373,-0.0059,2.1404,4.2641,6.9983,-0.0783,0.0133,-0.0478
0.5411,9.5648,-0.4621,-0.0873,-0.0249,-0.0091,1.8818,3.9720,7.1084,-0.0648,0.0241,0.0027
0.6704,9.5577,-0.4022,-0.0385,-0.0294,-0.0333,1.8028,3.8283,7.2664,0.0032,-0.0196,0.0121
0.3472,9.5409,-0.8499,-0.0537,-0.0225,-0.0408,2.0518,4.2377,6.9983,-0.0071,-0.0385,-0.0037
0.1484,9.5672,-0.6895,-0.0746,-0.0115,-0.0305,2.2266,4.3814,6.9240,-0.0316,-0.0003,-0.0045
0.2442,9.6486,-0.5363,-0.1304,0.0093,0.0173,1.9489,4.1827,6.9312,-0.1066,0.0580,0.0157
0.6536,9.6223,-0.1796,-0.0897,-0.0242,0.0125,1.5802,3.7350,7.4340,-0.0735,0.0121,0.0317
0.4860,9.5888,-0.6081,-0.0450,0.0224,-0.0257,2.1859,4.0055,6.9791,-0.0059,0.0101,0.0076
0.3041,9.5409,-0.9529,-0.0915,-0.0108,0.0013,2.1859,4.2353,6.7780,-0.0610,0.0183,0.0045
0.5124,9.6127,-0.6704,-0.1408,-0.0171,0.0072,1.8531,4.0103,6.9097,-0.1212,0.0546,-0.0035
0.7661,9.6199,-0.1221,-0.0921,-0.0402,-0.0123,2.2027,3.7230,7.4867,-0.0628,-0.0131,-0.0061
0.4573,9.5864,-0.5195,-0.0590,0.0204,-0.0608,2.1045,4.1061,6.8881,-0.0015,0.0274,-0.0191
0.1365,9.5744,-0.8906,-0.0777,-0.0308,-0.0155,2.1668,4.3359,6.8211,-0.0368,-0.0230,0.0016
0.2562,9.6271,-0.4860,-0.1410,-0.0041,-0.0097,2.0351,4.2617,6.9168,-0.1160,0.0682,-0.0203
0.5507,9.6391,-0.3136,-0.0509,0.0157,-0.0248,2.1189,3.9576,7.1970,-0.0207,-0.0004,0.0035
0.2705,9.5600,-0.6393,-0.0452,0.0256,-0.0173,1.8411,4.1994,6.8139,-0.0293,0.0059,0.0160
0.1652,9.4978,-0.7015,-0.0997,0.0137,0.0314,1.9345,4.1899,6.8929,-0.0794,0.0057,0.0314
0.5291,9.6247,-0.4142,-0.0473,0.0226,0.0441,2.1524,3.9576,7.1802,-0.0682,-0.0456,0.0566
0.6416,9.6127,-0.4501,-0.0577,-0.0032,0.0031,2.3272,3.9145,7.1467,-0.0450,-0.0333,0.0199
0.4932,9.5624,-0.6919,-0.0695,-0.0029,-0.0208,2.3320,4.1587,6.8953,-0.0361,0.0296,-0.0209
0.3879,9.5768,-0.5914,-0.1042,-0.0366,-0.0140,2.1069,4.1013,6.9168,-0.0691,0.0338,-0.0320
0.3807,9.6367,-0.3089,-0.1019,-0.0203,-0.0208,1.9393,3.9313,7.1419,-0.0648,0.0440,-0.0353
0.5100,9.5241,-0.6943,-0.0608,-0.0052,-0.0376,2.3032,3.9768,7.0174,0.0000,-0.0216,-0.0207
0.2538,9.5265,-0.6776,-0.0942,-0.0226,-0.0191,2.0853,4.1946,6.9336,-0.0482,-0.0189,-0.0039
0.2059,9.6103,-0.4549,-0.1423,-0.0195,0.0035,1.9728,4.1707,6.9911,-0.1103,0.0324,-0.0143
0.5722,9.6247,-0.1820,-0.0533,0.0043,0.0056,1.7478,3.7541,7.4244,-0.0325,0.0057,0.0179
0.4334,9.6055,-0.4932,-0.0594,0.0117,-0.0120,2.0590,4.0223,7.0940,-0.0288,0.0128,0.0100
0.3735,9.5409,-0.8164,-0.0883,0.0060,0.0080,2.1859,4.0630,6.7062,-0.0655,0.0040,0.0212
0.5507,9.5936,-0.4573,-0.0849,-0.0354,0.0063,1.9992,3.7589,7.3023,-0.0755,-0.0240,0.0111
0.5363,9.6247,-0.4477,-0.0731,-0.0252,-0.0414,2.2098,3.9313,7.1515,-0.0413,0.0236,-0.0621
0.4334,9.5768,-0.7877,-0.0505,0.0113,-0.0476,2.2338,4.1899,6.8570,0.0015,-0.0035,-0.0113
0.2825,9.5840,-0.6081,-0.1279,-0.0269,-0.0061,1.9632,4.1228,6.9240,-0.0843,0.0257,-0.0330
0.5698,9.6223,-0.3376,-0.0962,-0.0362,-0.0269,1.9680,3.8595,7.2760,-0.0498,-0.0055,-0.0137
0.2993,9.5984,-0.2394,-0.0510,-0.0185,-0.0286,2.0853,4.0701,6.9384,-0.0378,-0.0029,-0.0244
0.3400,9.5505,-0.7781,-0.0765,0.0065,-0.0136,1.9585,4.1300,6.9719,-0.0469,0.0092,0.0159
0.2897,9.5313,-0.4334,-0.0822,-0.0337,0.0100,1.7885,4.0534,7.0174,-0.0636,-0.0216,0.0173
0.6297,9.6271,-0.3280,-0.0638,0.0171,-0.0123,2.1931,3.9049,7.1658,-0.0422,0.0003,0.0117
0.4238,9.5720,-0.5363,-0.0453,-0.0049,-0.0049,2.0614,4.0103,7.0126,-0.0135,-0.0581,0.0328
0.3663,9.5241,-0.7542,-0.0891,0.0092,-0.0104,2.0279,4.1372,6.6798,-0.0649,0.0353,0.0044
0.4501,9.5505,-0.4812,-0.0907,-0.0179,-0.0003,1.9656,3.8810,7.1347,-0.0685,0.0068,-0.0025
0.5315,9.6199,-0.3112,-0.0698,-0.0389,-0.0184,2.0710,3.8642,7.1587,-0.0360,-0.0109,-0.0204
0.4645,9.5050,-0.5052,-0.0858,-0.0129,-0.0498,2.1452,4.1084,7.0773,-0.0333,0.0125,-0.0193
0.3879,9.5912,-0.3926,-0.0914,-0.0140,-0.0057,1.8340,3.9552,7.1467,-0.0617,0.0120,0.0111
0.3903,9.5577,-0.4238,-0.0616,-0.0005,-0.0270,1.8627,3.9576,7.0988,-0.0208,0.0037,-0.0027
0.4573,9.5409,-0.6488,-0.0949,-0.0173,-0.0103,2.1476,4.0845,6.8833,-0.0608,0.0240,-0.0192
0.4717,9.5409,-0.4669,-0.0971,-0.0229,-0.0104,2.0135,3.9552,7.2065,-0.0584,0.0104,-0.0120
0.5267,9.5720,-0.4238,-0.0721,-0.0242,-0.0234,2.0111,3.8906,7.2257,-0.0357,-0.0013,-0.0334
0.3855,9.5577,-0.4501,-0.0747,-0.0232,-0.0362,2.0470,3.9361,6.9121,-0.0428,0.0069,-0.0380
0.4357,9.5577,-0.4645,-0.0707,-0.0285,-0.0209,1.9776,3.9792,7.0078,-0.0346,-0.0027,-0.0127
0.3591,9.4858,-0.4693,-0.0807,-0.0585,-0.0314,1.8268,4.0247,7.1323,-0.0502,0.0105,-0.0457
0.2298,9.5600,-0.4501,-0.0793,-0.0240,-0.0200,1.7717,4.0677,7.0222,-0.0449,0.0117,-0.0272
0.2873,9.5553,-0.5866,-0.0882,0.0350,-0.0254,1.9752,4.1468,6.7516,-0.0453,0.0420,0.0119
0.4621,9.5385,-0.3998,-0.1276,-0.0068,-0.0135,2.0686,3.9768,7.1754,-0.0755,0.0465,-0.0199
0.7374,9.5481,-0.5459,-0.1154,-0.0208,-0.0454,2.4014,3.8666,7.1754,-0.0452,0.0492,-0.0394
0.6440,9.4930,-0.9194,-0.1514,-0.0044,-0.0771,2.1500,4.0127,6.7924,-0.0474,0.0847,-0.0414
0.5818,9.5457,-0.8092,-0.3050,-0.0875,-0.0698,2.4086,4.0247,6.6224,-0.1741,0.1515,-0.1414
0.6201,9.3925,-0.9361,-0.3365,-0.0790,-0.1215,2.0925,4.0486,6.5457,-0.1655,0.1969,-0.2062
0.7733,9.3733,-0.1676,-0.5085,-0.0252,-0.0530,2.0710,3.4740,7.0964,-0.3135,0.3158,-0.1203
0.6680,9.4164,0.8835,-0.4788,-0.3685,-0.0593,1.7861,3.2920,7.2353,-0.3832,0.0982,-0.4074
0.9505,9.4523,1.0247,-0.4403,-0.5850,-0.0814,1.4269,2.8084,7.8673,-0.4161,0.0577,-0.6235
1.6209,9.4834,0.9170,-0.4720,-0.3528,-0.2899,1.6305,2.7916,8.2672,-0.1003,0.2132,-0.5388
0.5459,9.1339,1.2570,-0.3753,-0.3858,-0.4438,1.0558,2.9688,8.0158,-0.0107,0.1962,-0.5744
-1.0391,9.1578,1.5371,-0.4461,-0.3818,-0.5349,-0.7470,3.5769,7.4508,0.0434,0.4744,-0.6699
-1.5874,9.0980,1.2402,-0.3034,0.1086,-0.6146,-1.1612,4.1300,7.1658,0.2033,0.7049,-0.3784
-1.9249,9.2225,1.4820,-0.2763,0.0313,-0.3022,-1.2857,4.4652,7.0749,0.0233,0.2356,-0.1316
-1.9776,9.3948,2.0446,-0.1619,0.0473,-0.0277,-1.8196,4.2545,7.4172,-0.0476,0.0919,0.0514
-1.0463,9.2919,1.4892,-0.0292,0.1568,0.0550,-0.3639,4.0175,7.5010,0.0112,-0.0273,0.1696
-0.6680,9.1243,1.1205,0.0309,0.0612,0.0875,0.0646,3.7876,7.5226,0.0080,-0.1637,0.1869
-0.8691,9.2608,1.0750,-0.0081,0.2365,0.0084,0.0862,4.0103,7.1299,0.0490,0.1139,0.2030
-0.4405,9.1459,0.6800,-0.0013,0.1140,0.0502,0.5914,3.9528,6.8354,0.0212,-0.0320,0.1641
-0.3879,9.1937,0.6919,-0.0741,0.1150,-0.0043,0.6081,3.9385,7.0318,-0.0203,0.0729,0.0994
-0.6297,9.2225,0.6225,-0.1106,0.0357,-0.0320,0.5124,4.0510,6.8714,-0.0618,0.0714,0.0153
-0.4932,9.2129,0.8404,-0.1701,0.1073,-0.0887,0.6369,3.9840,6.9935,-0.0702,0.1701,-0.0139
-0.5315,9.2368,1.0678,-0.1037,-0.0766,-0.0460,0.1987,3.9049,7.5058,-0.0425,-0.0203,-0.0857
-1.0223,9.1674,1.1875,-0.1362,0.0116,-0.1231,-0.1149,4.1587,7.1180,-0.0159,0.1510,-0.0962
-0.9792,9.2105,1.1444,-0.0821,0.0019,-0.1155,-0.1963,4.1180,7.1467,0.0256,0.0806,-0.0578
-0.9673,9.1889,1.3575,-0.0597,-0.0510,-0.0786,-0.4118,3.9600,7.5537,0.0195,-0.0103,-0.0400
-1.1947,9.2847,1.3024,-0.0549,0.0316,-0.1140,-0.3112,4.2353,7.1850,0.0356,0.0737,-0.0536
-1.0151,9.2512,1.2737,0.0385,-0.0548,-0.1240,-0.2346,4.1683,7.4508,0.0646,-0.0750,-0.0041
-1.1732,9.2608,0.9936,0.0729,-0.0466,-0.0632,-0.0694,4.2473,7.2832,0.0814,-0.1151,0.0278
-1.5945,9.4571,1.2186,0.1038,-0.0404,-0.0352,-0.4094,4.5250,7.0413,0.0472,-0.0973,-0.0141
-1.2019,9.3230,0.7781,0.2461,-0.1571,0.0693,-0.0144,4.5562,7.0485,0.0814,-0.3568,0.0274
-1.0511,9.2368,0.3304,0.2701,-0.2189,0.1953,0.3711,4.4508,7.0054,-0.0232,-0.4203,0.0498
-1.9106,9.3757,0.8380,0.1943,-0.2599,0.3608,-0.3400,4.7142,6.3039,-0.2499,-0.3644,0.0093
0.5602,9.1243,-0.1221,0.1900,-0.1603,0.2465,1.4964,3.6679,7.1706,-0.1164,-0.4907,0.0919
0.4645,9.0549,0.5411,0.0509,-0.0871,-0.0404,1.1588,3.4046,7.5729,0.0648,-0.2346,0.0105
-0.6345,9.3805,0.4525,-0.0887,0.0393,-0.2010,0.4381,4.1899,6.7014,0.0436,0.1451,-0.0596
-0.3807,9.3781,0.3950,0.0373,-0.1340,-0.0662,0.5794,4.3072,6.7780,0.0132,-0.0707,-0.0213
-0.6991,9.2727,0.2705,-0.0129,-0.1146,0.0352,0.7087,4.2904,7.1132,-0.1142,-0.1460,0.0212
-1.0271,9.4475,0.4645,-0.0573,0.0115,0.0529,0.2227,4.2808,7.0629,-0.1785,0.0013,0.1813
-0.1796,9.3446,0.6800,0.0933,-0.0039,0.1069,0.5722,3.7613,8.0110,-0.0313,-0.0193,0.4842
-0.6919,9.5241,0.4597,0.1187,0.0710,0.1094,1.1325,4.1779,7.2089,-0.0754,-0.1545,0.2321
-0.1556,9.6151,0.6943,0.1247,0.0468,0.1188,0.2705,3.4309,7.9942,-0.1007,-0.0961,0.1917
0.1724,9.4858,0.0814,0.2102,0.0957,0.0601,1.3240,3.7230,7.1299,0.0878,-0.1641,0.1555
-0.1939,9.6031,0.1987,0.1160,0.0326,0.0670,1.3120,3.7373,7.3574,0.0179,-0.1593,0.0970
-0.0718,9.5888,0.7518,0.1672,0.0514,0.0554,1.0295,3.3112,8.1523,0.1013,-0.1727,0.0854
0.4477,9.6079,0.2322,0.3333,0.0970,-0.0211,1.6520,3.5123,7.7309,0.2980,-0.3150,0.1431
-0.2801,9.4763,-0.1437,0.3463,0.0594,-0.0817,1.4126,4.0893,7.1180,0.3178,-0.2393,0.0801
-0.5028,9.4523,-1.0271,0.3520,0.1256,-0.0919,1.6735,4.6112,6.5362,0.3640,-0.1957,0.0965
-0.7590,9.4667,-1.0534,0.3214,0.1171,-0.0899,1.6664,4.6663,6.4955,0.3140,-0.1669,0.1346
-0.6632,9.5912,-1.4653,0.2771,0.0558,-0.0397,2.3176,5.1308,5.8873,0.1900,-0.2172,0.0606
-0.3232,9.3182,-1.5921,0.1051,0.1463,0.0072,1.6807,4.5274,6.3494,0.1187,-0.0628,0.1729
-0.1508,9.4954,-1.3455,0.1797,0.1970,0.0088,2.6671,4.6902,6.7732,0.1444,-0.1280,0.1795
1.4581,9.6678,-1.4653,0.2727,0.3320,-0.0682,3.7062,4.8746,7.9655,-0.1102,0.1031,0.0384
-0.1317,9.5648,-2.0853,0.2469,0.2106,-0.1584,2.6815,5.4300,5.9640,0.3019,0.1007,0.1783
-0.5914,9.6391,-2.2386,0.1865,0.2006,-0.1081,2.7246,5.6743,6.1507,0.1763,0.0376,0.0851
-0.6560,9.5193,-2.4565,0.1907,0.1367,-0.0845,2.7078,5.7221,5.7604,0.2217,-0.0309,0.1073
-0.7183,9.5193,-2.7581,0.1832,0.0885,-0.0266,2.7150,5.6838,5.6623,0.1817,-0.1435,0.1274
-1.3575,9.6127,-2.5115,0.0890,0.1868,-0.1371,2.4756,6.1723,5.6192,0.1883,0.0734,0.0604
-1.4988,9.6103,-2.3822,0.3491,-0.0942,0.0871,1.7885,6.0741,5.7078,0.1715,-0.4313,0.0678
-1.2402,9.4308,-3.1029,0.2995,0.0636,0.1613,2.6025,5.9927,5.2313,0.1022,-0.3441,0.2082
-0.1389,9.4834,-2.9137,0.2414,-0.0807,0.2196,3.6464,5.4444,5.5929,-0.0524,-0.3551,0.0942
0.5555,9.5768,-2.8754,0.2242,-0.0542,0.1446,4.1084,5.0039,6.4141,0.0694,-0.3211,0.0938
0.2562,9.5385,-3.3686,0.2963,0.2202,-0.1299,4.0151,5.5234,6.0645,0.3515,-0.1146,0.1150
-0.9337,9.4499,-3.8978,0.5248,0.2751,-0.0874,3.8116,6.1220,4.9177,0.5764,-0.4221,-0.0302
-0.7925,9.4020,-4.3455,0.1992,0.0526,-0.0763,3.8092,6.4548,3.7685,0.2156,-0.1070,0.0825
-0.3759,9.3901,-3.7038,0.1130,-0.0297,-0.0537,3.5985,6.1938,5.2553,0.1276,-0.1120,-0.0117
-0.3926,9.3781,-3.8020,0.1231,0.1684,-0.1156,3.6296,6.0980,5.4229,0.2368,0.0120,0.1288
-0.1293,9.4140,-4.0989,0.1211,0.2802,-0.1731,3.6966,5.8993,5.2720,0.2766,-0.0049,0.2308
-0.1556,9.4475,-3.8595,0.0151,0.3146,-0.1086,4.2689,5.9233,4.8123,0.1664,0.1192,0.2793
-0.2179,9.5170,-3.9792,0.0133,0.2594,-0.2125,3.9840,6.0238,4.9081,0.2093,0.2353,0.0911
-0.6488,9.2727,-3.3974,0.1784,0.2617,-0.1908,3.3327,6.1579,5.0494,0.3780,0.0052,0.1791
-1.1301,9.2153,-4.0294,0.2806,0.2717,-0.1543,3.3016,6.6607,4.4125,0.3844,-0.0538,0.2587
-1.0870,9.1387,-4.7381,0.4070,0.3006,-0.1188,3.8786,6.8570,3.9672,0.4495,-0.1362,0.2597
-0.8380,9.0214,-4.9416,0.4461,0.1323,-0.0049,4.4149,6.8690,3.7804,0.3373,-0.2859,0.1877
-0.0718,8.8609,-6.4356,0.3324,0.0601,-0.0242,5.8993,6.9983,2.9473,0.2779,-0.2581,0.0869
-0.1724,8.8059,-6.5338,0.0885,-0.0967,-0.0577,5.7054,6.9719,2.9521,0.0853,-0.1120,-0.0741
-0.7326,8.8442,-5.9137,-0.1230,-0.1656,-0.1026,4.6040,7.2377,3.1747,-0.1015,0.0811,-0.2434
-1.0894,8.9974,-5.8442,-0.1196,-0.1807,-0.0810,4.3527,7.2712,3.1603,-0.0853,0.0100,-0.2065
-1.3216,8.9639,-5.4851,-0.2120,-0.1499,-0.0179,4.0797,7.3023,3.5099,-0.1876,0.0123,-0.1308
-1.2426,9.0309,-5.4516,-0.3091,-0.1078,0.0091,4.1515,7.2664,3.4668,-0.2876,0.1443,-0.1467
-0.9002,8.9064,-5.4181,-0.3600,-0.1367,0.0272,4.2928,7.0485,3.7589,-0.3227,0.1388,-0.1427
-1.3431,8.9926,-5.5138,-0.4696,-0.1843,0.0927,4.0175,7.3550,3.2681,-0.4698,0.1701,-0.1853
-0.9146,8.9495,-5.7820,-0.6122,-0.1400,0.0994,4.5538,7.0988,3.2848,-0.5396,0.2867,-0.1901
-0.6800,8.8705,-5.0566,-0.7462,-0.4282,0.1508,4.4628,6.7445,3.6871,-0.7389,0.1816,-0.3633
-0.5746,9.0142,-4.6160,-0.9245,-0.4171,0.1451,3.8020,6.3231,4.2832,-0.8299,0.3259,-0.4045
0.1341,9.2464,-2.4852,-0.6728,-0.3897,-0.1459,3.8307,5.6551,6.2225,-0.3684,0.2393,-0.7614
-0.4405,8.9495,-3.7182,-0.7073,-0.4630,-0.0650,2.6480,6.1220,4.2425,-0.2373,0.0500,-0.7376
-0.9768,8.9304,-3.6607,-0.8867,-0.2108,-0.0726,2.8683,6.2680,3.8283,-0.6907,0.4611,-0.3820
-0.4621,8.9423,-2.8036,-1.1680,-0.3088,0.0293,2.8898,5.4899,5.1044,-0.9602,0.6099,-0.4327
-0.4884,9.0908,-1.4868,-1.2835,-0.2771,-0.0007,1.6616,4.8483,6.0406,-0.8949,0.7966,-0.3259
-1.0487,8.9328,-0.9720,-1.0677,-0.2441,-0.1779,0.7949,4.9368,5.6719,-0.6855,0.7761,-0.5590
-0.9601,8.6742,-0.5602,-1.0685,-0.2601,-0.1051,0.6776,4.6232,6.0861,-0.7402,0.6944,-0.3965
-1.4365,8.8155,0.3591,-1.2056,-0.1637,-0.0711,-0.1293,4.4724,6.3303,-0.8250,0.8156,-0.3900
-0.4812,8.5210,0.6177,-1.0464,-0.2053,0.0509,0.8595,3.6464,6.5003,-0.8516,0.4161,-0.3569
-0.8068,8.6862,1.3096,-0.9875,-0.6666,-0.0618,-0.8116,3.1891,7.4508,-0.9258,0.3778,-0.7214
-2.2817,9.2967,3.2561,-1.1182,0.1848,-0.2533,-2.4924,3.4189,7.5633,-0.6328,1.2067,-0.2558
-1.4054,8.7364,3.1508,-0.9038,-0.1235,0.0673,-2.2027,2.6815,7.5369,-0.8314,0.6943,-0.3258
-0.1389,8.2983,3.1891,-0.8274,-0.1467,0.0695,-1.2761,1.9585,8.3845,-0.7220,0.3184,-0.2623
-1.1588,8.3318,4.1468,-0.8493,0.0057,-0.0686,-2.8659,1.9106,8.1570,-0.5574,0.5516,-0.1841
-1.0965,8.6981,4.7621,-0.8071,-0.0560,-0.0191,-3.7062,1.5251,9.3326,-0.5782,0.6114,-0.1051
-1.3575,8.9064,5.2337,-0.4506,0.1108,-0.0342,-3.5123,1.7166,8.5569,-0.2477,0.4610,-0.0520
-1.0463,8.9639,5.8658,-0.0978,-0.0590,0.0254,-3.7134,1.3767,9.4643,-0.3164,0.0667,-0.0453
0.1125,8.9232,6.3279,0.2975,-0.1876,0.0869,-3.7804,0.4334,10.7595,0.0610,-0.5416,0.0753
-1.2282,8.6694,5.3103,0.5828,0.0410,-0.0388,-3.8331,1.3360,8.8226,0.4783,-0.4558,0.2186
-0.4788,8.3486,4.5993,0.8501,0.0139,-0.0180,-2.6911,1.3096,8.9735,0.6468,-0.6869,0.2535
-0.4597,8.1858,4.1276,0.9533,0.0342,-0.1482,-1.8699,1.7358,8.5186,0.8576,-0.7238,0.3226
-1.0582,8.2480,2.9329,1.0665,0.2208,-0.0501,-1.8555,2.4995,7.4316,0.8588,-0.7125,0.4727
-1.2378,8.4060,1.6664,1.2108,0.3186,-0.0410,-1.0511,3.2441,6.8546,0.8823,-0.7448,0.4895
-1.6185,8.4827,1.4772,1.2012,0.2503,0.0670,-1.2426,3.6440,6.6726,0.9141,-0.8699,0.5797
-2.1308,8.5377,0.2059,1.2532,0.3726,0.0817,-0.8116,4.7309,5.4396,0.8797,-0.7048,0.5724
-1.9106,8.4970,-1.3096,1.1854,0.5468,0.2751,0.8212,5.3798,4.8315,0.7589,-0.8795,0.8628
-1.2450,8.7508,-2.1835,0.8318,0.4158,0.4195,1.6281,5.2744,4.7740,0.3757,-0.7534,0.7905
-0.4262,8.9040,-1.9082,0.7446,0.3449,0.5115,2.5187,4.9081,5.4396,0.2737,-0.6992,0.7694
0.5195,9.1339,-2.5474,0.5744,0.3729,0.3769,3.3160,4.4915,5.9855,0.2562,-0.4964,0.6512
0.8068,9.4475,-2.8443,0.6241,0.2822,0.1603,4.3263,4.8052,5.8035,0.4050,-0.4535,0.4113
0.7757,9.3661,-3.5243,0.5804,0.0645,-0.1013,3.8259,4.7501,5.8419,0.5363,-0.3877,0.1805
0.0431,9.3613,-3.0765,0.6596,0.1203,-0.2694,3.5099,5.2505,5.4492,0.6837,-0.3635,0.1111
-0.8978,9.1554,-3.9480,0.6919,0.1059,-0.1712,3.3710,5.7844,5.0135,0.6736,-0.3885,0.1288
-0.2059,8.9783,-4.9608,0.7268,0.1042,-0.1227,5.1164,6.4643,3.8858,0.6720,-0.5548,0.0939
-0.7254,9.0453,-5.7078,0.3829,-0.2137,-0.1788,4.4197,6.8857,2.9688,0.3757,-0.2754,-0.1940
-0.8619,8.9399,-5.7628,-0.0101,0.0338,-0.2120,4.3239,7.1371,3.2274,0.1172,0.1952,-0.1295
-1.1899,9.0046,-5.3654,-0.0369,-0.2380,-0.0954,3.6559,7.1826,3.5219,-0.0048,-0.0965,-0.1876
-1.1564,9.0908,-5.0206,-0.2214,-0.1639,0.0016,4.2832,6.9983,3.9385,-0.1977,0.0246,-0.1355
-0.7614,9.0405,-5.5138,-0.5339,-0.2242,0.0546,4.4652,6.8474,3.4907,-0.4848,0.1657,-0.2282
-0.0335,9.0261,-4.8914,-0.7481,-0.4946,0.1130,5.0206,6.1411,3.5482,-0.7044,0.1928,-0.4806
-0.0694,9.1147,-3.9145,-0.9336,-1.0199,0.0895,4.5203,5.6838,4.7692,-1.0172,0.1522,-0.9633
0.1867,8.8777,-4.1731,-1.0769,-0.6867,-0.2229,3.4333,5.4324,5.5881,-0.7492,0.5172,-0.8572
-1.1732,8.9423,-2.4373,-1.1758,-0.5311,-0.3256,2.3391,5.6216,5.2289,-0.6827,0.6198,-0.8450
-1.5395,8.9208,-1.9345,-1.2652,-0.5013,-0.2451,1.1468,5.5043,5.0637,-0.8086,0.7906,-0.8009
-1.5802,8.6862,-1.7047,-1.2817,-0.3533,-0.3074,0.9936,5.2960,5.2457,-0.5582,1.0184,-0.8295
-1.4317,8.1714,-0.4022,-1.2225,-0.3904,-0.1655,-0.0192,4.3072,6.5673,-0.7750,0.8496,-0.5115
-1.5443,8.4372,0.1580,-0.8316,-0.0814,-0.1743,-0.9720,4.4245,6.0549,-0.4915,0.4840,-0.1494
-2.8036,8.6455,1.7310,-1.1057,0.0120,-0.1152,-2.6671,4.4029,6.1842,-0.6133,0.8171,-0.1787
-1.6712,8.2935,1.4820,-1.2359,-0.0115,0.0045,-1.3862,3.6272,6.5912,-0.7173,0.7422,-0.1797
-1.4772,8.4420,3.0143,-1.2433,-0.0257,-0.0045,-1.6137,3.0502,7.1084,-0.8551,0.8513,-0.2441
-0.8811,8.0134,3.8403,-1.2438,-0.1178,-0.0601,-3.0406,1.9465,8.8801,-0.8310,1.0040,-0.4622
-2.8443,8.6431,5.4827,-1.0802,-0.1507,-0.0091,-4.9201,2.5043,8.4420,-0.7374,0.8015,-0.3291
-1.8220,8.7508,6.5864,-0.6631,-0.1298,0.1045,-5.1547,1.5658,9.8306,-0.5227,0.4530,-0.1258
-1.6257,8.5880,6.4643,-0.1628,-0.0739,0.1632,-4.4317,1.4461,9.7013,-0.2751,-0.1933,0.0016
-1.4150,8.6119,6.2513,0.4402,-0.1367,0.1647,-4.6136,1.4916,9.3111,0.0380,-0.5065,0.1079
-1.0487,8.3606,5.4013,0.6058,-0.2280,0.2936,-3.9648,1.3551,9.1913,0.0949,-0.7689,0.2041
-1.0415,8.5162,4.5083,0.7297,0.0537,0.1110,-3.4213,1.8435,8.5617,0.4425,-0.6222,0.3183
-0.8212,8.2744,4.3048,0.9663,0.1005,0.1451,-2.5402,1.8890,8.3438,0.5981,-0.8869,0.4342
-1.3312,8.2983,2.8228,1.1154,0.0324,0.1623,-2.0207,2.6217,7.2042,0.6695,-1.0261,0.3868
-0.5962,8.1211,2.7270,1.1694,-0.0127,0.0833,-0.8619,2.8419,7.6327,0.6903,-0.8342,0.2774
-0.7446,8.2648,0.7183,1.2473,-0.1180,-0.0302,-0.5387,3.6248,6.2225,0.9461,-1.1066,0.2381
-0.9864,8.8585,0.1676,0.9773,0.1320,0.1330,-0.1101,4.0031,6.4332,0.5644,-0.7651,0.4650
-0.4214,8.8945,-0.0407,1.0812,0.2438,0.0759,0.6967,4.0366,6.5649,0.6431,-0.7915,0.4363
-0.6273,8.9447,-0.4381,0.9081,0.2377,0.0783,0.3998,3.9887,6.6750,0.6406,-0.5967,0.5267
-0.5746,9.0261,-0.5387,0.8256,0.4146,-0.0120,1.0319,4.3574,6.5721,0.7214,-0.3952,0.5690
-0.8978,8.9519,-2.8323,0.5380,0.5805,-0.1029,1.9968,5.4875,4.5777,0.6023,-0.1065,0.5939
-1.4557,8.9376,-3.0119,0.4886,0.3637,-0.0353,2.3367,6.1028,4.2617,0.3508,-0.1864,0.3524
-0.7015,9.1554,-3.0047,0.2142,0.3180,0.1255,1.8699,5.6120,5.7245,0.1047,-0.0097,0.4237
-0.3424,9.5768,-2.8108,0.3243,0.4582,-0.0468,2.9209,5.6527,5.8251,0.3864,-0.0699,0.4137
-0.4070,9.5936,-2.5786,0.4086,0.4217,-0.0545,2.6576,5.5306,5.4755,0.4173,-0.0437,0.3950
0.0239,9.2392,-3.6871,0.5764,0.3680,-0.1753,4.0270,5.8754,5.1834,0.5704,-0.2325,0.2643
-1.3384,9.3254,-3.6129,0.4120,-0.0236,-0.0393,2.6911,6.5146,4.8411,0.2952,-0.2743,0.0963
-0.7542,9.2081,-4.8890,0.2742,0.0967,-0.1684,4.0007,6.9336,4.0725,0.3463,-0.0990,0.0302
-0.8332,9.2009,-4.9560,0.1375,-0.1009,-0.1455,4.1492,6.9791,4.2353,0.1792,-0.1136,-0.1455
-1.5155,9.1363,-5.0781,-0.0350,-0.2762,-0.0753,3.4812,7.2640,4.0606,-0.0434,-0.1478,-0.2502
-0.6704,9.0333,-5.3199,-0.2753,-0.2830,-0.1018,4.6280,7.0485,3.7182,-0.2286,0.0779,-0.3563
-0.9002,9.0477,-5.0278,-0.4502,-0.3882,-0.1651,4.1108,7.0078,4.0103,-0.2882,0.1520,-0.5137
-1.3216,9.0644,-4.1228,-0.5738,-0.7621,0.0229,2.9329,6.6463,4.6328,-0.6017,-0.0308,-0.6734
-1.5131,9.0621,-3.6440,-0.7260,-0.5429,-0.0293,1.9920,6.3638,4.8195,-0.6383,0.2605,-0.6021
-1.8100,9.0501,-2.7988,-0.9068,-0.4507,-0.1311,1.7071,6.3925,4.4245,-0.6644,0.4505,-0.6612
-1.3072,8.9519,-2.4565,-0.9755,-0.6811,0.0075,1.6927,5.7485,5.3558,-0.8256,0.2344,-0.7484
-2.0351,9.1506,-1.5083,-1.1751,-0.5801,0.0851,-0.1844,5.5091,5.7844,-1.0102,0.5466,-0.5894
-1.0080,9.1866,-0.9768,-1.0044,-0.2830,0.0970,0.4525,4.9464,6.7804,-0.7853,0.4363,-0.3383
-1.2115,8.9471,-0.2418,-0.8544,-0.2240,0.1803,0.0814,4.5610,6.6391,-0.7581,0.2785,-0.2245
-2.1691,9.0453,0.5986,-1.0116,-0.3128,0.2106,-0.9864,4.6639,6.2728,-0.9229,0.4692,-0.3501
-1.1899,8.5138,-0.1724,-0.7004,-0.0821,0.2699,-0.9457,3.9935,6.3470,-0.7193,0.2153,0.0492
-1.2163,8.4683,1.1588,-0.7638,0.1442,0.3368,-0.6943,3.4117,7.0677,-0.6687,0.4141,0.2891
-0.8404,9.0453,2.2529,-1.0265,0.1454,0.1990,-0.9936,2.9640,7.3598,-0.8555,0.9277,0.1466
0.5435,8.6311,1.9992,-0.8236,0.0413,0.1639,-0.3376,2.1165,8.6981,-0.6460,0.3651,0.0554
-0.5674,8.7867,2.8228,-0.6238,0.2731,0.0506,-1.4700,2.3918,7.6974,-0.4282,0.6832,0.0891
-0.4094,9.1722,4.3646,-1.0219,-0.0546,0.0838,-2.0470,1.8172,8.6646,-0.8087,0.8454,-0.2277
0.6464,8.9950,4.1037,-0.6340,-0.1444,0.0566,-1.6472,1.1588,9.7157,-0.4676,0.0141,-0.2312
-0.5818,8.8945,4.4077,-0.4238,-0.0975,-0.0905,-2.7701,1.6424,9.1147,-0.2357,0.1923,-0.2324
-0.8667,8.6622,3.9025,-0.3489,-0.0719,-0.0829,-2.3320,2.0973,7.7931,-0.1993,0.2785,-0.2505
-0.6847,8.7580,4.7405,-0.3058,-0.1877,-0.0461,-3.1149,1.4796,9.1195,-0.2161,0.1447,-0.2142
-0.3496,8.8562,4.5298,0.1033,-0.1340,-0.0983,-3.1556,1.3862,9.3206,0.1215,-0.2477,-0.1159
-1.0151,9.0764,5.2864,0.1756,-0.1495,-0.0205,-3.8954,1.5586,9.2440,0.1772,-0.2519,0.0907
-0.3256,8.7580,4.0199,0.4415,-0.2433,0.1164,-1.9537,1.8483,8.7029,0.3335,-0.8378,0.1528
-0.6369,8.6742,4.7788,0.8202,-0.0652,0.0569,-3.2298,1.4629,9.3158,0.5549,-0.7045,0.2372
-0.5339,8.5904,3.2681,0.9959,0.1351,0.0155,-1.9106,2.2745,8.0469,0.7345,-0.7214,0.3742
-0.6584,8.5976,2.8156,1.2789,0.1284,-0.0973,-1.6017,2.5379,7.7452,0.9551,-0.8158,0.3210
-0.9385,8.6455,1.8004,1.2701,0.0336,0.0362,-1.0199,3.2753,6.8163,0.8632,-0.9543,0.3691
-0.4453,8.7029,0.2634,1.2293,0.1146,0.0302,0.4094,3.6703,6.5817,0.8456,-0.8968,0.3989
-0.0575,8.5952,-0.4669,1.2113,0.0791,0.0464,1.0319,3.7972,6.3351,0.8251,-0.9013,0.4028
-0.4525,9.0333,-0.6608,0.8807,0.1067,-0.0324,1.2713,4.5035,6.2273,0.6559,-0.5273,0.3188
-0.0311,8.8107,-2.3104,1.0850,0.1216,-0.0452,2.3822,4.8147,5.7509,0.8144,-0.8066,0.3385
-0.9170,9.0429,-2.0686,0.6199,0.1788,-0.0161,2.1428,5.5593,4.9321,0.5690,-0.3720,0.2490
0.2394,9.0740,-4.1563,0.7049,0.3227,0.0028,3.5410,5.5809,4.8626,0.5818,-0.4430,0.4608
-0.3591,9.2344,-2.7725,0.4666,0.3964,-0.0735,2.8898,5.7054,5.6168,0.4462,-0.1414,0.4042
-0.4334,9.1746,-4.2497,0.2101,0.4338,-0.2274,3.8762,6.3159,4.2521,0.3589,0.1773,0.2948
-0.7159,9.2536,-4.0486,0.1839,0.1998,-0.1018,3.3662,6.4093,4.1611,0.2399,-0.0288,0.2193
-0.9313,9.3230,-3.9121,-0.0201,0.0657,-0.0517,3.4405,6.6487,4.3718,-0.0103,0.0409,0.0453
-0.4238,9.2488,-4.4915,-0.1442,-0.0152,0.0081,3.6871,6.4069,4.3431,-0.1316,0.0530,-0.0144
0.0335,9.3685,-3.5698,-0.3792,-0.0730,-0.0321,3.9002,5.9568,5.2337,-0.2737,0.2181,-0.1291
-0.7949,9.4403,-3.0454,-0.4600,-0.1824,-0.0589,2.6767,5.9544,5.1906,-0.3287,0.2868,-0.2551
-0.5483,9.3015,-3.2322,-0.4678,-0.2539,-0.0945,3.1723,5.8802,5.0853,-0.3379,0.2266,-0.3802
0.0551,9.3087,-2.4972,-0.5861,-0.2999,-0.0999,3.1460,5.3056,6.0214,-0.4307,0.2457,-0.4482
-0.1030,9.3925,-2.0614,-0.5377,-0.3977,-0.2214,2.9760,5.3893,6.0406,-0.3198,0.2325,-0.5937
-0.6488,9.2249,-2.6695,-0.3592,-0.4976,-0.2370,1.9106,5.4947,5.5617,-0.2336,-0.0144,-0.6576
-0.9098,8.9902,-1.9752,-0.6235,-0.3463,-0.1410,1.7071,5.5929,5.4875,-0.3973,0.2439,-0.4800
-1.1133,9.1195,-1.2258,-0.8801,-0.4513,0.0216,0.9840,5.0996,5.9137,-0.7389,0.4118,-0.4588
-1.8771,8.6598,-1.6472,-0.8064,0.0358,-0.2827,0.2035,5.6407,4.6352,-0.4422,0.7803,-0.4561
-1.8387,8.0349,-0.4310,-1.0219,-0.1857,0.0421,-0.5698,4.5011,5.4995,-0.7224,0.4738,-0.2908
-2.5259,8.8298,0.8356,-1.4886,-0.1075,-0.0750,-1.6017,4.7022,5.9328,-0.9979,1.2830,-0.4090
-0.4214,8.8681,1.2737,-1.1373,-0.1256,0.1219,-0.3089,3.2992,7.7620,-0.9229,0.3665,-0.2575
-0.5339,8.7293,2.9712,-1.1584,-0.1186,0.1808,-1.5443,2.5067,8.1331,-0.9662,0.5077,-0.2695
-1.0558,9.2775,5.2888,-1.1940,-0.1780,0.1551,-3.4357,1.7957,9.4284,-0.9637,0.8116,-0.2695
0.1125,9.3278,4.7788,-0.6901,-0.0926,-0.0204,-2.1213,1.6041,9.7995,-0.4979,0.3211,-0.2485
0.0982,9.0429,5.1092,-0.1956,-0.0633,-0.0238,-2.7533,1.3264,10.0652,-0.1103,-0.1885,-0.0361
-0.3089,9.1866,5.4540,-0.0393,-0.0650,-0.1557,-3.1987,1.4030,9.8641,0.0785,0.2285,-0.1127
-0.5938,9.1770,4.3024,0.2948,-0.0001,-0.2557,-2.7198,2.2122,9.0357,0.4130,-0.1640,-0.0609
-1.2857,8.7532,4.6064,0.7147,-0.1176,0.0404,-3.4692,2.1596,8.8562,0.4830,-1.0263,0.2237
-1.0654,9.2081,5.2840,0.6704,-0.1907,-0.0306,-3.0287,2.0255,9.1602,0.5268,-0.8067,0.0633
0.2083,8.6981,3.3016,1.3977,-0.1595,-0.1007,-1.4533,2.0830,9.0477,0.9842,-1.2260,0.1868
-0.4453,8.2408,1.4198,1.3644,0.3656,-0.3635,-1.3695,2.7557,7.0198,1.2821,-0.5713,0.4429
-1.2953,8.5234,0.0215,1.1844,0.4426,-0.2848,0.3352,4.4317,5.3391,1.0976,-0.5734,0.4958
-1.7573,8.4731,-1.9872,1.1038,0.3557,-0.2074,0.6800,5.4229,4.4748,0.9190,-0.5894,0.4064
-1.4006,8.3677,-2.0183,0.7661,0.3752,-0.1095,0.4788,5.3822,5.6527,0.7193,-0.3933,0.5726
-2.0351,8.6311,-2.2170,0.7813,0.7718,-0.1869,0.7638,6.0717,4.6687,0.8532,-0.0648,0.7268
-2.3870,8.8083,-3.0263,0.6379,1.2424,-0.2152,1.3551,6.4811,4.3072,0.8031,0.3516,0.9606
-2.3774,9.0621,-2.8036,0.6233,0.7254,0.0477,1.8747,6.7493,4.5083,0.5419,-0.1386,0.7646
-1.6688,9.2225,-3.1220,0.4659,0.6711,0.1639,2.1093,6.6032,4.4508,0.3732,-0.1508,0.7754
-0.8643,9.2392,-2.9592,0.5490,0.4704,0.2398,2.6384,6.0358,5.4253,0.3816,-0.3584,0.6932
-0.6129,9.2799,-3.7110,0.5284,0.5065,0.1122,3.5913,6.3279,4.5801,0.4239,-0.2009,0.4510
-0.1532,9.0453,-4.5921,0.5742,0.3359,0.1132,4.3598,6.3877,4.3981,0.3916,-0.5288,0.4025
-0.6823,9.1004,-4.6064,0.2678,0.1152,0.0490,3.8571,6.9336,4.2282,0.1913,-0.1800,0.1475
-0.8404,9.0549,-5.8897,0.2096,0.1515,-0.0605,3.7565,7.3957,3.1867,0.3100,-0.0262,-0.0731
-1.0439,8.9950,-4.8507,0.0260,-0.0537,0.0350,3.5745,7.2616,3.9600,-0.0125,-0.1462,0.0400
-1.2115,9.1506,-4.8914,-0.1978,0.0434,-0.0085,3.4740,7.2784,3.8618,-0.1049,0.1727,-0.0329
-0.7350,9.0764,-4.7262,-0.2272,-0.0089,0.0782,3.5027,6.9145,4.0965,-0.2646,0.0326,0.0546
-0.8284,9.1171,-4.4772,-0.3515,-0.1681,-0.0020,3.2777,6.8115,4.5562,-0.3084,0.1523,-0.1724
-0.7757,9.2392,-4.6998,-0.3724,-0.0974,-0.1023,3.5889,6.8283,4.3718,-0.2001,0.1791,-0.2385
-1.0702,9.4020,-3.3926,-0.4792,-0.2069,-0.0783,2.6169,6.5362,5.1404,-0.3433,0.2483,-0.2661
-1.3719,9.3541,-3.4668,-0.4343,-0.1168,-0.0853,2.2721,6.7445,4.5610,-0.3083,0.2574,-0.2260
-1.5778,9.3398,-3.8547,-0.4162,-0.0866,-0.0558,2.1476,6.8354,4.5657,-0.2934,0.2469,-0.1527
-0.7829,9.4882,-2.5714,-0.4704,-0.1575,-0.0236,2.0255,6.0885,5.8323,-0.3957,0.2361,-0.2172
-0.4357,9.6414,-2.3104,-0.3852,-0.2301,-0.1139,2.5762,5.8371,5.9233,-0.2577,0.1214,-0.3507
-1.1995,9.4499,-2.4732,-0.3565,-0.3277,-0.2916,1.0942,5.8395,5.3463,-0.1033,0.3032,-0.5453
-0.7015,9.2392,-3.1771,-0.3826,-0.3717,-0.2543,2.4541,6.2058,5.4803,-0.1351,0.0987,-0.4647
-1.4269,9.3398,-2.5498,-0.5749,-0.3303,-0.3072,1.6209,6.2656,5.3223,-0.2362,0.3411,-0.5363
-1.4246,9.0740,-3.0215,-0.5549,-0.3941,-0.3736,2.0446,6.5074,5.0015,-0.1732,0.2803,-0.6378
-1.4054,8.9998,-1.9513,-0.5962,-0.5064,-0.4077,1.0295,5.9592,5.2122,-0.2270,0.3130,-0.7296
-1.8220,8.7963,-1.5203,-0.8286,-0.5440,-0.5232,0.5195,6.0908,5.3702,-0.3076,0.6246,-0.8683
-1.2809,8.6431,-1.0702,-0.5301,-0.5664,-0.5276,0.8045,5.2625,6.4236,-0.1463,0.2442,-0.8246
-3.1340,8.6407,-0.6057,-0.9365,-0.6186,-0.7300,-1.1971,5.6719,4.7405,-0.2218,0.9082,-1.0648
-1.7023,8.2049,-0.3879,-0.6760,-0.6785,-0.7059,-0.2370,5.0206,6.2297,-0.0975,0.3957,-1.1158
-2.2529,7.9871,0.5674,-0.9533,-0.9478,-0.9054,-1.4389,4.4772,5.3726,-0.1804,0.5521,-1.4444
-2.8204,7.6638,0.5746,-1.2438,-0.6875,-1.1423,-2.0494,4.3718,4.7860,-0.3226,1.2261,-1.5334
-2.2601,6.9192,1.2570,-1.0886,-0.8925,-1.2293,-2.5666,3.7110,5.1332,-0.1387,0.7673,-1.6713
-3.7709,6.3159,2.7749,-1.1946,-0.8079,-1.1450,-5.2241,3.2010,4.8219,-0.2058,1.0531,-1.4281
-7.7835,6.2872,5.7413,-1.2933,-0.5889,-1.0529,-9.9958,3.9528,3.9265,-0.0104,2.0658,-1.2188
-3.5769,5.1571,3.6943,-0.9226,-0.4425,-0.8120,-4.6687,2.0446,5.4444,-0.2502,-0.2931,-0.9142
-3.2633,3.8547,3.4524,-1.0178,-0.2242,-1.2592,-3.2274,2.0542,4.0821,0.1960,0.7731,-1.5403
-4.3335,3.3615,3.9217,-1.1041,-0.4438,-1.3263,-5.8012,1.6161,2.8084,0.1346,1.3446,-1.5247
-4.0007,2.1069,4.9249,-1.2125,-0.6396,-1.3418,-6.6822,0.2682,2.9880,0.1029,1.3522,-1.4891
-6.4955,0.1053,5.1236,-2.0339,-0.3645,-2.0745,-8.9687,0.5650,-0.5578,0.2330,2.7351,-1.8102
-8.9304,-0.2394,7.2640,-1.9093,-0.1432,-2.0624,-12.1602,0.3879,-0.7494,0.2376,2.4428,-1.8724
-9.2799,0.3998,7.8171,-1.2233,-0.3637,-0.9397,-13.0269,0.1676,-0.5555,-0.2206,1.0407,-1.1816
-7.2209,0.8667,7.1443,-1.1803,-0.6552,-0.7280,-11.5113,-0.5148,0.9625,-0.2457,0.9419,-1.1919
-5.6838,0.0790,8.1618,-0.6848,-0.3892,-0.5143,-10.8457,-1.3264,2.6767,0.0891,-0.4565,-1.1050
-8.1690,-0.5507,8.9040,-0.2550,-0.3419,-0.0765,-12.7467,-0.8045,-1.1301,0.6710,-0.0965,-0.8501
-4.9632,-1.0056,7.3981,-0.2324,-1.9819,-0.3724,-8.0469,-2.0423,2.7198,0.3035,-1.6318,-1.3403
-3.8618,-1.0151,7.2089,0.1051,-0.3315,-0.4072,-10.7667,-3.1939,2.2553,0.2285,-0.2349,-0.2703
-3.3208,-0.2490,6.4763,-0.3555,-0.5352,-0.2789,-6.8163,-1.5802,0.7925,0.0155,0.1536,-0.3954
-3.1149,-1.2282,7.0390,-0.7871,-1.6354,-0.4898,-5.4396,-2.4301,1.3144,-0.4207,-0.3852,-1.6062
-3.1795,-1.0774,5.9951,-0.8925,-2.3354,-0.8312,-10.1299,-3.4381,-1.2713,0.1179,-0.4349,-2.2135
-2.4229,-3.8092,9.1171,-2.0447,-0.9634,-0.5315,-9.4355,-6.1723,1.9489,-0.9529,1.0796,-1.2741
-2.0614,-4.0989,7.0294,-1.6952,-1.0901,-0.5704,-6.2704,-5.7078,-1.2809,-0.5299,0.4430,-2.4256
-0.1556,-4.4053,7.9847,-1.6798,-1.5812,-0.2920,-10.2879,-7.3717,0.1077,-1.0252,0.2061,-0.9053
-0.8404,-4.7453,6.9025,-1.0668,-0.6053,0.3766,-6.2369,-7.0054,0.0862,-0.8881,-0.2173,-1.0331
0.6297,-5.7892,6.8929,-0.9398,-0.4610,0.2590,-5.1739,-7.8673,0.3232,-0.7081,-0.3215,-0.9133
0.0862,-5.7988,6.5649,-0.8653,-0.2887,0.2932,-5.8251,-8.3294,0.0814,-0.4784,0.1014,-0.9926
0.6656,-6.1746,7.2161,-0.6552,-0.3348,0.0565,-6.7780,-8.7843,0.0862,-0.4155,0.0313,-0.1480
0.3783,-6.0262,6.1603,-0.1820,-0.2602,0.1322,-5.0278,-8.1834,0.0814,-0.0602,-0.2376,-0.1524
-0.0311,-6.2177,5.9017,-0.1095,-0.0683,-0.0031,-4.7501,-8.0445,-0.6943,0.0582,-0.1375,-0.5490
0.1269,-6.3303,5.4492,-0.3048,-0.0272,0.0452,-4.6208,-8.2935,-0.9290,-0.0885,0.0218,-0.7163
0.0958,-6.5912,5.7054,-0.4819,-0.0553,0.0374,-4.4508,-8.7245,-0.7901,-0.2180,0.0281,-0.6360
0.0335,-6.5864,5.8897,-0.4179,-0.0805,0.0329,-4.5801,-8.8107,-0.5052,-0.2268,-0.0630,-0.5521
-0.0670,-6.7325,6.0478,-0.3838,-0.0999,-0.0009,-4.4772,-9.0764,-0.5387,-0.1576,0.0224,-0.4738
0.1221,-7.0030,5.8083,-0.1761,-0.0655,0.0421,-4.3862,-9.1961,-0.6153,-0.0767,-0.0861,-0.2726
0.2490,-6.7828,5.5857,-0.0945,-0.0385,0.0569,-3.7469,-8.9974,-0.7039,-0.0850,-0.0963,-0.0883
0.2873,-6.7876,5.6024,-0.1367,-0.0506,0.0040,-3.6105,-8.9902,-0.6823,-0.0821,-0.0377,-0.1085
0.0958,-6.8091,5.4205,-0.0998,-0.0052,-0.0052,-3.7206,-9.0597,-0.6895,-0.0581,-0.0148,-0.0749
0.2251,-6.8785,5.5138,-0.1078,-0.0049,0.0334,-3.7302,-9.1411,-0.7350,-0.0830,-0.0021,-0.0422
0.2251,-7.0102,5.8251,-0.1843,-0.0416,-0.0418,-3.7086,-9.3398,-0.6273,-0.0906,0.0450,-0.1259
0.0622,-6.7660,5.4085,-0.0477,-0.0482,-0.0132,-3.8283,-9.0142,-0.6369,0.0105,-0.0572,-0.0333
0.0646,-6.6894,5.3726,-0.0683,0.0009,-0.0024,-3.6488,-8.9112,-0.8284,-0.0272,0.0052,-0.0124
0.2322,-7.0078,5.2984,-0.1592,-0.0144,0.0209,-3.3734,-9.0812,-1.0199,-0.1171,0.0281,-0.0380
0.2921,-7.0342,5.4588,-0.1597,-0.0250,0.0183,-3.4812,-9.2751,-0.7877,-0.1167,-0.0129,-0.0362
0.1915,-6.9408,5.5641,-0.0538,-0.0325,-0.0159,-3.6512,-9.1698,-0.5411,-0.0193,-0.0502,-0.0296
0.0239,-6.7971,5.2601,-0.0541,0.0043,-0.0157,-3.5674,-8.9064,-1.0056,-0.0334,-0.0007,-0.0332
0.0814,-7.0030,5.2601,-0.1525,-0.0055,0.0244,-3.3974,-9.0285,-1.1037,-0.1299,0.0224,-0.0212
0.2873,-7.0270,5.6910,-0.1528,-0.0229,-0.0208,-6.3614,-10.4507,0.0168,-0.1234,0.2626,0.6323
-0.6345,-6.9599,9.7899,1.2457,0.8310,-0.0320,-8.1163,-11.3653,2.1979,-0.2092,-0.2535,4.3128
-1.5874,-7.0030,13.0484,3.5777,1.2796,0.1833,-13.7834,-9.8569,-2.3056,1.3412,1.1190,4.3656
-1.7166,-9.1674,10.2544,4.3656,2.4921,1.1600,-8.7460,-8.2696,-5.0302,-1.1110,-3.1753,4.3656
-1.8747,-5.4372,13.1274,4.3656,1.4232,1.8879,-9.9766,-8.4132,3.9744,1.4738,-3.4359,3.7053
-5.4061,0.2873,8.5258,3.5976,2.6235,1.2277,-9.4523,-3.0191,1.7262,1.4510,-2.4012,3.1673
-4.3311,1.5945,7.4579,2.7418,1.5300,1.4659,-8.0780,-1.2546,1.6305,1.2742,-2.8232,2.3467
-2.6336,2.3080,4.5250,2.4359,0.9723,1.3475,-4.2234,-0.3280,2.2218,1.2057,-1.7652,2.2303
-4.0941,3.2346,3.6990,1.7545,1.4955,1.0553,-6.1818,0.6584,1.6640,0.8371,-1.2344,2.1809
-4.0606,3.8235,3.2513,1.6928,1.7042,1.1258,-6.7421,1.4581,2.3439,0.7730,-1.3512,2.3565
-5.5713,4.0797,3.5219,1.4739,1.3756,1.6603,-5.3391,2.4900,1.0965,0.1952,-1.2115,2.2520
-2.4229,4.4556,1.4700,0.9796,1.1513,1.5587,-2.5522,1.8651,2.2913,-0.0497,-0.8759,2.2323
-1.5706,4.5274,1.6065,0.2462,0.6964,1.7343,-3.0287,0.9792,2.8491,-0.6688,-1.0152,2.4788
-2.6384,11.1067,-0.7757,1.3884,1.1867,1.4494,0.9577,6.9911,5.3223,-0.0939,-1.5572,2.0880
-2.7102,7.6160,2.1931,-0.1394,0.4361,0.8423,-3.3902,3.8283,6.2584,-0.0440,0.9739,1.2820
-3.1340,8.3175,0.7661,0.6199,0.3361,0.8994,-0.5578,5.0230,5.8012,-0.1033,-0.7762,1.1700
-2.2122,8.6670,-0.7398,0.6568,0.8388,0.7149,-0.3089,5.0637,6.0238,-0.0558,-0.6704,1.0305
-2.8108,8.3797,-0.5986,0.6085,0.8035,0.9290,-0.8763,5.3510,5.1619,-0.0300,-0.7169,1.1618
-1.6233,8.7173,-0.4381,0.4158,0.6038,1.0781,0.9577,4.7118,5.6958,-0.3277,-0.6430,1.1421
0.6249,9.1794,-2.0375,0.4050,0.1540,1.0162,3.6847,3.9648,6.1100,-0.2947,-0.8258,0.5221
1.4054,9.7564,-0.2466,-0.1624,0.0044,0.5288,2.3415,3.7804,8.0206,-0.2298,-0.2008,0.2161
0.7781,9.7803,-0.7805,0.1720,0.4710,0.1013,2.0063,4.0270,8.0709,0.1988,0.0304,0.4550
-0.1053,9.6462,-0.6464,0.3639,0.2801,0.2394,2.1715,4.6208,6.7660,0.0914,-0.2382,0.6419
0.7446,9.7731,-1.6305,0.1406,0.8191,0.0585,2.6384,4.4221,7.2329,0.4699,0.1026,0.8571
0.2322,9.9072,-1.1372,0.3014,0.8772,-0.0029,3.5434,4.8219,6.4979,0.3347,0.2094,0.7055
0.1963,9.6462,-2.3056,0.3901,0.4836,0.0462,2.7797,5.0973,5.1236,0.2314,-0.1332,0.4744
-0.0407,9.4786,-2.1835,-0.0241,0.3545,0.3303,3.2777,5.2840,5.2481,-0.4643,-0.1118,0.4283
-0.4429,9.7444,-3.1867,0.1841,0.1607,0.1888,1.0750,4.0821,8.2193,-0.1861,0.0818,0.1597
0.2011,9.6319,-2.5642,0.1328,0.1490,0.0530,3.2202,4.9823,6.3997,-0.0320,-0.1495,0.1595
0.3759,9.6486,-2.1739,0.1939,-0.0485,-0.0875,3.5769,4.8674,6.8378,0.1495,-0.1865,-0.0690
-0.0622,9.4499,-3.0909,0.3623,-0.1487,-0.1775,3.0023,5.3702,5.3774,0.3777,-0.3016,-0.2236
-0.0838,9.5600,-2.5786,0.0855,-0.1390,-0.1267,2.7701,5.2241,5.9280,0.1319,-0.0538,-0.1206
-0.3256,9.6103,-2.2218,0.0510,-0.2250,-0.1010,2.2721,5.1739,6.3734,0.0218,-0.0381,-0.2497
-0.5243,9.4739,-3.4884,0.1267,0.0161,-0.1787,2.1021,5.6862,6.0525,0.2622,-0.0590,-0.0346
-1.0511,9.3326,-3.4620,-0.0420,0.2126,-0.1868,2.5402,6.3662,5.0949,0.1087,0.1210,0.0244
-1.3623,9.3661,-3.4979,-0.1187,0.3360,-0.1370,2.8635,6.2489,4.4532,-0.0079,0.2341,0.1888
-0.3304,9.2823,-3.7373,-0.2570,-0.0931,0.1142,3.7110,5.8634,5.0111,-0.3055,0.0270,-0.0080
-0.3567,9.4715,-3.1268,-0.4533,-0.3850,0.1788,2.4445,5.3702,5.8203,-0.5388,0.0290,-0.1296
-0.5674,9.4403,-3.1220,-0.5392,0.1781,0.2694,1.9345,5.3463,5.3630,-0.7510,0.3611,0.2974
0.0192,9.2847,-2.7366,-0.5873,0.2634,0.2321,3.6966,4.9440,6.5457,-0.7133,0.3713,0.3695
0.4884,9.4499,-2.1141,-0.7284,0.0394,0.1343,3.5195,4.2162,6.7732,-0.7887,0.3814,0.1396
0.8499,9.5624,-1.4389,-0.6603,-0.0689,0.0012,3.2537,3.7158,7.4723,-0.5946,0.3817,-0.0746
1.0151,9.2416,-2.2170,-0.7045,-0.1242,-0.1138,3.3902,3.5554,6.6319,-0.4290,0.4339,-0.2224
0.3879,9.3757,-0.7614,-0.7556,-0.2558,-0.2309,1.9273,3.3543,7.2209,-0.4910,0.4731,-0.4279
0.3232,9.4571,0.2634,-0.7882,-0.3687,-0.2669,0.7542,2.8443,8.0349,-0.4638,0.6781,-0.3288
-0.2251,9.2560,0.1676,-0.3685,-0.3633,-0.4124,0.9577,3.2465,7.6088,-0.0743,0.2301,-0.2859
-0.5052,9.2608,0.2131,-0.5804,-0.4109,-0.2518,0.7566,3.1436,7.3646,-0.3773,0.3721,-0.3793
-0.3304,9.2632,0.9553,-0.8191,-0.6415,-0.0915,0.1724,2.6767,7.6662,-0.7302,0.3688,-0.7713
-0.4980,9.7444,3.2633,-0.6131,-0.5432,-0.4057,-0.2921,2.0423,8.9112,-0.2823,0.5008,-0.8156
-0.0958,9.5816,2.3966,-0.4782,-0.6616,-0.3155,-1.9632,1.5778,9.7444,-0.1019,0.0193,-0.6867
-1.1013,9.8737,3.9121,0.0536,-0.2104,-0.1679,-2.3918,1.9537,9.5385,0.1110,-0.1540,-0.2282
-1.7382,9.4475,3.4405,0.3643,0.0112,-0.0965,-2.5331,2.4924,9.1051,0.3166,-0.2781,0.0276
-1.8603,9.3182,2.3822,0.7955,0.2253,0.0598,-2.0973,3.1316,7.9727,0.4435,-0.4053,0.2013
-1.3479,9.2392,0.9505,0.8547,0.2402,0.1741,-1.6161,2.9664,7.6710,0.3980,-0.6903,0.5397
-1.1229,9.2225,0.3184,0.5881,0.2729,0.2507,-0.1173,3.2154,6.8402,0.1616,-0.5449,0.5123
0.1365,9.2656,0.3567,0.5425,0.1424,0.2778,1.1708,2.8683,7.8219,0.1343,-0.5778,0.4366
0.7159,9.4523,0.6033,0.6067,0.6106,0.0003,1.7693,2.3942,8.3869,0.6134,-0.3147,0.6610
0.9218,9.4715,-0.5698,0.8949,0.2908,-0.0478,2.9473,2.9377,7.2999,0.6648,-0.6460,0.2421
0.4429,9.1387,-2.1524,0.9804,0.0548,-0.0806,2.7390,3.7709,6.7421,0.7785,-0.8018,0.0646
-0.3160,8.8705,-3.9480,1.0279,0.0260,-0.2316,3.3303,5.1164,5.0063,0.9574,-0.8308,-0.0306
-1.5514,8.8514,-3.6368,0.6261,0.1027,-0.0262,3.1292,5.8993,4.7645,0.5217,-0.3869,-0.0036
-0.8092,9.0405,-3.4740,0.7385,0.0565,-0.0751,3.0502,5.8251,5.3702,0.3337,-0.3368,0.0148
-0.9146,9.2775,-4.2066,0.4910,0.2762,-0.0842,2.7653,5.7868,5.4827,0.3207,-0.1069,0.2165
-0.7494,9.3015,-4.2904,0.3003,0.1648,0.0213,3.3662,5.6743,5.4300,0.1949,-0.1793,0.2697
-0.3256,9.2560,-4.1946,0.4431,0.2104,0.0032,3.7350,5.3223,5.7796,0.2615,-0.2117,0.2947
0.0910,9.1674,-5.1020,0.3793,0.2204,0.0280,4.4987,5.4444,5.2098,0.2559,-0.2369,0.2537
0.1844,9.0549,-4.9704,0.2093,-0.0449,-0.0707,4.6567,5.7006,5.0446,0.1813,-0.1270,-0.0183
-0.4645,8.8992,-5.5258,0.0957,-0.1328,-0.0317,4.3359,6.0094,4.4724,0.0687,-0.1296,-0.1079
-0.8188,8.9926,-5.5474,-0.0457,-0.1792,0.0666,3.3998,6.0956,4.9967,-0.0969,-0.0822,-0.0962
-0.1796,9.0214,-5.1978,-0.1013,-0.1247,0.0200,4.6208,5.9640,5.0159,-0.1011,-0.0380,-0.1228
0.1437,8.7891,-5.6168,-0.1318,-0.1852,0.0955,4.9033,5.4899,5.1380,-0.1857,-0.0361,-0.1725
-0.2682,9.2201,-4.7405,-0.5225,-0.2362,-0.1031,4.0055,5.5545,5.4516,-0.3172,0.2806,-0.3476
-0.7087,9.2560,-4.1922,-0.4695,-0.3024,-0.1913,2.9664,5.5737,5.8993,-0.2483,0.2734,-0.4142
-0.0168,9.0621,-4.5681,-0.3600,-0.4506,-0.2966,4.2162,5.3439,5.5737,-0.0542,0.1370,-0.6030
-0.2825,9.1219,-4.2976,-0.6430,-0.4963,-0.3344,3.7038,5.3056,5.5234,-0.2940,0.4471,-0.7321
-0.0120,9.0214,-3.8954,-0.7433,-0.6233,-0.5640,3.4117,4.8937,5.7245,-0.1220,0.5957,-0.9662
-0.4214,8.8418,-3.3351,-0.7476,-0.6539,-0.6923,2.8970,4.9057,5.6240,-0.0222,0.6881,-1.0468
-1.8052,8.5066,-3.2298,-0.8815,-0.6025,-0.8507,1.5682,5.6767,5.0685,0.0036,0.7678,-1.1560
-1.2977,8.2983,-3.2944,-0.7911,-0.6563,-0.9613,1.3120,5.4061,5.2289,0.2154,0.5951,-1.0798
-3.3255,8.2911,-0.6704,-1.0397,-0.6827,-0.8968,-1.6424,5.1571,5.3774,-0.1342,1.1041,-1.0845
-2.8850,7.6184,-0.7542,-0.7730,-0.5277,-1.3468,-0.3639,5.5522,4.9512,0.1399,1.2259,-1.2540
-3.9576,7.6136,-0.0766,-0.2086,-0.6504,-1.0082,-2.8276,4.5705,6.4332,0.3251,-0.0385,-1.1782
-4.5633,7.2975,-1.1516,-0.8363,-0.1913,-1.3074,-2.3535,5.3079,3.0981,0.2793,1.4679,-0.9250
-5.7245,6.7397,0.3711,-1.2189,-0.7897,-0.9828,-4.6543,5.0949,3.8164,-0.2317,1.1956,-1.2684
-3.9433,6.4428,1.5395,-1.4189,-0.9998,-0.9377,-3.3686,4.1707,4.0486,-0.5540,0.9761,-1.7736
-7.6255,6.5314,3.9361,-1.5497,-0.5344,-0.6851,-8.9974,4.4125,5.1595,-0.6664,1.2113,-1.1390
-8.1834,6.4189,4.6902,-1.1610,-0.2882,-0.7464,-9.8474,4.0797,5.1547,-0.0469,1.9129,-1.0625
-6.0885,6.5146,5.1906,-0.6203,-0.5760,-0.1843,-8.2528,3.5099,6.2393,-0.6535,-1.2597,-0.9060
-9.1842,7.5753,6.9288,-0.5680,-0.6703,0.0317,-12.7180,3.6847,4.8914,-0.1450,1.3795,-0.6908
-5.8179,7.3598,6.2896,0.3072,0.2260,-0.1083,-8.3534,2.7366,8.2432,-0.0293,-1.6108,0.0652
-7.3670,7.3287,6.1938,0.5978,-0.0076,0.3276,-8.2193,3.8738,4.8243,0.1034,-0.4600,0.1576
-7.9176,6.9384,6.1914,1.3009,-1.7842,1.3579,-5.0661,3.8786,4.9129,-0.2530,-1.9883,-1.0472
-5.0685,6.6726,3.5291,1.5150,-3.9278,1.7476,-4.4436,2.5881,6.7157,-0.4740,-4.3047,-2.3058
-1.9058,7.7381,3.3543,2.2135,-2.1878,1.1756,-2.8467,1.8651,8.2504,0.0281,-3.6395,-1.2689
-1.6712,8.0373,2.7653,1.1644,-3.7355,0.9783,-0.5411,1.5921,7.1706,0.0124,-3.0896,-2.6817
0.9074,7.8147,1.1516,1.6835,-3.1451,0.8865,-0.0551,0.7614,9.9862,0.3043,-3.7876,-2.4273
-0.9553,8.4252,1.0319,1.7788,-3.4111,0.7468,-2.2410,1.7119,6.0573,0.3339,-2.7314,-2.6384
1.1995,8.0445,-1.5562,1.2925,-3.1425,0.9974,2.4181,1.9178,6.5912,-0.0854,-2.7158,-2.1787
2.4134,8.2744,-3.8690,0.9956,-2.7972,0.8689,1.7693,2.1739,6.6295,-0.4659,-2.2744,-1.6292
0.8906,8.9184,-2.8204,0.6415,-1.1418,0.3585,1.6328,3.1963,5.2505,-0.0019,-0.7438,-0.5446
1.2498,8.7580,-3.3519,0.5736,-0.0047,0.2778,1.1205,3.1268,5.1595,0.0520,-0.0346,0.2328
4.5035,8.0876,-5.0949,0.5947,0.0606,0.3944,5.1044,2.5738,6.6152,-0.1748,-1.1471,0.7388
2.2122,8.7293,-4.8363,0.3259,-0.3429,0.6250,5.2098,3.1196,4.5322,-0.5093,-0.7362,0.1575
4.6448,8.2887,-5.5905,0.2940,0.0240,0.1324,6.9001,2.2362,6.8211,0.1624,-0.1532,0.1781
4.1755,8.5688,-5.3582,-0.0504,0.0962,0.0881,6.2991,2.1237,5.9711,-0.1259,0.0218,0.1104
4.7070,8.5473,-5.1978,-0.0621,0.0361,-0.0460,6.8594,1.8675,6.1339,0.0817,-0.0153,-0.0008
3.9049,8.3653,-4.7094,-0.1645,0.0157,0.0314,5.9951,2.0423,5.8347,-0.1808,0.1732,0.0173
4.5226,8.5401,-4.6878,-0.3885,0.4018,-0.1234,5.0613,1.7119,6.7445,-0.1021,0.5043,0.3063
3.2489,8.7173,-3.5913,-0.2793,0.3460,-0.1823,5.5091,2.0758,5.9400,0.0330,0.3255,0.1757
3.9313,8.9591,-3.9959,-0.4859,-0.2886,-0.3152,4.9392,1.7334,6.8953,-0.0633,0.3428,-0.3536
3.2848,9.0525,-2.9784,-0.1061,-0.3982,-0.1147,5.4013,1.7573,6.3398,-0.1459,-0.1094,-0.4866
4.4580,9.6031,-3.2250,0.3701,0.0783,-0.0278,-1.8196,-0.2586,12.3708,0.6352,0.2518,0.8962
6.5888,7.9464,-5.1475,1.5238,4.3656,-1.7248,-7.1563,-7.6136,14.9949,3.6136,1.5444,4.3656
1.6903,6.5362,-5.3056,0.9272,4.3656,-4.3657,17.1401,-9.1985,9.0261,4.3656,4.3656,4.3656
