-1.2617,6.5266,2.0686,-4.3657,-2.0772,-0.6832,-6.9719,-2.3703,1.0606,-4.2241,-0.0123,-4.3657
-3.0598,4.6998,5.1691,-4.3657,-0.7197,0.9445,-12.7707,-5.4947,3.4620,-4.3657,0.4056,-2.7808
-3.2465,2.8515,9.1746,-4.3657,-1.1095,3.1960,-12.1913,-7.6638,3.7445,-4.3657,-3.6384,0.4987
-1.7166,0.1867,10.0628,-3.0497,1.0720,4.3656,-8.6957,-10.0173,7.1395,-4.3657,-1.3243,2.8152
-1.9752,-1.9968,10.7141,-2.2083,2.0219,4.3656,-7.9248,-11.2264,6.3039,-4.3657,-0.6154,4.0100
-2.3870,-4.0845,11.5257,-1.2101,3.1553,4.3656,-6.8426,-12.4929,5.6958,-4.3657,-0.7173,4.3656
-1.8124,-6.2704,10.6638,-0.8925,3.8881,4.3656,-6.1842,-13.4051,6.7277,-4.3657,-0.3142,4.3656
0.1269,-6.3638,12.0261,-0.6642,3.7150,4.3656,-5.4492,-12.7036,8.2432,-4.3657,0.5997,4.3656
-1.1923,-4.7309,14.3006,0.4238,3.5810,4.3656,-5.8466,-11.0157,10.3717,-2.6486,0.9006,4.3656
-0.1125,-2.9042,13.2447,1.9341,2.6646,3.3719,-6.2632,-8.2791,9.8234,-0.5067,0.8228,4.3656
-0.8140,-1.6305,12.0572,3.0493,1.6249,1.9937,-6.3973,-6.7756,7.4819,1.5451,0.5273,3.8994
-1.5730,-0.9577,10.1730,4.2735,0.2803,1.1989,-5.5354,-4.4029,3.9456,2.7792,-0.8084,3.0089
-1.3958,1.0008,7.1682,4.2084,-0.6326,0.4034,-5.5665,-3.0622,4.9752,3.1836,-1.7193,2.2131
-0.5578,1.7909,8.0876,4.1820,-1.1450,-0.2614,-5.1643,-2.2266,5.5593,4.1464,-0.8933,1.6910
-1.1468,2.5235,8.5258,4.3572,-2.3422,-1.0245,-3.8379,-0.1508,4.8794,4.3656,-2.0304,-0.0242
-1.7693,2.7246,6.7373,4.1860,-4.1729,-1.9554,-4.4676,0.9050,3.3495,4.3656,-2.8742,-1.4033
-1.5251,3.8355,4.5011,3.2787,-4.3657,-2.7231,-4.5035,2.1261,3.9504,4.3656,-4.3657,-2.3553
-2.8252,5.0494,1.7166,2.2889,-4.3657,-3.2131,-2.9353,3.0765,2.4205,4.3656,-4.3657,-3.7024
-1.9369,5.9664,2.2051,0.6229,-4.3657,-3.4290,-4.8076,2.8012,2.5235,3.8287,-2.5214,-4.3657
-3.4668,7.0318,1.8603,-0.4301,-4.3657,-3.2831,-5.9448,3.3519,0.7278,2.5406,-3.4967,-4.3657
-3.3279,7.4795,0.4764,-2.0350,-4.3657,-2.0610,-4.6639,3.2944,0.6225,-0.0119,-3.7924,-4.2166
-2.0470,6.4045,2.2027,-3.1257,-2.4116,-1.1799,-4.5705,1.7262,1.9776,-1.7480,-0.8549,-3.6941
-2.9497,5.6671,3.8331,-3.8027,-1.2982,0.3889,-7.6136,-0.5052,1.7382,-2.8090,-0.3912,-3.0161
-2.6456,4.5179,4.3838,-4.1653,-0.8359,1.3763,-9.5720,-2.5139,0.7829,-3.9853,-1.3809,-1.2561
-3.6559,2.8611,5.6096,-4.3127,0.2218,2.9492,-8.3917,-5.1715,1.8172,-4.3657,-1.6493,0.3592
-3.0382,0.5339,8.6622,-4.3159,1.6803,4.3656,-10.0293,-8.8346,5.0111,-4.3657,-0.3810,1.7401
-3.1460,-1.7454,10.9774,-3.3983,2.8482,4.3656,-10.1155,-11.6191,6.6870,-4.3657,0.2487,3.2345
-1.6113,-4.5514,11.6119,-2.7234,3.1317,4.3656,-7.2592,-12.5648,7.2520,-4.3657,-0.4807,4.3656
-0.6680,-5.4253,12.1171,-1.9029,3.1778,4.3656,-3.7876,-11.4227,8.1451,-4.3657,0.3147,4.1837
-0.8763,-4.6256,13.3525,-0.8268,2.9330,4.0313,-5.9520,-10.4339,9.7181,-3.4348,0.7862,3.2279
-0.0144,-3.4884,12.9694,0.5068,2.4456,2.8178,-7.0557,-8.9088,9.9623,-1.2513,0.8525,3.2241
-0.0407,-1.9944,11.1833,1.5616,1.3876,1.2810,-5.8826,-7.1323,8.1762,0.8539,0.7248,3.3390
-1.1420,-0.7278,11.9159,2.8001,0.7214,0.2762,-7.3023,-6.1172,7.6974,2.3097,0.5633,2.4339
-1.9728,0.1365,9.7947,4.1455,0.4838,-0.4442,-8.3151,-4.7645,4.7669,3.5791,0.6371,2.5021
-1.7430,0.8308,7.5298,4.3656,-0.6177,-0.6126,-5.6479,-3.3088,4.8219,3.8938,-1.0236,2.2604
-0.8571,0.3639,9.4068,4.3656,-0.7850,-2.0595,-4.6376,-2.8802,4.4029,4.3656,0.6743,0.9739
-4.9297,1.0965,7.2832,4.3656,-3.5798,-2.4008,-8.0613,-1.7166,1.6305,4.3656,-1.9891,-0.1367
-3.7685,1.0846,7.7644,4.3656,-4.3657,-3.4079,-3.1101,0.0239,3.0694,4.3656,-4.3657,-2.1286
-6.2417,3.7397,0.5938,3.9608,-4.3657,-3.8596,-4.4939,1.7741,-0.7422,4.3656,-4.3657,-3.6813
-5.1858,5.6958,0.6033,1.9677,-4.3657,-2.9870,-8.4108,3.3399,-3.6176,4.3656,-2.7917,-4.3657
-5.0230,6.5074,-1.7023,-0.2892,-4.3657,-2.2620,-4.6783,5.3271,-3.3375,1.8760,-4.3657,-4.1955
-3.6200,6.9791,-1.1612,-3.0878,-3.7843,-0.5264,-4.3862,3.6105,-2.1979,-1.4858,-3.5761,-3.7525
-2.0566,4.9680,0.2801,-4.3657,-1.6109,0.7710,-6.0861,-0.3089,-2.7007,-4.3657,-0.9872,-2.8529
-4.2258,2.3798,5.5833,-4.3657,-0.2184,2.6477,-9.0668,-6.0861,-1.0870,-4.3657,-1.9682,-1.3392
-2.6671,0.1987,8.6766,-4.3657,-0.7117,4.3656,-10.7524,-11.2360,4.6567,-4.3657,-2.8070,0.9944
-3.7828,-1.4246,13.2543,-4.3523,0.4438,4.3656,-8.8681,-13.3357,8.5281,-4.3657,-2.5073,2.7739
-2.5091,-3.7014,11.9519,-2.2728,1.7269,4.3656,-8.6119,-13.4387,8.8442,-4.3657,-1.3615,4.1572
-1.1971,-5.8682,9.9455,-1.3127,2.0444,4.3656,-4.5490,-11.7340,4.0965,-4.3657,-1.6335,4.3656
-0.5674,-6.5936,9.0549,-1.1041,2.5063,4.3656,-2.4205,-10.7931,4.1827,-4.3657,-0.9742,4.3656
-1.2929,-5.8490,10.3070,-0.8412,2.1658,4.3656,-6.2872,-11.4730,9.1913,-3.8280,0.1100,3.9170
0.1580,-4.1755,13.8026,0.4081,2.0133,3.9270,-8.0254,-11.0899,10.5201,-1.7565,0.3312,4.3656
-0.1987,-3.1747,12.8688,2.5738,2.4280,2.6402,-5.5330,-8.5856,9.6510,0.6869,0.3918,4.3579
-0.1963,-1.9010,11.1474,3.9299,1.7408,1.4526,-6.0645,-6.9743,6.5146,2.3778,1.2027,3.5607
-1.2234,-1.3216,10.0796,4.3656,0.4490,0.6642,-6.6248,-5.6048,4.8171,3.6475,-0.2779,3.5966
-0.4980,-0.6560,8.0589,4.3656,-0.3541,-0.2595,-2.3343,-3.8140,4.7908,4.3372,-1.4609,2.6965
-1.4126,0.3136,9.6630,4.3656,-2.2768,-1.3844,-6.0645,-2.3535,4.0318,4.3656,-0.5612,0.3709
-3.1220,1.9968,7.5729,4.3656,-3.7124,-2.1687,-7.8219,-1.2163,3.7469,4.3656,-3.4129,-0.2094
-2.4301,2.7246,4.8435,4.3656,-4.3657,-2.6835,-6.0238,1.0606,1.3431,4.3656,-3.4459,-0.7685
-3.1867,3.7948,4.5322,3.0822,-4.3657,-3.5452,-3.9169,3.6583,-0.2514,4.3656,-4.3657,-2.5351
-5.4061,5.3247,0.6488,2.2316,-4.3657,-3.1499,-4.0821,4.6471,-0.8930,4.3656,-4.3657,-4.3657
-5.6862,6.5936,-2.2769,-0.5103,-4.3657,-1.9558,-2.6001,5.8155,-4.1013,2.0691,-4.2862,-4.3657
-1.9872,6.5769,-1.6233,-3.3322,-4.2995,-0.8633,-2.4421,3.0550,-2.3487,-1.6827,-3.6556,-4.3657
-1.6257,5.2457,1.0319,-4.3657,-1.3650,-0.8843,-7.2425,-1.3431,2.0039,-3.9041,-1.0176,-4.3657
-3.8762,4.0725,5.7916,-4.3657,-0.6728,0.4619,-10.8816,-3.9672,1.7861,-4.3657,-0.1022,-2.4491
-3.4860,1.5514,6.8307,-4.3657,-1.2213,2.7749,-9.5720,-6.5314,1.1779,-4.3657,-3.5033,-0.0817
-1.5538,-0.6943,8.1211,-4.3657,-0.3968,3.7002,-6.1627,-9.0237,4.1922,-4.3657,-2.9202,1.6313
-3.7182,-2.6576,10.5512,-3.9396,0.8379,4.3656,-7.7381,-11.7172,4.1061,-4.3657,-0.5518,2.1081
-2.3296,-5.2265,9.6869,-3.1941,1.0568,4.3656,-8.0924,-13.6900,4.8004,-4.3657,-2.1517,3.3974
-1.1468,-7.3023,10.4220,-2.4367,1.8327,4.3656,-4.3144,-13.5368,6.1172,-4.3657,-1.6745,4.2670
-0.5794,-7.3694,11.6191,-1.4498,2.1779,4.3656,-5.3486,-12.8760,7.6471,-4.3657,0.5913,3.7283
-1.2977,-6.6224,12.9000,-0.1075,1.9721,3.9102,-7.6686,-12.2894,9.2440,-2.4463,0.0642,3.7956
0.2610,-5.2337,11.8896,1.6731,2.0707,2.3679,-5.8538,-10.6446,8.5784,0.0313,0.2577,3.9443
-1.8459,-3.7182,11.8298,3.1201,1.4665,1.0657,-6.8905,-8.5425,6.0071,2.1284,1.1430,3.1965
-2.5498,-2.3343,11.0468,4.3656,0.5793,0.7145,-7.8793,-6.8091,3.4046,3.2021,-0.0881,3.1653
-2.7749,-1.3240,8.8921,4.3656,0.1014,0.6951,-6.5194,-5.4348,3.4955,3.9245,-1.2664,3.3947
-0.3926,-1.1995,8.6814,4.3656,-0.3411,0.0172,-3.2178,-4.9560,7.2065,4.3656,-0.7329,1.8371
-2.9473,-0.6967,11.0660,4.3656,-3.5112,-0.9583,-7.6926,-4.6471,2.2697,4.3656,-0.6976,-0.6257
-2.4612,0.4573,4.4077,4.3656,-4.3657,-2.4380,-4.9943,0.7039,-2.3703,4.3656,-4.3657,-0.8322
-3.0239,2.3750,3.9433,3.7783,-4.3657,-3.4208,-3.6895,0.4046,6.1268,4.3656,-4.3657,-2.3983
-2.3703,7.5346,-0.8284,-0.5891,-4.2278,-2.6065,-3.9504,4.8459,0.5411,1.9087,-3.5799,-3.5354
-1.2929,6.0382,0.8332,-3.0349,-1.2088,-0.3834,-5.6743,2.4828,0.2251,-2.2848,-0.5768,-3.4248
-0.2849,4.5849,1.1827,-4.1476,-1.5347,0.1583,-5.3678,0.4238,-0.4190,-3.6283,-1.6919,-2.6413
-1.3048,2.8419,3.7062,-4.3657,-2.0358,0.4988,-2.5402,-1.8890,2.3152,-4.3657,-3.1403,-1.9184
-1.8555,1.9417,7.1874,-4.3657,-1.8951,2.2872,-6.8546,-5.8897,2.2218,-4.3657,-1.8739,-1.8286
-0.8859,-0.1365,9.7444,-4.3657,-1.2865,3.3985,-8.9376,-9.9695,6.1483,-4.3657,-2.2448,0.1876
-1.5993,-2.1332,12.3469,-3.4767,0.0023,4.3656,-8.6239,-12.4283,7.9799,-4.3657,-2.3016,2.0499
-1.3767,-4.1755,11.3964,-1.7423,1.0746,4.3656,-6.9576,-12.5073,6.4907,-4.3657,-1.3055,3.5489
-1.3791,-5.8993,8.9016,-1.1539,1.6657,4.3656,-4.8722,-11.9950,2.6887,-4.3657,-1.8089,4.3656
-1.3096,-7.5705,7.7907,-1.3295,2.1582,4.3656,-3.7685,-12.7467,3.4357,-4.3657,-1.0517,4.3656
-1.4269,-7.8817,10.3453,-1.0674,2.4444,4.3656,-4.6591,-13.4339,6.9312,-4.3657,-0.2028,4.3656
-0.5243,-6.5218,13.2639,0.1751,2.5804,4.3656,-7.4675,-12.4475,8.9280,-2.3952,0.8504,4.3656
-1.1420,-4.2066,11.6406,1.7556,2.5061,3.1560,-4.4580,-9.6678,7.7692,-0.4545,0.2665,4.3656
-1.2809,-3.5314,11.6119,3.2061,1.8419,1.8507,-6.8809,-8.4276,6.8331,1.6458,1.1572,3.5273
-2.3391,-2.4636,11.1426,4.3656,0.9249,1.0363,-7.6399,-7.3837,4.4987,3.2277,0.3742,3.8443
-2.7198,-1.0989,8.2001,4.3656,0.5781,0.5605,-6.0525,-5.0949,3.0526,4.1155,-1.3114,3.5446
-2.1117,1.2689,5.7221,3.8309,-4.3657,-1.9047,-3.9816,0.5052,3.0813,4.3656,-4.3657,-1.2068
-2.2290,2.1859,6.0118,3.6870,-4.3657,-3.4403,-5.8706,0.7422,2.8659,4.3656,-3.7968,-2.7871
-4.4867,3.6152,4.0127,2.6874,-4.3657,-3.8004,-5.6312,2.2745,2.0925,4.3656,-4.3657,-3.7222
-3.9313,4.9512,2.8204,1.1382,-4.3657,-3.5651,-5.6168,3.2896,0.5866,4.2373,-4.3657,-4.1621
-3.6727,6.1531,2.1979,-0.2361,-4.3657,-2.9238,-2.6935,4.1180,-0.4836,1.8399,-4.1941,-4.3657
-2.0638,6.1052,-0.1293,-1.9977,-3.4495,-1.5621,-5.7078,1.8890,0.9744,-0.4878,-2.1449,-4.3657
-2.7964,5.5091,2.0375,-3.4949,-2.1293,-0.8084,-6.9695,0.3376,0.1939,-2.4401,-1.2368,-3.7001
-3.3543,4.6328,4.7214,-4.3657,-0.9573,1.0020,-9.9311,-2.7150,1.5562,-4.1708,-1.6689,-2.0336
-3.7661,2.4948,6.1363,-4.3657,-0.2020,2.5607,-8.7819,-4.9273,1.5562,-4.3657,-1.1678,-0.0677
-1.8100,-0.5291,6.5984,-4.3657,-0.1013,3.9274,-7.1443,-7.7572,1.4509,-4.3657,-2.4702,1.4182
-2.5953,-2.2649,9.2775,-4.3377,0.7600,4.3656,-6.5649,-10.6398,2.6743,-4.3657,-1.6575,2.2817
-3.1699,-5.0254,9.6438,-3.6806,1.0536,4.3656,-6.2537,-13.3692,3.4069,-4.3657,-2.1039,2.7320
-0.6249,-7.7165,9.4786,-3.4743,0.9182,4.3656,-3.6536,-14.8057,5.6264,-4.3657,-2.5712,3.4813
-0.7302,-8.1379,11.0756,-2.2906,1.2032,4.3656,-4.1013,-14.1162,6.8187,-4.3657,-0.7218,3.2334
-1.6999,-7.3382,11.0636,-1.2213,1.3989,4.3656,-6.0262,-13.0436,6.1196,-3.4655,-0.8652,2.9227
-1.3168,-7.0725,11.6047,0.2794,1.5068,3.8101,-7.7788,-13.0221,8.3941,-1.7108,-0.1808,3.6583
-0.9194,-5.5689,11.4275,1.5775,1.5692,2.8076,-5.8873,-10.7619,7.1970,0.2581,0.1980,4.1146
-1.2594,-3.7278,11.8824,2.8947,1.4262,1.6531,-6.1938,-9.3254,6.8666,1.8624,0.8651,3.7471
-1.3312,-2.9616,11.6789,4.3656,0.8434,1.0296,-7.4077,-8.4755,5.4516,3.3003,0.5044,3.6180
-0.4621,-2.8347,9.7229,4.3656,0.0296,0.1755,-4.9943,-7.5393,6.2106,4.3656,-1.1273,3.2945
-1.2163,-1.8675,9.6343,4.3656,-0.9445,-0.7545,-4.1228,-4.9967,3.0718,4.3656,-0.5133,1.6114
-2.5067,-0.6919,7.5202,4.3656,-2.6279,-1.4654,-5.7581,-3.0143,2.8611,4.3656,-1.7681,0.3636
-0.5267,0.3136,5.5665,4.3656,-4.3657,-2.6966,-3.9768,-0.5339,2.9544,4.3656,-4.1534,-0.8816
-3.3758,2.7605,3.9863,3.7589,-4.3657,-3.4836,-4.8698,0.6057,3.2346,4.3656,-2.4188,-2.4865
-2.4852,4.1659,2.1093,2.5265,-4.2875,-3.2618,-6.4643,1.5562,1.1420,4.3656,-1.6417,-2.9010
-2.5426,4.3838,4.3622,1.4866,-4.3657,-4.0244,-4.5394,2.6121,1.6041,4.3656,-2.7701,-3.5998
-5.3846,5.5761,2.1548,0.3928,-4.3532,-3.2959,-5.3486,2.5690,1.3288,2.9585,-2.9599,-4.0438
-2.9161,5.5952,3.4500,-0.6797,-3.7804,-2.5901,-6.3949,2.0877,1.8938,1.7532,-1.6153,-4.1352
-3.8116,5.6383,3.0694,-1.6170,-2.8521,-1.9128,-6.8690,1.9776,0.1963,0.6113,-1.8126,-3.4915
-2.4493,4.3838,2.9928,-2.7570,-2.8166,-0.9678,-5.0494,1.2737,-0.4022,-1.4340,-2.5405,-3.1801
-2.4469,3.5123,3.9409,-3.8710,-2.2176,-0.0953,-5.1068,-1.0271,0.7781,-3.0381,-2.2362,-2.9548
-3.8930,3.4333,6.3351,-4.0810,-1.2268,1.2024,-8.6072,-4.2306,2.9090,-4.0278,-1.2228,-2.2588
-3.0526,1.6759,7.7093,-3.9255,-0.6626,3.0856,-10.8793,-6.7349,3.4644,-4.3657,-1.9556,-0.0417
-2.1380,-1.3958,7.7764,-3.6569,0.1733,4.2738,-6.6559,-8.4731,3.3878,-4.3657,-2.5089,2.1301
-1.6448,-3.2250,9.1554,-3.3251,0.8657,4.3656,-5.7437,-10.5800,3.8044,-4.3657,-1.2761,2.6942
-0.7446,-5.5857,8.3055,-2.9012,0.7265,4.3656,-5.7413,-12.1099,3.8499,-4.3657,-1.9929,3.4989
-1.3910,-6.3997,9.4499,-2.6352,1.1612,4.3656,-3.5961,-12.3924,5.0326,-4.3657,-1.7433,3.6224
-1.0439,-7.1156,9.6822,-1.8862,0.9860,4.3656,-4.5418,-12.0476,4.3120,-4.3657,-0.8800,3.3977
-1.0271,-6.9983,9.3350,-1.2157,1.1675,4.3656,-4.2856,-11.1043,4.6759,-3.7654,-1.4807,3.1717
-0.3998,-6.7445,9.5840,-0.7512,1.0746,3.5117,-4.1013,-10.4244,5.7030,-2.6859,-0.4815,2.8069
-1.6903,-5.7437,10.2424,0.0601,1.2465,2.6012,-6.9815,-10.2544,6.0980,-1.3964,0.0994,2.5155
-1.8699,-5.2625,10.2831,0.9926,1.1522,1.9752,-7.3191,-9.3709,5.4061,-0.1302,0.0541,3.0387
-2.8252,-3.7445,10.0628,2.1569,1.0441,1.3829,-6.9001,-7.9847,4.5681,1.0934,0.2795,2.7402
-2.6073,-2.7988,9.3829,2.9808,1.1398,1.1924,-8.4372,-6.9216,3.3399,1.6149,0.6399,2.6023
-3.8714,-1.4246,9.4140,3.3993,0.8231,1.0183,-8.4108,-6.5841,5.2792,2.2476,-0.1800,3.0883
-3.3567,-0.8332,8.1259,4.0958,1.1359,0.8628,-6.9168,-4.7860,1.9896,2.8631,0.5813,2.9656
-3.2178,-0.0192,7.3765,3.8296,0.5200,0.7049,-6.2321,-3.3016,2.9042,2.8485,-0.0528,2.5287
-2.3008,0.7254,9.9623,4.0946,-0.8123,-0.1368,-7.4723,-3.4572,5.6767,4.2589,-0.2789,2.0123
-3.8140,1.4054,7.4675,4.3656,-2.5684,-0.7861,-7.2018,-0.3687,-0.5195,4.3656,-2.6617,0.9324
-3.2394,2.6217,3.3495,4.1267,-3.1749,-1.0156,-6.2896,0.9002,2.1237,4.3656,-3.2149,0.4153
-1.9082,2.8970,6.6583,3.3676,-3.9214,-2.1362,-4.7357,1.0965,4.7262,4.3656,-2.4773,-0.8412
-3.1077,4.6615,2.7892,2.9587,-4.0173,-2.4023,-6.0190,2.8778,0.4645,4.3656,-2.8360,-1.6429
-4.0941,5.5929,2.0159,2.2016,-3.6768,-2.4693,-5.7700,3.8906,0.8140,3.7848,-2.9124,-2.1992
-3.7038,6.0741,2.1500,1.2486,-3.3468,-2.2974,-6.4715,4.3000,0.9313,2.9930,-1.6947,-2.4027
-3.9217,6.2489,2.0016,0.2675,-2.9307,-1.9847,-6.2968,3.3662,2.9521,1.8929,-2.2900,-2.2306
-3.5219,6.4500,4.6184,0.1330,-2.2661,-1.7634,-6.2082,3.4692,2.2314,1.9035,-0.5417,-2.6023
-2.8371,5.8347,4.1970,-0.7250,-2.9922,-1.3222,-4.6280,3.7613,0.4334,0.9739,-2.2512,-3.4216
-2.3176,5.1858,2.3439,-1.4658,-3.3143,-1.3045,-5.5162,1.5897,3.3758,-0.3653,-3.3317,-3.6184
-1.6927,5.3367,7.0916,-1.7641,-2.0680,-1.3057,-7.6543,-0.0886,5.8227,-0.0807,-0.6742,-3.7628
-2.3631,4.5442,4.5490,-1.9155,-3.4160,-1.1155,-6.5529,1.3144,-0.4741,-0.0934,-1.7824,-2.6730
-4.0031,3.6751,1.9465,-3.4824,-3.4129,0.0966,-3.3734,-0.2562,-0.2227,-2.8264,-4.3657,-2.2519
-2.5833,2.7677,4.7309,-4.3657,-1.3600,1.9585,-7.6399,-3.9265,1.0151,-4.3657,-0.7276,-1.5040
-3.1412,-0.1341,5.0853,-4.3657,-0.5199,3.5112,-8.9304,-7.5992,-0.1772,-4.3657,-1.4437,0.4118
-2.1548,-3.0670,7.4843,-4.3657,-0.5490,4.3656,-7.2089,-11.6334,1.2546,-4.3657,-4.2022,2.4949
-1.9920,-5.7820,10.1634,-4.3657,0.3246,4.3656,-4.9081,-14.7148,5.8514,-4.3657,-1.6181,3.2418
-2.1668,-7.7165,12.0333,-3.3590,1.0392,4.3656,-6.7469,-15.6198,6.5673,-4.3657,-0.9201,3.5041
-0.6488,-9.0764,10.7883,-1.8507,0.9859,4.3656,-4.9560,-14.6621,6.0406,-4.3657,-2.1633,4.3151
0.0862,-8.5856,9.6989,-0.8315,1.8459,4.3656,-5.5569,-13.5584,6.8331,-3.7903,-0.4045,4.3497
-1.1923,-7.6567,11.9495,0.2340,2.1450,3.9604,-5.6551,-12.4546,7.6638,-2.1138,0.5167,4.3656
-1.5012,-5.8203,11.5903,1.6125,2.1881,2.6810,-6.4643,-10.9630,7.6447,-0.0735,0.5638,4.2657
-2.3296,-5.0733,11.9399,3.2814,1.7770,1.8724,-7.1682,-9.5289,4.7262,1.8087,0.9934,3.7844
-2.7390,-3.7206,10.9343,4.3656,0.5923,1.5023,-8.3031,-7.9990,3.2202,2.8767,-0.5898,3.6359
-2.7318,-2.3870,8.3582,4.3656,0.2208,1.0567,-6.3686,-6.3446,3.4812,3.9588,-1.5355,4.0039
-0.6105,-0.2155,7.2880,4.3656,-3.8144,-2.0596,-4.1084,-0.9888,2.1787,4.3656,-3.3398,-0.6003
-4.6400,6.2393,0.9505,-0.6783,-4.3657,-2.5109,-5.7796,3.5793,-0.3783,1.5707,-2.8707,-4.3657
-3.0502,5.9424,0.7135,-2.3919,-4.3657,-1.9121,-4.5729,2.8994,-0.0599,-0.2090,-3.6575,-4.3657
-2.8299,5.0781,2.4253,-3.8183,-2.8442,-0.6951,-4.9799,-0.1796,2.4517,-2.6336,-2.6698,-4.0147
-2.6384,3.7086,4.0821,-4.3657,-1.1068,0.3792,-8.0589,-2.5043,0.8308,-3.6846,0.1079,-2.6273
-2.9856,2.0853,5.6431,-4.3657,-1.7174,1.6647,-7.4172,-5.2265,1.2474,-4.3657,-3.6511,-1.1882
-2.8922,0.0431,8.8131,-4.3657,0.0057,3.7674,-9.4930,-9.4810,5.0350,-4.3657,-1.6725,0.5704
-2.5259,-2.4373,9.4308,-4.1990,1.2179,4.3656,-8.5569,-11.0588,4.5298,-4.3657,-0.2300,2.4308
-0.9720,-5.3079,9.4978,-3.8649,0.8581,4.3656,-5.3965,-12.3301,4.2353,-4.3657,-2.4483,3.5892
-1.2737,-5.8155,10.5177,-2.9809,1.5507,4.3656,-4.0606,-12.4882,5.6312,-4.3657,-1.1026,4.0993
-0.9720,-6.4715,10.1466,-2.2254,1.6333,4.3656,-4.6783,-12.2176,6.7253,-4.3657,-0.4723,3.4815
-0.7111,-7.0557,10.6542,-1.5509,1.7668,4.3656,-4.6591,-11.3270,5.8826,-3.8141,-0.1843,3.1316
-0.2227,-6.0956,10.0149,-0.5484,1.4965,3.1188,-5.9041,-9.9647,5.8562,-2.0923,0.3989,2.9290
-1.7095,-4.9991,10.1275,0.3580,1.1544,1.9750,-5.9496,-8.6742,5.9640,-0.8155,-0.0496,2.4976
-2.5426,-3.8834,10.2208,1.5232,1.0268,1.2285,-7.2257,-7.9009,5.3941,0.6535,0.5673,2.0318
-3.6057,-2.7246,10.8122,2.6512,0.6720,0.9032,-9.6199,-7.4101,3.8283,2.0095,0.3119,2.4457
-4.2856,-1.8986,7.9464,3.5777,0.5079,0.8884,-9.2344,-6.2704,2.7581,2.2162,-0.4888,2.7598
-4.5203,-1.2641,8.8562,3.7329,1.0950,1.1138,-8.8298,-5.8012,2.8228,2.5335,0.3740,3.2864
-2.9449,-0.2131,8.3725,4.1907,0.9431,0.8843,-10.8266,-5.7557,3.1915,2.6196,0.7417,4.2188
-3.5889,0.3328,9.0429,4.3656,-0.1964,0.6771,-3.0335,-1.6735,3.3519,3.7287,-2.3627,2.8499
-2.4014,1.4844,6.4763,4.3656,-1.7820,-0.3419,-5.6743,-0.1532,1.3743,4.3656,-1.6479,1.8674
-4.1492,3.2896,3.8092,4.3087,-2.1432,-0.4377,-6.6128,2.3679,0.1173,3.8788,-2.2475,0.5416
-2.2218,3.8882,3.4884,3.1261,-3.3794,-0.8560,-3.4165,3.4572,2.4684,3.8189,-4.0131,0.1528
-1.4389,3.7230,6.6439,2.8205,-3.8451,-1.9028,-3.1484,3.2010,4.9081,4.2186,-2.1285,-2.3357
-3.5698,5.0182,3.3064,2.4533,-4.3657,-2.7916,-4.8507,3.6990,2.7892,4.3421,-4.0289,-3.6078
-2.6863,5.5091,3.6152,1.0292,-4.3657,-3.1373,-5.4420,3.7158,2.2051,3.4688,-3.6387,-4.0009
-3.9002,6.0334,2.6049,0.3632,-4.3657,-2.9680,-4.7764,3.2825,3.5291,2.5448,-4.2611,-4.3102
-3.4907,6.4883,2.5211,-0.5941,-4.0568,-2.0262,-5.5809,2.4780,2.6983,1.2793,-3.0263,-4.3657
-3.9145,6.1962,1.8124,-1.4514,-2.8909,-1.1720,-7.1994,2.7366,-1.0104,-0.0674,-0.8203,-3.7986
-2.4588,4.4963,0.4286,-3.4588,-2.7701,-0.2292,-4.5203,1.5012,-1.7549,-3.0259,-4.0422,-2.6272
-4.2066,3.9121,2.4014,-4.3657,-1.0103,1.0195,-5.9400,-2.1596,0.3376,-4.3657,-1.4509,-1.9597
-3.8283,1.8244,6.8067,-4.3657,0.3115,2.9817,-9.5553,-6.3901,2.2625,-4.3657,0.8812,-1.1315
-2.0662,-1.2306,8.3653,-4.3657,-0.3377,3.8251,-8.2145,-9.3015,4.6208,-4.3657,-3.0196,1.0904
-1.7980,-2.5235,10.5321,-4.2485,0.2474,4.3656,-5.5952,-10.7021,5.3870,-4.3657,-2.0479,2.2367
-1.2641,-4.6615,9.8881,-3.3774,0.5353,4.3656,-5.5665,-11.5688,2.9209,-4.3657,-1.4238,2.8085
-1.9992,-5.6886,9.5600,-2.5887,1.1266,4.3656,-4.6136,-12.2775,5.2433,-4.3657,-2.5755,2.3935
-0.7781,-6.6128,7.6950,-2.3799,0.4155,4.3656,-5.4085,-12.2128,3.6512,-4.3657,-1.7092,3.1104
-1.2833,-6.7540,9.8809,-1.9770,0.6239,4.2745,-5.4085,-12.6581,6.0238,-3.9798,-1.5848,3.5903
-1.2282,-6.2848,11.8848,-0.4804,1.3480,3.4829,-5.3893,-12.0787,9.1842,-2.2243,-0.2745,3.3121
-0.4022,-5.7700,11.6382,0.8322,1.2549,2.5694,-5.9951,-11.2384,8.8418,0.1631,0.0466,3.7579
-0.0910,-4.7214,10.6207,2.3242,1.3391,1.4638,-5.3103,-9.3230,6.0310,1.7921,0.8244,2.8926
-2.3463,-3.5099,10.4291,3.1196,0.5788,0.8672,-6.6463,-7.5010,2.4612,2.6485,0.5598,2.8033
-2.5139,-1.7765,10.0102,3.8457,0.2471,0.7707,-8.4731,-6.7732,5.2529,2.7939,-1.0218,2.6978
-2.1476,-1.1684,8.8992,4.3656,0.6295,0.6672,-7.7620,-6.5984,5.1236,3.5926,-0.0572,3.8253
-1.4605,-1.0798,9.2680,4.3656,0.4839,0.4596,-3.5291,-4.0270,4.0654,4.0013,-0.5197,2.2671
-0.1293,-0.5626,12.2775,4.3656,-1.2649,-0.7270,-3.7828,-3.8427,6.9647,4.3656,-1.1048,1.0256
0.4525,-0.4477,5.9640,4.3656,-4.2789,-2.6560,-2.7126,-0.8643,3.5602,4.3656,-4.3222,-0.6847
-3.8188,1.6903,4.5681,4.3656,-4.3657,-3.6668,-5.9951,-0.1820,1.6759,4.3656,-2.4610,-3.8233
-4.2353,4.1300,3.5362,3.0025,-4.3657,-3.4811,-6.1363,2.5115,-0.5124,4.3656,-3.5595,-3.5282
-4.8267,5.1571,1.7430,1.7495,-4.3657,-3.4727,-5.8490,3.4644,0.2011,4.0830,-4.3657,-4.1472
-4.1061,6.3470,0.8404,-0.0248,-4.3657,-2.6320,-4.6495,3.7852,0.8859,1.7421,-3.4691,-4.0360
-2.5618,6.5888,1.5969,-1.1973,-3.1325,-1.5481,-4.8674,2.7821,2.4325,0.0135,-1.6214,-3.8958
-2.0566,5.9376,2.5546,-2.0375,-2.2974,-0.7097,-6.2034,2.0423,-1.4102,-1.3690,-1.7269,-2.7861
-1.6688,4.6328,1.8747,-3.6038,-2.0452,-0.0747,-4.1611,-0.2059,3.2801,-3.5289,-3.3259,-2.4829
-2.0351,3.6105,3.8906,-4.3657,-1.6308,1.2628,-5.1427,-2.4349,1.8268,-4.3657,-1.7377,-1.4158
-1.9872,1.6831,5.9616,-4.3657,-0.8270,2.6698,-7.5010,-5.8849,3.5123,-4.3657,-1.6238,-0.2230
-2.1476,-0.0838,9.4715,-4.3657,0.1033,3.8292,-8.5856,-9.2177,5.4420,-4.3657,-1.2913,1.5186
-2.7892,-2.6600,9.5385,-3.8109,0.4406,4.3656,-7.6662,-11.8489,5.1858,-4.3657,-1.9501,3.1476
-3.0143,-5.5115,10.2783,-3.0343,1.4881,4.3656,-6.3518,-13.3860,3.7804,-4.3657,-1.3948,4.3496
-1.7933,-8.1642,9.4212,-2.5354,1.7665,4.3656,-4.4772,-13.9821,2.2434,-4.3657,-1.3531,4.3656
-0.7877,-9.2105,8.5593,-2.4103,1.4865,4.3656,-2.9640,-13.9199,3.4907,-4.3657,-1.7251,4.3656
-0.8667,-8.6287,9.8474,-1.9549,1.0441,4.3656,-3.5219,-12.5480,4.2545,-4.3657,-0.9411,3.6890
-0.9601,-7.0916,11.2408,-0.8996,0.8278,3.9061,-5.5115,-11.9542,8.3773,-2.6573,-0.8849,3.1119
-1.0104,-5.8107,12.4977,0.9021,0.9142,2.8286,-7.6471,-10.9774,8.2672,-0.4497,-0.3066,3.1932
-1.8794,-3.9792,10.1083,2.3599,0.8210,1.9215,-6.4045,-8.8131,5.6671,1.3364,-0.6265,3.2091
-2.3607,-3.1508,10.0676,3.1343,0.7417,1.4710,-6.5841,-7.7045,4.6424,2.3266,-0.2771,3.0621
-2.1859,-2.4828,8.9878,3.6699,0.7458,1.2748,-5.7509,-6.1435,3.6966,2.6600,-0.0742,2.4161
-1.5083,-1.4629,7.9057,3.9301,0.6852,0.8792,-6.0837,-5.5952,4.7932,3.2109,0.0358,2.5378
-2.0231,-0.3735,8.5688,3.9835,0.1556,0.3255,-4.7094,-3.4668,3.1484,3.5517,-0.1795,1.6399
-2.4756,0.6656,7.8123,4.1454,-0.5477,-0.1459,-7.4364,-2.8539,4.0654,4.0314,-0.4430,1.0440
-2.5498,1.8986,5.6767,3.9588,-1.4722,-0.6905,-6.5434,-1.2258,2.5283,4.0657,-1.3915,0.7053
-3.1699,2.3655,6.2752,3.5795,-1.7379,-0.9734,-5.7724,-0.3926,3.4907,4.2902,-1.1615,-0.2202
-2.2577,2.6719,5.5474,3.3825,-2.9830,-1.8600,-5.5641,0.5722,3.9025,4.3656,-1.8485,-1.1363
-2.8635,3.6559,5.6623,3.0205,-3.4667,-2.7394,-5.8299,1.0032,3.1675,4.3656,-1.7549,-1.8944
-3.4261,4.2784,3.8595,2.5874,-4.2238,-2.8915,-6.2944,1.8172,2.4565,4.3656,-2.7981,-2.3233
-3.9816,4.8866,3.9289,1.9594,-3.9386,-3.0465,-6.2106,2.1404,2.2314,4.0797,-2.4108,-2.9633
-3.5817,5.6455,2.1572,1.0616,-3.9572,-2.7562,-6.6511,2.7054,2.0231,3.3476,-1.9390,-2.9993
-2.7414,5.5474,5.2002,0.0671,-3.9009,-2.7484,-4.8746,2.8706,2.3056,2.5258,-2.4844,-3.5116
-4.4412,5.5474,2.6743,-0.2563,-3.9066,-2.2772,-5.6982,2.4014,0.6273,1.5162,-2.5800,-4.3657
-1.0822,4.3263,3.4572,-2.1980,-4.2069,-1.7668,-4.6495,1.5323,2.1787,0.1411,-2.7090,-3.7096
-2.8204,3.7852,3.1196,-3.3585,-4.1176,-1.6567,-2.6647,0.5674,0.3639,-1.3636,-3.5109,-4.1158
-1.2522,3.6105,4.8794,-4.3657,-3.5475,-0.3569,-4.5155,-2.7557,3.9552,-3.2357,-3.1427,-4.0173
-1.6352,2.8395,7.2592,-4.3657,-2.3082,0.6504,-8.8011,-5.0087,4.1683,-3.5741,-1.3334,-2.3045
-3.2633,1.7669,8.5401,-4.1422,-1.6060,2.1422,-9.1482,-7.1898,2.2673,-4.3657,-2.8733,-0.6760
-2.6528,-0.8308,8.3558,-3.4427,-0.4406,4.1961,-9.1435,-10.5943,4.9321,-4.3657,-2.7319,1.6733
-2.8946,-3.5721,9.7947,-2.8145,0.9635,4.3656,-6.6463,-12.4091,3.6943,-4.3657,-1.6052,3.6219
-2.9928,-6.2082,9.0333,-2.2200,1.2676,4.3656,-5.5905,-13.7619,2.4253,-4.3657,-2.2445,4.3656
-2.6217,-9.0429,8.4300,-2.0304,1.3292,4.3656,-3.2489,-14.7890,1.0965,-4.3657,-2.7607,4.3656
-0.8475,-10.1083,8.5641,-2.0661,1.3535,4.3656,-1.9273,-14.7267,3.8523,-4.3657,-1.9653,4.3656
-0.6608,-9.0668,10.6757,-1.1948,1.3795,4.3656,-5.3558,-13.9055,6.7947,-3.8717,-0.6578,4.1640
-0.9888,-7.6567,12.0309,0.2469,1.3294,4.1158,-6.5050,-13.1011,10.1801,-1.6511,-0.6839,4.3256
-0.7230,-6.6583,13.2495,2.3558,1.7223,2.6004,-6.1531,-11.6598,9.3541,1.0509,0.8808,4.0080
-1.2019,-5.0853,12.2751,4.1380,1.0413,1.5001,-4.8339,-9.7540,5.8059,3.3060,0.4883,3.4074
0.1724,-4.4939,10.6710,4.3656,-0.4579,0.4355,-6.7900,-9.3613,5.9879,4.3656,-0.7075,2.6962
0.3903,-3.4907,11.3844,4.3656,-1.7712,-1.1670,-4.6304,-8.6526,8.0182,4.3656,-1.7227,1.7064
-1.5586,-2.4804,9.6367,4.3656,-3.1056,-2.2119,-3.1939,-6.1316,3.0885,4.3656,-1.9589,0.7346
-0.8595,-0.7111,5.3463,4.3656,-4.3657,-2.5289,-4.5418,-3.6464,2.2913,4.3656,-3.7289,-0.9713
-0.9840,1.1779,4.5490,4.3656,-4.3657,-3.6365,-3.9624,0.4525,-0.8140,4.3656,-3.2439,-2.2082
-4.2641,4.4173,1.0726,3.2901,-4.3657,-3.6896,-5.2026,2.6121,0.0479,4.3656,-4.2839,-2.8786
-2.8563,5.8442,1.2713,1.1001,-4.3657,-3.0370,-5.0230,4.3862,-1.1109,3.5766,-3.7978,-3.6862
-2.3320,6.1028,-0.0239,-0.8108,-4.2419,-2.1859,-2.2817,5.2601,-2.6624,1.2049,-2.9091,-4.0602
-2.2410,5.9352,0.1125,-2.9728,-3.2198,-1.0068,-3.7254,2.9544,-2.2841,-1.8455,-3.2628,-4.3657
-1.9273,4.7357,0.6967,-4.3657,-1.9837,-0.1853,-4.6400,-0.4812,-0.1101,-4.0441,-2.1678,-3.4535
-1.9465,3.3351,4.9775,-4.3657,-1.3257,1.4418,-6.8738,-4.6256,2.1284,-4.3657,-1.9432,-2.5965
-2.3511,1.3575,8.1738,-4.3657,-0.7939,2.8449,-9.2919,-8.4611,2.9808,-4.3657,-2.1246,-0.1787
-1.9345,-0.8882,9.4355,-4.3657,-0.3068,4.1625,-9.7372,-12.6150,6.2680,-4.3657,-3.5561,3.0457
-4.0773,-2.9209,11.6310,-2.9708,1.1135,4.3656,-6.7205,-13.9151,7.8865,-4.3657,-2.2551,4.1482
-0.8068,-6.3422,11.3342,-1.8053,2.2552,4.3656,-7.5848,-15.7658,9.0621,-4.3657,-1.0297,4.3656
0.3591,-7.7500,12.6294,-0.8889,3.6307,4.3656,-5.3486,-15.2104,11.0684,-3.6909,0.4124,4.3656
-0.1101,-6.7612,13.7499,0.2270,3.8352,4.3656,-3.8930,-13.3285,10.3118,-2.0294,2.0699,4.3656
1.1923,-5.3295,15.9238,2.3758,3.5132,3.7583,-5.8059,-11.6167,11.9303,0.0473,2.0602,4.3656
0.3208,-3.8235,14.0564,4.3656,2.1970,1.2869,-4.1276,-9.2895,10.1083,3.5595,0.8625,3.9775
1.0965,-3.2681,11.0804,4.3656,-0.5846,0.1743,-5.0613,-7.3287,5.0063,4.3656,-0.6730,3.1181
-0.4166,-2.3822,9.7181,4.3656,-2.1240,-1.6106,-3.6847,-4.0893,2.7581,4.3656,-2.4385,1.0928
-3.2394,-0.7230,7.7668,4.3656,-4.3364,-2.3204,-6.2106,-1.2977,-0.0215,4.3656,-3.4727,-0.1172
-1.6759,1.2665,3.8116,4.3656,-4.3657,-3.0465,-4.8578,-0.0335,3.7014,4.3656,-4.3657,-1.5712
-3.2920,2.2314,8.4156,4.3656,-4.3657,-3.9426,-3.0382,1.3767,4.3479,4.3656,-4.3657,-3.5869
-3.7661,3.8092,-1.0151,3.0806,-4.3657,-3.7974,-4.1444,3.5937,-0.1437,4.3656,-4.3657,-4.3657
-3.7038,5.3343,0.0239,0.2940,-4.3657,-4.1653,0.4477,5.5761,-2.6983,2.4272,-4.3657,-4.3657
-3.8523,6.5673,-2.4469,-2.7111,-4.3657,-2.3561,-1.9106,3.1963,-1.3264,-1.0782,-3.4347,-4.3657
-3.4955,6.1507,-1.7549,-4.3657,-3.2755,-0.2373,-5.3271,0.3759,-1.1372,-4.0662,-2.6124,-4.3637
-2.5666,4.0845,3.1867,-4.3657,-0.7076,1.5973,-8.4180,-3.5147,-0.3735,-4.3657,-0.0618,-2.1492
-3.1651,1.3144,8.2145,-4.3657,-0.6219,3.6661,-10.5010,-9.1866,3.0454,-4.3657,-1.2905,0.0312
-3.4405,-1.5610,12.4307,-4.3657,0.2561,4.3656,-10.9535,-13.9271,7.8195,-4.3657,-2.9721,2.6577
-2.5809,-4.3335,12.8617,-2.4922,1.5408,4.3656,-9.7516,-15.8089,8.8250,-4.3657,-1.5152,4.3656
-1.0965,-7.5513,10.0006,-1.5469,2.2693,4.3656,-5.3702,-15.7155,6.2728,-4.3657,-2.0460,4.3656
-0.3831,-9.0668,12.0093,-1.1118,3.1960,4.3656,-4.2114,-15.6772,9.1985,-4.3657,-0.1900,4.3656
2.4421,-7.9296,14.5687,0.1859,3.5097,4.3656,-2.4852,-13.4003,12.1961,-2.5610,1.7515,4.3656
0.7542,-4.6615,15.3636,2.3140,2.8569,3.3007,-5.8012,-10.9726,12.3828,0.7194,1.2989,4.3656
1.1803,-3.8810,13.2639,4.0985,1.5178,1.8370,-4.3527,-7.8386,6.7062,2.7230,0.1524,4.0641
-0.5219,-2.4636,10.8409,4.3656,0.2184,0.4502,-5.0278,-6.8857,7.1467,4.3656,-1.0040,3.3783
-0.4477,-0.6153,8.0014,4.3656,-1.0643,0.0634,-4.7070,-3.7086,3.7373,4.3656,-2.0639,1.9173
0.5555,-0.0215,8.2193,4.3656,-1.6362,-0.5810,-2.4062,-1.8914,4.4987,4.3656,-1.4290,0.6692
0.9146,0.7709,5.0039,4.3656,-3.8096,-2.1637,-2.3032,1.0247,2.4852,4.3656,-2.8377,-1.3522
-1.1588,3.0143,3.7445,3.0234,-4.3657,-3.2640,-1.9058,2.6719,2.4541,4.3656,-3.9225,-3.3458
-1.5299,4.5849,4.3574,1.9297,-4.3657,-4.2457,-5.2816,2.0135,4.1755,4.3656,-3.1892,-4.3657
-4.5705,5.6671,2.4277,0.6415,-4.3657,-3.3733,-4.6112,3.6057,0.9194,3.9507,-4.3657,-4.3511
-2.9784,6.3063,0.1269,-1.5672,-4.3657,-0.8715,-2.0470,4.5801,-2.9975,1.2645,-3.8534,-4.3657
-0.0335,4.9943,0.0790,-3.6525,-3.7494,-1.6743,-5.2672,1.8268,-1.0630,-1.8584,-2.8654,-4.3657
-2.8898,4.4269,2.8754,-4.3657,-1.2865,-1.4109,-5.8442,-0.8452,0.1341,-3.7695,-1.7854,-3.3791
-3.4069,2.9233,6.0286,-4.3657,-1.4205,0.9851,-8.0780,-4.9584,1.6520,-4.3657,-1.6169,-1.9934
-2.6863,0.7015,7.5058,-4.3657,-1.2925,3.0008,-8.9184,-8.5329,3.4596,-4.3657,-2.9791,0.0280
-2.7246,-1.3120,10.8098,-4.2329,-0.2142,4.3656,-9.2727,-11.6334,7.0413,-4.3657,-2.0260,1.8947
-2.6145,-3.4884,12.3589,-2.5357,1.1036,4.3656,-9.2823,-13.4482,7.3143,-4.3657,-1.0949,3.7644
-2.1165,-6.0501,10.1059,-1.4553,1.5875,4.3656,-5.7892,-13.1801,4.5442,-4.3657,-2.1919,4.3656
-0.7111,-8.1187,9.0597,-1.3123,1.8375,4.3656,-2.7031,-12.7802,3.2681,-4.3657,-1.5609,4.3656
-0.3639,-8.3007,10.1562,-1.1333,1.9252,4.3656,-1.6017,-12.8401,7.4699,-4.2637,-0.6780,4.2226
0.5339,-6.9480,13.9271,0.2746,1.6321,4.3656,-5.5330,-11.6933,10.4986,-1.9740,-0.2018,3.1082
0.7901,-5.1068,11.6813,1.9446,1.0265,2.4736,-6.6367,-10.9415,10.8936,0.5919,-0.1821,3.4748
0.3615,-3.8307,13.1944,3.6665,1.2768,1.1767,-5.6216,-9.6774,9.3685,3.0164,0.6865,3.1908
-0.9864,-2.6647,10.9894,4.3656,0.0845,0.1973,-4.8602,-7.3837,4.4532,4.3656,0.2609,2.6734
0.4046,-1.7286,8.4587,4.3656,-0.8368,-0.4238,-5.2170,-6.4787,5.9711,4.3656,-1.6326,2.3022
0.7781,-0.3400,8.2648,4.3656,-0.8863,-1.2693,-3.0071,-4.8171,6.5481,4.3656,-0.0221,1.5896
-0.4621,0.8715,10.0533,4.3656,-1.9898,-1.9345,-3.5913,-3.5027,6.5625,4.3656,-1.2152,-0.2345
-0.0359,0.8811,5.7006,4.3656,-3.2154,-2.7920,-3.6057,-2.3176,4.4700,4.3656,-1.8482,-1.4879
-0.8882,2.5115,4.4604,4.3656,-4.3657,-3.6645,-5.5809,0.8930,-0.6919,4.3656,-0.8246,-2.7306
-5.6479,4.8746,0.2227,3.3813,-4.3657,-3.7844,-5.7054,3.4764,-2.1691,4.3656,-4.3657,-3.2155
-4.6615,7.0246,-0.0718,1.0440,-4.3657,-2.6064,-6.4548,4.9464,-1.6424,3.5593,-3.1962,-3.5821
-3.8044,6.7301,-1.8579,-1.0540,-4.3657,-1.6363,-3.8547,5.8083,-3.2681,1.0613,-3.2720,-3.6661
-0.9744,5.7293,-0.8236,-3.5559,-3.4799,-0.9959,-2.1308,3.6200,-0.7733,-1.6918,-3.5058,-3.9406
-2.2625,5.2337,2.6576,-4.3657,-1.8855,-0.7365,-5.7030,-0.1891,0.8763,-3.4916,-1.0420,-3.8108
-3.1795,4.0558,4.8842,-4.3657,-1.5524,0.9140,-9.3853,-3.2513,1.3048,-4.3219,-1.8720,-1.9297
-2.6935,2.0710,6.8163,-4.3657,-1.6194,2.3876,-7.5346,-5.6671,2.6528,-4.3657,-3.6520,-0.1236
-1.8244,-0.4166,8.4252,-4.3657,-0.5307,3.7305,-7.3813,-9.0549,5.0661,-4.3657,-1.8806,1.3270
-2.2721,-2.1021,10.8553,-3.8011,0.4535,4.3656,-7.5178,-11.3006,6.2010,-4.3657,-1.4714,2.4545
-2.1787,-4.1468,10.5536,-2.6450,1.0148,4.3656,-7.1587,-12.4738,6.5386,-4.3657,-1.7908,3.6396
-0.9625,-6.2680,9.7133,-2.0640,1.3912,4.3656,-4.2832,-12.2751,5.2960,-4.3657,-1.4008,4.3491
-0.2610,-7.2999,9.8761,-1.5104,1.8691,4.3656,-3.3758,-12.0883,5.6048,-4.3657,-0.6239,4.1138
0.1724,-6.9695,10.9798,-0.9888,1.7356,4.3656,-4.5969,-11.5951,7.1754,-3.2230,-0.1496,3.7942
0.0024,-6.1435,11.7962,0.3265,1.9199,3.1562,-6.8474,-11.3677,10.1418,-1.5957,0.3353,3.4876
-0.4429,-4.9033,12.6701,1.8582,1.9428,2.0495,-5.7652,-10.0533,8.6957,0.8278,0.8279,3.4901
-0.6632,-3.6703,11.8393,3.2491,1.1026,0.9964,-6.0262,-8.4204,5.6479,2.6328,0.7561,3.3185
-1.9896,-2.5618,10.0413,4.3200,0.4234,0.5722,-6.7971,-6.3063,3.4429,3.2594,-0.3548,2.3752
-1.2689,-1.2450,8.0230,4.3656,-0.0727,0.2661,-6.5553,-5.3008,4.9728,3.6459,-0.8569,2.6232
-2.6312,0.4453,9.1435,4.3656,0.3087,-0.1593,-5.1260,-3.3806,4.2713,4.3516,-0.1199,1.6309
0.0287,0.4453,7.4699,4.3656,-1.1289,-0.7204,-6.1100,-2.8587,4.4700,4.3656,-0.2185,1.4421
-1.0965,0.2131,10.0700,4.3656,-2.8302,-2.0995,-2.3703,-1.3192,5.7126,4.3656,-3.0406,-0.4932
-1.6592,1.3886,5.1882,4.3656,-4.3657,-3.6557,-3.2585,0.4190,2.2697,4.3656,-2.4764,-2.2270
-3.4620,3.8427,3.4620,3.0942,-4.3657,-3.9488,-5.8371,1.9417,0.5004,4.3656,-3.8488,-3.5268
-4.4604,5.1164,1.4030,1.8960,-4.3657,-3.7798,-6.5242,3.4836,-0.1604,4.3656,-4.3657,-3.8205
-4.8554,6.0430,1.1085,-0.1917,-4.3657,-2.7029,-2.7222,4.9632,-1.1971,2.2024,-4.1880,-4.2337
-3.0837,5.9065,-1.0127,-2.2172,-3.7842,-1.6934,-3.8858,3.4500,-1.2234,-0.4072,-2.4808,-4.3657
-2.5187,4.8866,1.4509,-3.9440,-2.3306,-0.9017,-5.1667,1.1995,-0.8691,-2.5151,-1.2953,-4.0687
-3.3974,4.0893,3.9768,-4.3657,-1.7615,0.1263,-7.8697,-2.2314,1.0534,-4.1290,-1.6429,-3.1337
-3.1627,2.8084,7.9655,-4.3657,-1.3042,1.7571,-9.6774,-5.4013,3.0885,-4.3657,-1.8610,-1.2267
-2.5426,0.6177,8.0637,-4.3637,-0.9249,3.1235,-8.2911,-7.8602,5.0589,-4.3657,-2.6998,0.6338
-2.5498,-1.5419,10.7117,-3.5422,0.1982,4.3656,-8.6024,-10.1897,5.5593,-4.3657,-1.4293,2.0757
0.4094,-4.0654,9.7157,-2.6412,0.7847,4.3656,-6.0813,-11.3629,7.2113,-4.3657,-1.5808,3.5467
0.2131,-4.9321,10.7739,-1.7673,1.2453,4.3656,-3.0646,-10.5345,6.4548,-4.2659,-1.0235,3.3823
-0.5507,-5.0494,9.2392,-1.2493,0.7909,4.3656,-4.4460,-9.9790,4.2904,-3.8858,-1.1658,3.0598
-0.4812,-5.6599,8.7173,-1.0052,1.1766,4.3656,-4.2425,-10.3262,5.2840,-3.5597,-1.3298,3.1423
0.4094,-5.5067,9.7636,-0.7266,1.1660,3.6409,-4.1803,-9.9192,6.6846,-2.7039,-0.4590,2.8998
-0.2777,-5.1547,10.1275,0.0136,1.2858,2.7520,-4.5945,-9.1770,6.9791,-1.5704,-0.1773,2.4638
-0.4764,-3.9217,10.9487,0.7713,1.1550,1.9628,-5.3127,-8.4420,7.9128,-0.2599,0.1104,2.1019
-0.7159,-2.8802,11.2336,1.9533,1.0782,1.1210,-6.9863,-8.0230,7.0677,1.2785,1.0219,2.2143
-1.2689,-2.0925,9.5792,2.8106,0.2579,0.6077,-5.7988,-6.1555,4.3287,1.9268,-0.6398,2.2817
-1.9034,-0.7326,9.4667,3.2492,0.3284,0.4915,-8.5329,-6.1723,5.8131,2.4457,-0.0757,2.4283
-1.9992,-0.2394,9.4667,3.9398,0.6502,0.4446,-6.5649,-5.7293,6.8546,2.9377,-0.0221,2.7275
0.8595,-0.2801,11.1785,4.3656,0.5209,-0.5384,-5.0326,-5.9879,8.8059,4.3656,0.6518,2.2913
-1.0558,0.0024,11.3461,4.3656,-1.9473,-1.5094,-4.3622,-3.3423,3.9456,4.3656,-0.5584,0.8665
0.6249,-0.3711,6.0980,4.3656,-4.3657,-2.6225,-2.7964,-0.3352,3.0287,4.3656,-4.3657,-1.0146
-3.6464,1.4485,4.0701,4.3142,-4.3657,-4.3006,-2.3727,0.8045,2.9281,4.3656,-4.3651,-3.6755
-2.0853,3.0694,0.6464,2.2107,-4.3657,-4.2738,-3.7685,2.5833,-0.6321,4.3656,-4.3657,-4.3657
-4.2689,4.8123,-1.6089,-0.3905,-4.3657,-4.2964,1.7789,4.8698,-2.8276,2.8818,-4.3657,-4.3657
-4.3622,6.6104,-0.6800,-3.0916,-4.3657,-2.3010,-4.2377,1.9513,-2.7845,-1.2789,-2.9677,-4.3657
-3.8762,5.5306,1.6712,-4.3657,-2.1967,-0.4355,-9.3637,-1.8196,0.4094,-3.6039,-0.1799,-4.3657
-2.4421,3.1364,5.7461,-4.3657,-1.5195,1.3702,-9.7564,-4.8794,1.6975,-4.3657,-1.9113,-1.8421
-3.1244,1.1396,9.3709,-4.3657,-1.1303,3.1469,-9.3733,-8.4922,3.9097,-4.3657,-3.0732,0.5484
-2.7581,-0.9481,11.0229,-3.6320,0.1026,4.3656,-8.2073,-11.4467,7.3622,-4.3657,-1.7920,2.2844
-1.6831,-3.7350,10.6015,-2.5851,0.7281,4.3656,-8.1834,-12.7659,6.0382,-4.3657,-2.1072,4.0702
-0.6057,-5.4133,9.4308,-1.9481,1.4237,4.3656,-3.6248,-12.4714,5.8299,-4.3657,-1.8442,4.3656
-0.4908,-6.9576,10.4866,-1.4485,1.6871,4.3656,-4.2138,-13.3860,7.0749,-4.3657,-0.5837,4.3656
0.5626,-7.0557,13.6781,-0.4571,2.2403,4.3656,-6.8618,-14.3556,11.2527,-3.5240,0.0729,4.3656
2.1380,-6.1507,14.2551,1.6258,2.8061,3.8520,-3.0646,-12.3206,12.7587,-0.8848,0.1202,4.3656
2.6097,-4.7621,13.3309,3.3137,2.3565,1.8177,-3.0454,-10.3501,12.1602,2.1737,1.1935,3.8606
1.0558,-3.7134,13.0723,4.3656,0.8952,0.0437,-5.5426,-8.2935,5.6000,4.3656,1.5359,3.2611
-1.4341,-2.2817,10.0461,4.3656,-1.2405,-0.8616,-5.9927,-6.0717,4.4532,4.3656,-2.6677,2.5318
-2.6073,-1.9058,4.8219,4.3656,-1.7139,-0.5091,-1.3503,-3.4046,3.1675,4.3656,-2.8874,0.4978
1.5945,0.3687,4.4604,4.3656,-4.3657,-2.0977,-2.5881,0.0311,-0.0814,4.3656,-2.2262,-0.9314
0.6369,2.2218,1.4006,3.0034,-4.3657,-3.2615,-1.9010,1.5586,2.1644,4.3656,-4.3657,-2.5261
-0.8906,3.9552,5.1284,1.2624,-4.3657,-4.2346,-3.2968,2.7557,0.3256,4.3656,-2.7295,-4.3657
-2.8563,4.8985,2.2865,-0.0055,-4.3657,-3.6648,-3.0646,3.8738,0.0886,2.8830,-3.3786,-4.3657
-1.1444,5.3822,1.6424,-1.9843,-4.3657,-2.5225,-2.5355,2.8108,0.3615,-0.0990,-4.3657,-4.3657
-0.9170,4.7908,0.6919,-3.7990,-2.9223,-1.5477,-4.4269,0.8811,-0.5219,-2.5257,-1.7471,-4.2998
-2.6983,3.8116,4.7166,-4.3657,-1.6638,0.0534,-8.0373,-3.3375,0.9146,-4.3657,-1.0465,-3.1157
-3.4093,2.5307,9.0166,-4.3657,-1.3499,2.2926,-10.6207,-7.3574,4.6855,-4.3657,-2.3108,-0.5570
-1.9249,0.0455,11.1139,-3.8677,-0.6632,4.2042,-9.8857,-10.7332,7.8626,-4.3657,-2.5775,1.9201
-2.5977,-2.2936,12.5073,-2.1389,1.2400,4.3656,-8.6790,-12.6438,9.4164,-4.3657,-1.5256,3.7928
-0.7350,-4.5131,11.3461,-0.8692,1.9942,4.3656,-6.2752,-12.2392,7.4747,-4.3657,-1.1022,4.3656
0.0790,-5.6383,10.9104,-0.3637,2.6817,4.3656,-5.0781,-13.3094,9.8689,-3.8694,-0.7345,4.3656
2.7749,-5.1930,13.1944,0.6305,3.4010,4.3656,-3.5099,-12.3134,12.2080,-2.2531,1.0794,4.3656
2.4062,-3.9600,14.3173,2.1357,2.9663,3.2159,-3.1556,-10.5417,13.0460,0.1231,1.5060,4.3656
1.8100,-3.5075,14.2742,3.8930,2.2680,1.8463,-4.3479,-9.3015,11.1378,2.5475,0.9569,4.2658
1.9776,-2.6600,11.4347,4.3656,0.5478,0.1434,-4.0342,-6.5529,6.3734,4.3656,0.2409,3.3069
-0.4836,-1.0151,8.7771,4.3656,-1.1365,-1.0108,-3.3184,-3.0550,3.8092,4.3656,-2.0336,1.3686
-1.1420,0.6488,5.0781,4.3656,-2.4277,-1.6180,-4.4939,-1.9752,5.3008,4.3656,-2.3828,0.8603
-0.5459,2.9664,4.5993,3.7764,-2.2928,-2.0118,-1.3216,2.0016,0.9457,4.3656,-1.2680,-0.1771
-0.5842,3.1891,4.9847,2.3894,-4.3476,-1.8491,0.2322,3.5554,1.2929,4.3656,-2.5546,-3.5201
-2.6576,5.4109,2.6863,-2.2835,-3.3334,-2.1276,-5.1451,2.7533,-0.5962,-0.6015,-2.7143,-4.3657
-2.3487,3.9576,1.6424,-4.0644,-3.0772,-1.2569,-3.9792,0.2586,-0.5339,-2.9034,-4.1969,-4.2707
-1.0511,2.7557,4.2737,-4.3657,-2.4702,-0.1378,-5.1811,-3.3519,2.6169,-4.3657,-2.2740,-3.3564
-1.4796,1.3431,7.8123,-4.3657,-1.8738,1.1530,-8.4228,-6.7086,2.9832,-4.3657,-1.4585,-1.6470
-2.3535,0.0000,10.6901,-4.3657,-1.4310,2.5893,-8.6024,-10.3860,7.9871,-4.3657,-3.3862,0.2058
-1.5634,-1.9082,13.5584,-2.4010,0.3381,3.9751,-9.9000,-12.3277,11.2192,-4.3657,-0.9046,2.2687
-1.1779,-3.8786,11.9614,-0.4271,1.7592,4.3656,-8.7676,-11.8226,8.5042,-3.0690,-0.2646,4.1796
0.1796,-5.4827,8.1714,-0.0931,1.8542,4.3656,-7.3526,-12.3445,7.7524,-2.7235,-0.5641,4.3656
0.2179,-5.6599,11.6669,0.0620,2.6630,4.1280,-2.3583,-10.9630,8.3199,-2.0379,0.4608,4.3656
0.5626,-4.5993,15.7682,1.7391,3.1670,3.2291,-5.9376,-9.9240,11.9279,-0.0749,3.0574,4.3656
1.6688,-2.3487,11.8681,4.3656,0.9438,0.5542,-5.7341,-6.7588,6.4165,4.3656,-0.8664,4.2487
0.6991,-1.3503,8.4467,4.3656,-0.0180,-0.4387,-2.1715,-3.5841,3.9792,4.3656,-1.3763,2.9299
-0.4621,0.1030,5.9640,4.3656,-1.1744,-1.2613,-3.4836,-0.6105,1.6544,4.3656,-0.9886,1.7067
-0.9697,2.1931,3.4405,4.3656,-2.8380,-1.7072,-2.7366,2.9185,-0.1772,4.3656,-3.0569,-0.1648
1.6712,2.7414,1.8483,2.7924,-4.3657,-2.5822,-0.1053,4.4772,1.6807,4.3656,-3.9644,-1.9762
-3.7685,4.6400,2.2841,1.3696,-3.5689,-3.8483,-2.0806,5.0111,-0.9768,3.1841,-3.0061,-4.3657
-2.0997,5.1595,3.6583,-0.5377,-4.3657,-3.3264,-2.6312,5.0278,-1.1037,1.8490,-2.1621,-4.3657
-3.6272,5.0973,1.4389,-2.0969,-4.3657,-2.7759,-3.3279,2.2290,1.1396,-0.4219,-4.3657,-4.3657
-3.6081,4.9823,1.3647,-3.6591,-3.4803,-1.2720,-5.3654,-0.2274,2.0901,-2.5782,-2.6020,-4.3657
-2.9066,4.2449,5.1834,-4.3657,-2.5015,0.3605,-8.7652,-2.3200,2.0063,-3.5809,0.2514,-3.2853
-2.2745,1.3192,4.0007,-4.3657,-2.3160,2.5281,-7.3741,-4.9321,2.8371,-4.3657,-4.0957,-1.3207
-0.2897,-0.8116,10.8026,-4.3657,-1.2159,3.6608,-7.5824,-9.0573,4.0677,-4.3657,-1.7034,0.6110
-2.1596,-2.4588,13.2208,-3.1854,0.4568,4.3656,-10.9630,-13.0436,8.8442,-4.3657,-0.3556,2.0907
-0.9050,-4.3144,13.1514,-1.4119,0.8677,4.3656,-9.2823,-13.6637,10.3214,-4.3657,-2.2615,4.3656
0.3783,-5.4444,11.1690,0.0329,1.8715,4.3656,-5.4109,-12.1817,8.3653,-3.2762,-0.7905,4.3656
0.8428,-5.4348,12.3565,0.8661,2.8549,4.3656,-4.5442,-10.8194,9.6654,-2.3201,0.8478,4.3656
1.6807,-4.7046,12.0045,1.9032,2.7841,3.7565,-5.4516,-10.2639,9.8689,-0.9395,1.2458,4.3656
0.7997,-2.9688,13.7930,3.1638,2.0895,2.6798,-4.5610,-8.0134,10.7548,1.1627,0.2190,4.3656
0.8021,-2.4972,11.3270,4.3656,1.4354,1.6947,-4.0294,-5.7485,6.5003,3.2293,0.4274,3.7153
0.4812,-0.6225,8.4659,4.3656,0.1772,0.7281,-4.5322,-3.9409,6.1244,4.0765,-0.4942,3.0193
0.1891,1.0798,8.2169,4.3656,-0.9044,-0.4072,-6.4452,-3.4381,5.7245,4.3656,-0.5139,2.9707
0.7230,0.6656,6.8785,4.3656,-3.3498,-1.8149,-2.0853,0.4573,1.8603,4.3656,-3.4732,1.0059
-0.3711,1.5778,6.1292,4.3656,-4.3657,-3.5936,-2.2194,2.6217,1.7645,4.3656,-4.3657,-1.4907
-4.4532,4.6208,0.5291,3.2436,-4.3657,-3.4053,-3.5051,4.4963,0.2083,4.3656,-4.3657,-2.6737
-1.3384,6.1316,2.2434,1.0086,-4.3657,-2.9692,-3.2896,5.3726,1.1732,2.9822,-4.3657,-3.8593
-4.0079,6.8450,1.2785,0.1852,-3.4391,-2.6409,-2.0255,6.3805,-1.5012,1.6265,-2.5675,-4.3657
-1.7789,6.7038,-0.7518,-2.1706,-3.3023,-1.0519,-3.1101,4.3551,-0.2610,-1.3346,-3.2245,-4.3657
-1.7885,5.5306,0.1820,-3.9959,-1.4770,-0.1861,-4.3383,1.8052,0.7039,-3.5000,-1.3443,-3.6479
-2.1548,3.9241,3.6440,-4.3657,-0.5316,0.8651,-7.0366,-1.4006,-0.3184,-4.3657,0.4778,-2.6076
-1.9585,1.8723,5.5115,-4.3657,-1.2361,2.0471,-7.4795,-4.8746,1.4246,-4.3657,-2.2917,-1.4374
-2.4038,0.1173,9.0309,-4.3657,-0.7584,3.2972,-7.7500,-8.4803,5.3008,-4.3657,-2.3574,0.1144
-2.0303,-2.1213,11.2336,-4.2282,0.2112,4.3656,-8.9423,-11.1282,7.1108,-4.3657,-0.4478,1.3687
0.0838,-4.4700,12.4498,-3.0346,0.5339,4.3656,-6.4835,-12.3852,9.9719,-4.3657,-2.0993,2.5660
-0.1748,-5.1236,12.5935,-1.2377,1.1884,4.3549,-6.4165,-11.5329,9.1650,-3.3414,-0.4181,2.9480
-0.2155,-4.9416,10.5919,-0.2374,1.5493,3.9603,-7.1491,-10.7117,6.4093,-2.5305,-0.3781,3.8900
-0.8236,-5.1092,10.8816,0.5272,1.9172,3.6549,-7.1682,-11.1354,8.5329,-1.7770,-0.1168,4.3656
-0.6584,-3.7685,11.7579,1.5552,2.3599,2.9187,-6.9528,-9.9599,9.0214,-0.2976,1.2706,4.3656
-0.4932,-2.7509,13.2543,2.9607,2.2472,2.3562,-6.2130,-8.1092,8.3246,1.4096,0.8982,4.3656
-0.4381,-1.9968,10.8888,4.2086,1.3237,1.5476,-6.9168,-6.9049,6.6224,2.6688,0.4283,4.2506
-1.1109,-0.8452,9.7348,4.3656,0.9871,1.1143,-4.9656,-4.2401,4.5394,3.4551,-0.4632,3.3243
-0.9529,0.6752,8.6407,4.3656,-0.0897,0.5617,-5.8466,-2.7150,4.7884,3.9627,-0.5497,3.0951
-0.2203,2.0446,7.1563,4.3656,-1.2645,0.1431,-4.1324,-0.1125,3.5386,4.3656,-1.7977,1.9995
3.5506,2.9018,2.3607,3.3889,-4.3657,-2.4016,0.0742,3.2250,5.0518,4.3656,-4.3657,-0.1891
-3.6392,4.3191,3.7086,3.3116,-4.3657,-4.3657,-2.2482,3.3830,2.6001,4.3656,-2.8821,-3.8966
-3.4141,6.4811,1.6544,0.8757,-4.3657,-3.2238,-5.0398,5.8442,-1.6209,3.6981,-4.3657,-4.3657
-3.6081,6.8211,0.5602,-0.7234,-4.3657,-2.3180,-1.7957,6.4260,-2.2170,1.3538,-4.3657,-4.3657
-2.3104,6.6822,0.2610,-2.3899,-3.7110,-1.9071,-4.1587,4.0749,-1.0104,-1.2686,-2.3958,-4.3657
-3.5698,5.6192,1.1468,-3.7976,-3.1748,-0.9282,-4.7142,1.5467,-0.4573,-2.9665,-1.8691,-4.1198
-2.6911,4.4987,3.8355,-4.3657,-2.5065,0.7987,-6.7612,-1.7693,1.1277,-4.3657,-3.6400,-2.8246
-2.6480,2.6145,4.8387,-4.3657,-1.5451,2.1915,-7.3885,-4.7190,2.9616,-4.3657,-1.7870,-1.0619
-1.7621,0.6680,7.6734,-4.3657,-1.0762,3.5711,-7.5561,-7.8673,4.3311,-4.3657,-1.7448,0.4956
-2.3942,-1.2857,11.8896,-4.0312,0.3584,4.3656,-9.9766,-11.2934,7.5848,-4.3657,-1.4847,1.9149
-1.4940,-3.6416,12.2583,-2.3433,1.6222,4.3656,-9.7372,-13.1514,9.8569,-4.3657,-0.7498,4.0048
0.6273,-6.1603,10.9200,-1.3030,2.2196,4.3656,-6.2177,-13.4578,9.0884,-4.3657,-0.6757,4.3656
0.1101,-6.4021,12.4882,-0.5240,2.9172,4.3656,-2.6360,-11.5592,8.7460,-3.2750,0.4824,4.3656
0.6584,-5.4660,13.4698,0.7541,3.4211,3.9567,-7.2257,-11.3964,10.4363,-1.4853,2.5563,4.3656
0.6249,-4.0390,13.3333,2.1392,2.1326,2.6553,-6.5577,-9.8138,10.0245,0.4786,0.6540,4.3656
0.1628,-2.7438,13.6661,3.9724,1.4053,1.5134,-6.7995,-7.9033,8.6311,2.6512,-0.4162,4.2737
-0.5986,-1.7885,10.3190,4.3656,0.6053,0.6606,-4.1492,-4.9656,5.4205,4.1262,-0.6135,3.3306
0.0766,-0.3855,8.8202,4.3656,-0.0072,0.0025,-4.7070,-2.6312,3.5458,4.3656,-0.8721,2.5305
-1.1827,1.4653,6.3566,4.3656,-1.5303,-0.7614,-4.5657,-0.1508,2.7725,4.3656,-2.2338,1.4937
0.4573,2.3056,7.7907,4.3656,-2.5882,-1.2919,-4.1276,0.6919,5.3127,4.3656,-2.7900,-0.2589
-2.6408,3.6105,3.2441,4.0270,-4.3657,-2.3341,-4.5729,4.1803,0.1437,4.3656,-4.3657,-1.5419
-2.4684,5.8395,1.9201,2.4260,-4.3333,-2.3541,-2.1739,6.1555,0.3759,3.7899,-4.3657,-2.6970
-3.0526,6.6631,0.3519,1.1747,-3.9652,-2.5401,-4.6663,6.2130,0.2514,2.7688,-2.0689,-3.0493
-2.8084,7.0318,-0.0024,-0.9105,-3.5298,-1.8568,-0.8260,6.9504,-0.8739,0.5597,-3.9333,-3.7266
-1.5323,6.5649,1.3312,-2.3888,-2.6894,-1.4009,-2.8874,4.4843,0.7973,-1.2438,-1.5204,-4.3657
-1.4629,5.2960,-0.2873,-3.9114,-2.5803,-0.9956,-4.4508,2.4373,-0.4836,-2.7524,-1.4389,-3.7578
-2.2984,3.8211,2.8515,-4.3657,-1.8563,0.0145,-4.3383,-0.7518,0.1556,-4.3657,-3.1120,-2.8156
-1.9561,2.6695,7.4244,-4.3657,-1.0948,1.5287,-7.5609,-4.8698,4.5681,-4.3657,-0.6864,-2.0022
-2.8156,1.2091,9.7564,-4.3657,-0.7004,2.6839,-10.3741,-7.7812,5.8251,-4.3657,-0.6984,-0.2864
-2.4972,-0.8404,11.0875,-3.8668,0.1840,3.7667,-9.8761,-9.5768,7.4053,-4.3657,-1.7912,1.6006
-1.8723,-2.5809,10.7787,-2.5911,0.8965,4.3656,-8.1116,-10.1466,6.7900,-4.3657,-1.0451,3.0747
-1.5754,-4.2713,9.5840,-1.9436,1.4444,4.3656,-5.7892,-9.8713,5.9161,-4.3657,-0.8793,3.7655
-0.2442,-5.1260,9.5289,-1.6158,1.4713,4.3656,-4.3311,-9.6510,5.4109,-4.1628,-0.4978,3.7210
0.4381,-4.4077,10.6781,-0.9174,1.5884,3.8323,-6.9073,-10.0868,8.7245,-3.1191,0.3297,3.8548
-0.1556,-3.3662,12.2894,0.4379,1.6665,2.9798,-5.0278,-8.4300,10.1059,-1.3416,-0.1952,3.7165
-0.4310,-2.5738,11.2527,1.6004,1.4791,2.0599,-5.2984,-7.1658,9.4906,0.6380,0.5421,2.8673
-0.4812,-2.1356,11.7675,2.8114,1.1278,1.1736,-5.8921,-6.5457,7.4196,2.1417,0.8817,2.5234
-1.2498,-1.2546,10.7380,3.9762,0.5872,0.5052,-8.2911,-5.9975,6.3446,3.2389,-0.0911,2.5021
-2.7270,-0.0144,9.7181,4.3656,0.3355,0.1749,-5.5545,-4.2760,5.2553,4.1086,-0.8380,2.4481
-1.4222,0.5770,7.1658,4.3656,0.0719,0.2390,-6.0669,-1.6520,1.4748,4.1824,0.0701,2.2375
-0.5698,1.1636,4.6831,3.9419,-1.2630,-0.4174,-2.5331,0.0048,4.0127,4.0650,-2.3237,0.8098
-0.2490,4.1324,8.4108,2.2653,-2.0884,-1.8763,-3.8810,1.4557,7.3670,3.6569,-1.5436,-0.7153
-2.4397,5.3032,4.1922,2.1595,-4.0015,-2.7150,-5.7221,3.0215,3.1268,4.0593,-2.7843,-2.7590
-2.1284,5.6216,4.6184,1.3690,-3.7117,-3.1236,-5.2816,3.4979,3.6919,3.5062,-2.3335,-2.9817
-3.4453,6.2968,3.6344,0.8993,-3.9847,-2.9074,-6.4979,3.9169,2.0087,2.9417,-2.7010,-3.0309
-3.3591,6.4332,2.8084,-0.0095,-3.5599,-2.0157,-4.6759,4.6184,1.5514,1.5407,-2.9020,-3.0345
-2.6025,6.3997,1.6089,-1.1033,-3.1176,-1.3640,-3.8786,4.5538,1.0918,0.3373,-2.2018,-3.4448
-1.7478,5.6790,1.7119,-2.7756,-2.7276,-1.0010,-4.4772,3.2609,-0.5866,-1.8688,-2.2087,-3.1802
-3.0263,5.2720,2.2960,-3.8753,-1.8675,-0.0721,-5.5617,0.5555,0.5195,-3.8848,-2.3887,-2.5539
-4.7285,4.1970,4.7645,-4.3657,-0.4166,1.7341,-9.1435,-2.7892,2.2434,-4.3657,-0.5720,-1.4376
-2.8012,1.4078,6.4763,-4.3657,0.0004,3.3212,-9.8857,-5.7317,2.2913,-4.3657,-0.5942,0.7385
-1.9106,-1.1971,7.3789,-4.3657,-0.1110,4.1729,-6.3829,-7.9847,3.6943,-4.3657,-2.5763,2.1815
-1.5874,-2.7605,9.5313,-4.3220,0.3068,4.3656,-5.2241,-9.8809,5.2194,-4.3657,-0.8307,2.3980
-1.7454,-4.2880,10.6566,-3.4105,0.4149,4.3656,-7.0725,-11.5592,7.0797,-4.3657,-1.1868,2.5203
-0.5195,-5.6862,10.9200,-2.1486,0.7091,4.3656,-5.7365,-11.4539,7.3167,-4.3657,-1.5926,3.2766
-0.0120,-5.9161,10.2783,-1.1437,1.2465,4.3656,-4.9536,-10.8194,8.1906,-3.3277,-0.3668,3.1866
0.0455,-5.6719,10.1945,-0.2049,1.5705,3.4689,-5.1284,-9.6055,6.5170,-2.1092,-0.0048,3.1870
0.0072,-4.7453,10.8409,0.5970,1.4843,2.4652,-5.8107,-9.1650,8.1235,-0.5584,0.3184,3.0461
-1.0846,-3.5458,12.4834,1.9365,1.3604,1.7563,-7.4172,-8.7915,8.7340,1.0206,0.6738,2.8563
-1.2043,-2.3415,11.7172,3.5575,1.4273,1.0511,-6.5338,-7.6231,6.7684,2.7985,0.6904,3.1584
-1.3408,-1.5227,11.0780,4.3656,0.8691,0.9702,-7.5920,-6.9456,5.8945,4.0113,0.0982,3.2839
0.9194,-2.3104,8.4372,4.3656,-0.0136,0.0224,-3.9600,-6.3446,4.6304,4.3656,-0.6498,3.4713
-0.0694,-1.3815,12.0979,4.3656,-2.3058,-1.1851,-4.7812,-3.7900,3.9816,4.3656,-1.7981,1.2528
-1.2809,0.1293,5.2146,4.3656,-4.3657,-2.3622,-4.1084,0.3472,0.8428,4.3656,-4.3657,-0.0332
-2.1883,6.9145,2.7414,0.2224,-2.8068,-2.6025,-5.0733,5.1882,1.9082,2.0115,-1.7817,-2.9247
-1.7573,5.3103,2.9185,-2.3236,-2.1330,-1.2307,-5.0901,2.4732,1.3001,-1.3889,-1.3968,-3.9504
-3.1939,4.1803,2.2577,-3.7696,-2.1693,-0.3424,-6.3422,0.6369,-1.5467,-2.9952,-1.6735,-3.0735
-5.0254,3.0933,3.2777,-4.3657,-1.6585,1.1714,-7.2832,-2.6695,-1.6712,-4.3657,-3.4703,-1.7023
-4.1587,1.0151,5.7604,-4.3657,-0.2393,3.4105,-9.5313,-7.3670,2.4373,-4.3657,-1.2203,0.1013
-3.2848,-1.9273,7.8961,-4.3657,0.0608,4.3656,-9.9359,-10.6781,2.4541,-4.3657,-1.4129,2.3557
-2.7916,-4.4388,9.8928,-4.3657,0.3299,4.3656,-7.2089,-13.5344,5.2241,-4.3657,-2.5111,3.7866
-1.4078,-6.6487,11.4706,-3.6026,0.7169,4.3656,-5.3175,-14.5567,7.8290,-4.3657,-1.4317,4.3656
1.3647,-7.3670,12.6318,-1.8426,1.0067,4.3656,-7.4651,-15.2439,12.0021,-4.3657,-0.7168,4.3656
2.5881,-7.0222,11.5257,-0.0145,1.5295,4.1845,-3.3279,-12.0620,11.4084,-2.1934,-0.7081,4.3656
1.4796,-6.1699,11.7172,0.9521,1.8731,2.2452,-0.4621,-9.3134,9.8162,0.3547,0.9535,3.6861
1.3575,-4.2880,13.9199,3.0802,1.8636,0.6294,-7.9176,-9.3709,10.0892,3.0751,2.8925,2.4359
-0.5770,-3.3591,11.7005,4.3656,0.3782,-0.6255,-9.0022,-7.8171,5.2289,4.3656,-0.7979,2.4271
-2.4517,-2.6935,9.7995,4.3656,-0.2491,-0.6764,-5.7557,-5.2050,2.5259,4.3656,-2.2732,1.5191
-2.1189,-1.4461,6.9623,4.3656,0.1238,-0.9474,-6.1363,-4.0893,3.7086,4.3656,-0.3992,1.6547
-0.8930,0.1772,6.0597,4.3656,-0.4227,-1.4250,-5.0877,-1.1013,1.6257,4.3656,-0.1359,1.0086
-3.0382,2.3080,4.6711,4.3102,-1.6733,-1.7849,-5.0470,1.8866,-0.1939,4.3656,-2.0286,-0.1841
-3.4884,5.0159,3.0023,2.2304,-2.1398,-1.8851,-4.8866,4.3574,0.3376,3.5029,-1.4653,-1.1968
-2.7988,5.2768,3.6009,1.4986,-2.6319,-1.9123,-5.3391,4.5131,1.7047,2.6390,-1.8536,-1.9320
-2.9473,5.8849,3.1173,0.7867,-3.1849,-1.9512,-6.4787,4.5729,1.3719,2.1244,-2.4642,-2.0760
-3.3567,5.3463,4.7956,-0.1621,-3.3077,-1.6230,-0.9337,4.7357,3.2346,1.7120,-3.1957,-3.0764
-1.2522,5.2864,2.5307,-1.1899,-4.2892,-1.2201,-2.0470,3.6176,0.2274,0.7805,-3.5705,-4.3657
-1.1588,4.6424,2.0470,-2.7444,-3.3208,-1.1884,-5.4684,1.0965,1.7669,-1.3547,-2.6630,-4.3657
-1.5107,3.8571,3.1077,-4.0731,-3.0887,-0.5123,-6.0358,-0.8787,1.5586,-2.7226,-2.8502,-3.8328
-2.2434,3.1915,6.3303,-4.3657,-2.5578,0.5176,-7.2113,-3.5051,4.2401,-3.7311,-2.9143,-2.4728
-1.1540,2.0710,8.9807,-4.1859,-1.7985,1.8262,-8.4874,-5.6838,5.1380,-4.1990,-2.4265,-0.6053
-1.2186,0.2969,8.9711,-3.3525,-0.9162,2.9892,-8.4204,-7.6375,5.0470,-4.3657,-2.3726,1.3983
-1.0798,-1.2019,9.5122,-2.6283,-0.0685,4.0919,-6.4452,-9.3087,6.0741,-4.3657,-2.3450,2.8093
-1.9393,-3.1627,8.9304,-1.9357,0.7253,4.3656,-5.5138,-10.4890,5.5881,-4.3657,-1.5896,3.7971
-0.8404,-5.2313,9.1004,-1.6962,1.0555,4.3656,-4.5562,-11.4922,4.0007,-4.3657,-1.5018,4.3656
-0.4405,-7.0150,9.0405,-1.5083,1.4317,4.3656,-3.7517,-12.7587,5.2529,-4.3657,-1.4289,4.3656
0.4310,-7.3143,10.3118,-1.1117,1.6406,4.3656,-4.1994,-12.9119,8.8609,-3.8784,-0.5371,4.3656
0.0287,-6.1292,12.1937,0.0735,1.9682,4.3172,-6.0597,-11.9638,9.8043,-2.1378,0.6111,4.3656
-1.0606,-4.3742,11.4586,1.3903,2.2473,3.4648,-3.5841,-8.8466,7.8075,-0.6415,0.3649,3.8193
-0.1628,-4.0151,11.9255,2.3362,1.7445,2.3228,-6.7373,-9.1937,8.3175,0.9270,1.0633,3.6862
-0.8978,-3.4740,11.4227,3.7414,1.2734,1.4691,-6.7516,-7.9368,5.8993,2.4874,0.5269,3.5862
-2.1261,-1.9297,10.4196,4.3075,0.3872,1.0697,-6.2321,-6.0310,4.8794,3.2830,-0.9507,3.5559
-1.5203,-0.7590,8.6933,4.3656,0.3632,0.6832,-5.9256,-4.0199,4.0965,3.6052,-0.1283,2.8232
-1.6879,0.1460,8.5473,4.3656,-0.4892,0.1828,-5.4420,-3.1508,4.5873,4.3656,-0.9926,2.6325
0.2179,0.1508,8.1475,4.3656,-2.5327,-0.6384,-3.8690,-1.0151,4.3191,4.3656,-2.1252,0.4660
0.3543,0.7829,5.2481,4.3011,-4.3657,-2.1749,-2.1620,0.9146,3.5865,4.3656,-4.1045,-1.4570
-0.5986,2.0638,4.7477,3.3388,-4.3657,-4.0893,-2.7653,1.1253,4.1372,4.3656,-3.7411,-3.4508
-3.3279,4.2090,4.9201,2.5295,-4.3657,-4.3657,-6.1866,1.5706,3.1077,4.3656,-3.1582,-4.0250
-2.5091,4.6256,5.4253,1.5980,-4.3657,-4.3644,-5.5569,2.5738,2.8108,4.3656,-4.3657,-4.3657
-5.6431,5.7150,1.7262,0.7075,-4.3657,-3.8392,-4.1683,4.2593,0.3831,3.2097,-4.3657,-4.3657
-1.7382,6.2153,2.0949,-0.9758,-4.3228,-2.9428,-4.1492,2.9640,2.6839,1.4330,-2.3378,-4.3657
-3.9744,6.4380,1.8555,-1.8688,-2.5591,-2.2396,-7.9942,2.1835,0.9673,0.0885,-0.5917,-4.2955
-4.1539,5.7533,2.1739,-3.0734,-2.2391,-0.8310,-8.7101,1.4605,-1.0965,-1.7539,-2.3349,-2.7860
-4.0199,4.4029,3.7302,-4.0016,-1.4270,0.8456,-8.7460,-0.5148,-1.3838,-3.8356,-2.0523,-1.0924
-4.6471,2.8156,4.7669,-4.3657,-0.6596,2.5995,-8.5641,-3.8475,0.6249,-4.3657,-2.1245,0.3389
-3.5602,0.2586,7.7333,-4.3657,-0.0420,4.2906,-8.4013,-7.4508,2.8228,-4.3657,-1.7690,1.8735
-2.7581,-2.5642,8.6239,-4.3512,0.2851,4.3656,-6.9360,-10.2759,3.8307,-4.3657,-1.8993,3.0062
-2.6384,-4.8387,9.5553,-3.7433,0.5708,4.3656,-5.9903,-12.3230,4.7836,-4.3657,-1.9292,3.6329
-1.0942,-7.3215,8.9064,-3.1517,0.7870,4.3656,-4.9799,-13.5296,4.8219,-4.3657,-1.5423,4.1511
-0.0311,-8.7556,9.2919,-2.9272,0.8246,4.3656,-2.7318,-13.0149,5.6455,-4.3657,-1.5203,3.8973
0.4357,-8.2744,10.1323,-1.9448,0.8282,4.3656,-2.9401,-11.4132,6.0765,-4.2595,-0.5133,2.9433
0.6057,-7.4484,9.7659,-1.0244,0.4531,3.2995,-4.3958,-10.7260,6.7133,-2.8690,-0.9494,2.3298
0.4022,-6.6655,10.6901,0.2723,0.1112,1.9357,-6.0142,-10.6303,8.9830,-0.8467,-0.7353,1.7553
-0.3136,-5.1116,11.1306,1.8477,0.3210,0.8037,-6.8618,-9.3589,7.2880,1.1904,-0.2209,2.2946
-1.5874,-3.8978,10.3789,2.8161,0.4149,0.5492,-7.1204,-8.4372,5.8059,2.0435,-0.3620,1.9638
-2.0063,-2.5881,9.7420,3.4835,0.8593,0.6384,-7.6447,-7.5585,5.5641,2.6537,0.3437,2.8899
-1.5490,-1.6855,9.3661,4.0533,1.0918,0.9138,-8.1570,-6.7636,6.5912,2.9728,0.4307,2.8779
-1.4198,-1.3288,9.6391,4.3656,1.2697,0.7759,-4.1922,-5.0709,4.9225,3.5999,0.3317,2.8321
-0.5219,-1.2905,8.1068,4.3656,1.0196,0.4683,-5.5689,-4.4221,5.0661,3.9210,1.0692,2.1360
2.7031,-0.7302,10.6326,4.3656,-1.0774,-1.4286,-1.7717,-3.7110,9.1267,4.3656,-0.5532,1.0142
-1.7933,0.0359,10.0820,4.3656,-3.2901,-3.3131,-6.2297,-2.3535,2.5426,4.3656,-1.4663,-1.3194
-4.1515,1.9848,4.8698,4.3656,-4.3657,-4.0113,-7.4531,0.4214,0.9984,4.3656,-4.2499,-1.6780
-3.4093,3.4141,4.0390,3.2666,-4.3657,-3.5333,-6.1794,1.0175,3.0358,4.3656,-4.0168,-2.6750
-4.3790,5.1930,1.1396,1.0098,-4.1912,-2.4285,-6.3398,4.6328,-2.3367,3.3338,-3.4807,-3.1866
-3.1532,5.3032,0.9649,-2.3049,-2.8505,-1.7666,-5.7221,2.7701,-1.1684,-1.0593,-1.9605,-4.2190
-4.2282,4.1635,2.6743,-3.6691,-2.4590,-0.8158,-7.6734,0.3424,-1.3623,-2.6105,-1.6649,-3.1213
-4.3407,3.0215,4.2856,-4.3657,-2.5339,0.5746,-7.0102,-2.2553,-0.8236,-4.3657,-3.4410,-1.8858
-3.1819,1.9273,5.8371,-4.3657,-1.9509,2.2099,-6.6894,-5.2218,3.2010,-4.3657,-2.7772,-0.6166
-3.6847,0.6105,9.7300,-4.3629,-0.5730,3.5306,-9.1004,-8.1547,5.1834,-4.3657,-1.2670,0.3052
-2.3415,-1.7645,9.7252,-3.3737,-0.0087,4.3656,-10.0868,-10.5369,6.6415,-4.3657,-1.9279,2.1453
-2.2721,-3.8786,9.3518,-2.5967,0.9176,4.3656,-6.5194,-10.7548,4.7190,-4.3657,-1.6838,3.7808
-1.6065,-5.6886,8.5114,-2.2236,1.3827,4.3656,-4.4652,-10.6542,3.6272,-4.3657,-0.9070,3.9387
-1.0319,-6.9552,8.8011,-2.2075,1.2486,4.3656,-3.9887,-11.2456,4.3407,-4.3657,-1.1443,3.5349
-0.1796,-7.1635,10.0173,-1.6623,1.3049,4.3656,-5.2074,-11.6191,6.5457,-3.9173,-0.5316,3.4764
-0.3711,-6.1292,10.9271,-0.4449,1.3638,3.4813,-6.4859,-10.8050,7.9703,-2.5167,-0.1063,3.0331
-1.6017,-4.1563,15.2223,0.9912,1.4537,2.6533,-9.4715,-12.4906,13.4865,-0.3255,0.2517,3.8652
-0.9457,-3.6081,11.5065,4.3656,1.5327,1.5262,-7.2975,-9.5337,5.9592,4.3656,0.5421,4.1864
1.2977,-2.9544,7.2856,4.3656,0.3900,0.2418,-1.6879,-5.5258,1.8531,4.3656,-0.7464,4.0392
-2.4995,1.6233,8.3558,4.0691,-4.3657,-3.0811,-7.0174,-0.6512,4.4748,4.3656,-3.9760,-1.9227
-3.7278,2.2817,3.7062,3.7704,-4.3657,-3.8609,-6.4500,0.8954,1.1516,4.3656,-3.6798,-2.5779
-5.2146,3.4524,4.2713,2.4988,-4.3657,-3.8981,-6.1579,2.3272,-0.3017,4.3656,-3.7176,-3.7306
-4.7525,4.4460,3.0957,1.3294,-4.3657,-3.4099,-6.0286,2.8084,0.7159,3.6973,-3.8373,-3.9604
-4.2234,5.2601,2.4157,0.1701,-4.0179,-2.5398,-5.4971,2.3128,2.7054,1.9281,-3.1929,-4.1975
-3.4596,5.5617,2.7869,-0.7169,-3.0174,-1.9092,-6.9312,2.2170,1.3408,1.0579,-0.8232,-3.7912
-3.3088,5.3726,1.7597,-2.2729,-2.7328,-0.8260,-6.5098,2.2889,-1.0630,-1.0167,-2.6624,-2.6748
-3.0813,4.5179,3.0239,-3.5158,-1.7961,0.2270,-6.1268,0.2011,-0.3735,-3.2073,-2.2817,-2.0179
-3.6990,3.0287,4.5370,-4.2960,-1.0623,1.6378,-8.6503,-3.1316,0.1891,-4.3657,-1.1210,-0.6322
-3.8523,1.1995,6.8259,-4.3657,-0.7012,3.3001,-7.2353,-6.4021,2.4804,-4.3657,-2.7944,0.5664
-2.3439,-0.8140,10.4483,-4.1555,0.0302,4.3656,-9.0716,-9.7851,7.0222,-4.3657,-1.2685,1.6711
-2.4397,-2.8850,10.0676,-3.1056,0.7565,4.3656,-8.2337,-10.7093,5.5402,-4.3657,-1.0904,3.1628
-0.6871,-5.0566,8.4779,-2.6946,0.6683,4.3656,-5.0302,-10.9056,3.9217,-4.3657,-2.4288,3.9547
-1.0056,-6.3925,8.6814,-2.6141,1.1309,4.3656,-2.8611,-11.0612,4.5538,-4.3657,-1.1060,3.7974
-1.1349,-7.1275,9.3422,-2.3481,0.9654,4.3656,-4.1228,-10.9822,3.4572,-4.3657,-0.4830,3.0285
-0.7039,-7.0892,8.6957,-1.9057,0.4459,4.3656,-4.5490,-10.7548,4.6112,-4.1399,-1.8642,2.6754
-0.3998,-6.3758,10.5991,-1.2400,0.5625,3.8221,-5.2984,-10.7308,6.9432,-3.0704,-0.9260,2.3078
-1.5012,-5.3822,13.5488,0.5657,1.0555,2.8717,-13.1777,-13.5679,12.5097,-1.2673,0.8656,3.1157
-2.3535,-4.1108,12.1003,4.3656,1.8042,1.2885,-6.3638,-10.3813,7.0725,4.0945,0.7039,4.0445
2.2577,-3.9002,11.6646,4.3656,-0.6712,-1.0595,-0.2370,-5.6216,5.3558,4.3656,-1.3844,1.6530
-0.5315,-2.3774,7.6950,4.3656,-4.0927,-2.9479,-5.1882,-2.8587,1.8435,4.3656,-2.3750,-0.1218
-2.8036,0.6345,3.1101,4.3656,-4.3657,-3.7062,-4.0749,0.3376,0.3879,4.3656,-4.3657,-1.8053
-3.2681,2.9999,4.0630,3.8267,-4.3657,-3.9813,-5.2505,1.1756,2.1021,4.3656,-3.1395,-2.9242
-3.8259,5.6383,3.7254,0.3922,-3.3075,-2.2825,-4.9033,3.4955,3.0430,2.5010,-1.7974,-2.9832
-3.2729,5.6455,4.1994,-2.0607,-1.6760,-0.7244,-6.5457,2.5211,0.5578,-1.1887,-1.6502,-2.0564
-3.1580,4.7740,4.5107,-2.6416,-0.8920,0.1989,-7.4460,0.7207,1.0463,-2.5941,-0.9883,-1.5525
-4.0390,4.0103,5.0230,-3.1043,-0.3520,1.4040,-7.8051,-1.3743,2.3128,-3.7571,-1.1314,-0.8072
-3.7110,2.5522,6.5721,-3.3608,0.3671,2.6020,-9.3589,-3.5362,2.5977,-4.3657,-0.9661,0.3178
-2.9521,-1.4892,8.1020,-3.7065,0.9774,4.3656,-8.1738,-7.9392,3.0119,-4.3657,-1.3332,3.0987
-3.0430,-3.0478,8.7867,-3.3742,1.2602,4.3656,-4.9584,-9.0237,3.7565,-4.3657,-1.3093,3.1948
-3.3830,-4.6400,7.0749,-3.4150,1.2634,4.3656,-6.7253,-10.3717,1.9082,-4.3657,-1.0111,3.1866
-2.9209,-6.6583,8.3965,-3.6836,1.3872,4.3656,-5.9400,-11.9112,3.1963,-4.3657,-1.0821,3.4351
-2.8515,-6.8809,10.4339,-2.9934,1.4845,4.3656,-6.8163,-12.3852,5.4324,-4.3657,-0.4334,3.4070
-1.9489,-6.7660,10.6757,-1.9067,1.3378,4.3656,-7.8841,-11.7196,7.0318,-4.0409,-0.2292,3.5874
-1.7478,-5.7150,11.7076,-0.6005,1.3748,3.3414,-9.1674,-11.2671,8.3797,-2.3142,0.2634,4.2966
-1.7789,-4.7621,14.1569,1.5228,1.5481,2.1186,-6.5338,-9.1411,8.6718,-0.0232,0.4823,4.1884
-2.2649,-3.4165,11.1594,3.7350,0.7512,1.1461,-7.7979,-7.2592,6.1890,2.7732,-0.1741,3.0645
-2.2362,-2.6887,9.9120,4.3656,-0.1492,0.2429,-6.1196,-5.5474,4.1492,4.1860,-0.9284,2.6480
-1.8028,-3.0143,8.4659,4.3656,-1.1747,-0.5745,-4.8219,-4.9608,3.8092,4.3656,-1.7231,1.2049
-1.3503,-1.4461,10.5129,4.3656,-3.4091,-2.2116,-8.6862,-4.4652,4.8794,4.3656,-2.0197,0.2262
-2.7845,0.1437,7.3861,4.3656,-4.3657,-2.9961,-5.8059,-0.4501,-0.2179,4.3656,-4.3657,-0.8724
-1.5371,1.8340,6.2393,3.8708,-4.3657,-3.6944,-2.6552,1.0127,4.9488,4.3656,-4.3657,-3.1979
-2.8012,3.6775,4.0821,3.0575,-4.3657,-3.8974,-4.8890,2.5283,1.8890,4.3656,-3.7808,-4.2505
-2.5594,4.9321,1.6017,1.0587,-4.3657,-3.2828,-2.8946,4.3622,0.8619,3.5070,-4.3657,-4.3657
-1.7214,4.9273,0.3017,-1.2147,-4.3657,-2.6429,-2.4852,3.6033,-0.1508,0.9005,-3.3051,-4.3657
-1.9345,5.1284,2.0782,-2.9500,-3.1108,-2.2608,-3.4548,1.4796,0.0982,-1.5833,-1.9871,-4.3657
-3.0263,5.0326,3.8403,-4.1124,-1.8674,-0.1458,-8.6359,-1.7573,1.9656,-3.5879,-1.8307,-3.5462
-3.4596,3.3255,5.7988,-4.2818,-0.9553,1.4557,-10.4148,-4.1228,1.5706,-4.3657,-0.7470,-0.8523
-2.7940,0.4381,6.7469,-4.3657,-0.4820,3.3863,-7.8889,-7.4005,1.4892,-4.3657,-2.7965,1.3359
-3.2825,-2.7078,9.1770,-4.1828,0.3623,4.3656,-6.7947,-11.5353,4.4149,-4.3657,-1.8161,2.7248
-3.0861,-5.3846,10.5919,-3.2944,0.9986,4.3656,-8.1642,-14.5376,5.5402,-4.3657,-1.1145,3.7527
-3.2322,-7.1898,11.9830,-2.0991,1.1654,4.3656,-9.9934,-16.8336,7.9320,-4.3657,-1.9926,4.3656
-0.1820,-8.5593,13.7762,-0.3869,2.1270,4.3656,-6.4212,-16.6517,11.5879,-4.0139,-1.3226,4.3656
0.9170,-6.4021,13.3596,1.1759,3.0426,4.3656,-3.2465,-12.8233,11.5999,-1.7834,0.5267,4.3656
1.3216,-4.5226,14.0611,2.6738,2.5039,4.0276,-4.3503,-10.2879,11.8010,0.6715,1.3279,4.3656
2.9592,-3.8810,13.2711,4.3656,1.7128,2.1449,-2.0087,-7.8027,9.8593,2.9150,0.2148,4.3656
2.6839,-3.0742,11.7531,4.3656,0.4306,0.3239,-2.1380,-5.9975,7.0294,4.3656,-0.5585,2.7472
0.8835,-1.5826,7.6016,4.3656,-2.1212,-1.3711,-3.1412,-1.5682,1.0774,4.3656,-1.7236,1.3502
-2.2027,2.7509,3.8451,3.0142,-4.3657,-4.2365,-4.2401,2.4565,2.9185,4.3656,-4.3657,-4.3657
-1.2258,4.0893,1.9130,1.2967,-4.3657,-4.1741,-2.0231,3.5410,2.6983,4.0540,-4.3657,-4.3657
-2.7964,5.5162,0.6728,-0.9928,-4.3657,-2.9930,-0.2322,4.5466,-2.1620,0.9220,-3.6537,-4.3657
-1.8890,5.8227,0.0383,-3.2899,-3.7359,-2.0075,-3.5674,1.3240,0.9074,-2.1837,-3.1704,-4.3657
-3.1268,5.0613,2.2721,-4.3657,-0.9669,-0.1772,-6.0597,-1.3240,-0.0575,-4.3657,-0.5197,-4.0601
-2.3535,2.8778,6.0908,-4.3657,-0.4258,1.3787,-9.3039,-5.6168,0.5052,-4.3657,-0.2655,-2.0310
-3.7685,0.8068,8.5784,-4.3657,-0.6109,3.2788,-10.0078,-10.4339,6.3614,-4.3657,-3.5108,0.7218
-3.0646,-1.6688,12.3852,-3.7768,-0.0557,4.3656,-8.5186,-12.7611,8.6694,-4.3657,-2.5306,3.1436
-1.3001,-4.0630,11.6693,-2.0928,1.0677,4.3656,-6.3566,-13.4171,8.8322,-4.3657,-1.6691,4.3656
-0.8092,-6.2130,9.4834,-1.4525,1.5948,4.3656,-4.6017,-13.5392,6.5793,-4.3412,-1.8021,4.3656
1.3886,-7.5681,11.4323,-1.2087,2.3766,4.3656,-3.1220,-14.3987,9.6223,-3.5919,-0.6375,4.3656
1.6448,-6.6200,14.1066,0.2968,3.3763,4.3656,-4.9680,-13.4794,13.2040,-2.2717,2.1779,4.3656
0.6656,-4.7597,13.9055,1.9529,3.0251,3.3602,-2.7892,-10.4459,10.3693,0.1776,1.4314,4.3656
2.4014,-3.9720,12.9215,3.3685,2.4415,2.1851,-2.6001,-8.3294,9.9240,2.1970,0.6893,4.0349
2.2218,-3.3232,12.6558,4.3656,1.2887,-0.1152,-4.2329,-7.4244,8.4060,4.3656,1.8972,2.8721
0.0048,-2.5833,10.1466,4.3656,-1.2580,-1.3897,-4.7669,-4.4963,3.4117,4.3656,-1.4673,1.5575
-1.2977,-0.5674,7.5489,4.3656,-3.1393,-2.6370,-4.5993,-1.8914,2.5259,4.3656,-3.2042,-0.2707
-2.4421,1.5371,4.7429,4.3656,-4.3657,-3.2455,-6.2752,-0.0479,2.2577,4.3656,-3.7281,-1.2228
-3.0191,3.3303,3.1412,3.9983,-4.3657,-3.4395,-4.9321,3.0215,-0.4717,4.3656,-4.3657,-2.0811
-3.9959,4.5155,0.1820,2.5574,-3.8517,-3.1201,-2.5833,5.5258,-1.4700,3.9967,-3.2198,-3.2535
-3.4429,5.7724,-0.2562,0.0815,-3.6866,-2.1509,-2.6647,6.3135,-3.4381,1.7071,-2.0432,-3.7506
-1.8196,5.5258,-0.3089,-2.4119,-3.4835,-1.4075,-3.5985,4.3574,-2.8970,-1.7193,-3.2920,-3.6599
-1.2091,3.8259,1.1181,-4.3127,-2.1717,-0.7033,-2.5019,0.4980,0.5100,-4.2931,-2.5543,-2.8996
-3.7302,3.0909,4.7238,-4.3657,-0.8464,0.3359,-4.3503,-3.1173,2.4541,-4.3657,-0.0893,-3.0771
-1.5347,1.9513,9.3733,-4.3657,-0.9623,1.6694,-11.0205,-6.8833,6.3446,-4.3657,0.3014,-2.2443
-1.9920,0.3807,9.6007,-4.3198,-1.4493,2.5086,-8.2480,-7.3789,4.9081,-4.3657,-3.2766,0.2490
-2.1093,-1.2857,10.5656,-3.3269,-0.3524,3.4781,-7.3430,-9.5553,7.4053,-4.3657,-1.8105,1.3744
-2.1715,-2.4493,11.0971,-2.2432,0.5866,4.2449,-8.5617,-10.5249,6.9528,-4.3657,-0.2762,2.4513
-2.0399,-4.1779,9.7683,-1.4540,0.9872,4.3656,-7.9416,-10.8266,4.7692,-4.0071,-1.8290,3.7266
-1.1133,-5.4013,9.1985,-1.0742,1.4065,4.3656,-5.8969,-11.8178,6.3518,-3.9948,-1.0044,4.3656
0.4836,-6.0789,11.8369,-0.3220,2.3771,4.3656,-6.9935,-12.1218,9.7396,-2.7757,0.9391,4.3656
-0.4573,-3.8427,12.4259,1.0841,2.4816,3.7170,-4.1970,-9.6822,9.4020,-1.1125,0.3784,4.3656
0.8332,-3.3710,13.5967,2.6508,2.0367,2.7274,-5.3941,-8.6239,10.0868,1.3500,0.4523,4.1206
0.7302,-2.9521,11.1402,4.0614,1.0764,1.1174,-3.8092,-6.7924,6.9552,3.1156,0.2876,3.6078
0.8475,-1.4437,9.5241,4.3656,0.1116,-0.2292,-2.4445,-4.0797,5.8826,4.3656,-1.1902,1.9540
0.9457,-0.8236,8.1594,4.3656,-1.0945,-1.1860,-3.0143,-2.6719,5.4277,4.3656,-0.7032,0.6234
3.0694,-1.4988,5.9831,4.3656,-2.7554,-2.8417,0.0192,-1.5155,5.6024,4.3656,-2.3244,-1.0772
-1.8364,0.6536,8.2576,4.1631,-3.3805,-4.3657,-3.0622,-1.3336,4.5466,4.3656,-1.2971,-4.0429
-4.6807,2.7773,4.5921,3.1273,-4.3657,-4.3657,-7.3574,-0.1125,1.3886,4.3656,-3.4975,-4.3657
-4.0821,3.9768,4.6352,1.2553,-4.3657,-3.6243,-7.1635,1.2905,0.9601,3.9899,-3.9859,-4.3657
-4.8435,4.9129,0.7207,0.0362,-4.3657,-2.7764,-2.9880,3.9696,-3.3639,1.7611,-3.8668,-4.2943
-0.8691,4.4293,-1.2522,-3.1645,-3.7850,-1.1499,-2.5259,1.4269,0.0239,-2.5654,-4.1212,-4.2236
-2.3487,3.1125,2.9951,-4.3657,-1.6799,-0.1974,-5.6790,-2.4756,1.8220,-4.0047,0.1985,-3.1657
-3.2633,2.2458,8.5066,-4.3657,-1.1543,1.2501,-10.2304,-6.2656,2.8754,-4.3657,0.1326,-2.2190
-2.9305,-0.1987,9.3326,-4.3657,-1.1522,2.8226,-10.4818,-9.2584,4.3694,-4.3657,-3.0048,0.2258
-2.1596,-2.3008,10.7835,-3.4911,0.0421,4.1593,-8.1355,-11.4850,7.1635,-4.3657,-1.6050,2.3810
-2.3798,-4.5442,11.2384,-2.2966,1.3238,4.3656,-8.0182,-12.3230,6.8666,-4.3657,-0.2046,3.4924
-0.8116,-5.9352,10.3884,-1.3940,1.5577,4.3656,-4.6759,-11.8848,5.4013,-4.3321,-1.6409,4.1701
-0.4573,-6.8905,9.8090,-0.7665,1.8198,4.3656,-4.6400,-12.1769,6.1339,-3.5734,-0.3988,4.1596
0.0335,-5.7652,10.6949,-0.1356,2.0396,4.1308,-5.3798,-10.9750,8.4922,-2.3776,0.2499,4.2328
-0.2945,-4.9321,13.7403,1.1331,1.9152,3.1978,-7.8314,-10.8960,11.1115,-0.5697,0.5749,4.3656
0.5124,-3.3255,13.1059,3.1721,1.6799,2.2044,-4.9704,-8.6742,9.0692,1.5755,0.3336,4.3656
0.5004,-2.3918,11.3509,4.3656,0.9812,1.0627,-4.8818,-7.4460,8.5832,3.6973,-0.3521,3.4725
1.6305,-1.8603,8.7843,4.3656,-0.1739,-0.4446,-3.3926,-5.5498,6.4620,4.3656,-0.5204,2.4293
-1.0080,-0.8619,10.1490,4.3656,-0.8408,-1.2180,-4.1132,-5.4540,6.9671,4.3656,-0.6868,-0.0747
2.2218,-1.5586,7.8027,4.3656,-3.1078,-3.0427,-4.1348,-2.4253,1.0702,4.3656,-1.1395,-0.2715
-3.6751,1.0654,2.9449,4.3656,-4.3657,-4.0738,-4.3215,2.0183,-1.9106,4.3656,-4.3657,-2.3734
-4.6878,4.3790,-0.2083,2.5086,-4.3657,-3.5510,-3.5482,4.9752,-2.0039,4.3656,-4.3657,-3.5665
-3.9313,5.6862,-0.8595,-0.2947,-4.3657,-2.6524,-3.0957,5.2625,-2.2458,1.8536,-4.2430,-4.1753
-2.8994,5.1380,-0.4884,-2.6875,-3.6846,-1.7701,-1.8507,4.0486,-2.7845,-1.4678,-2.4576,-4.3657
-3.2848,3.4022,0.3543,-4.3657,-2.5283,-0.7265,-4.8674,-0.4741,-1.0798,-4.0719,-2.1309,-3.9722
-2.9113,1.5730,4.7764,-4.3657,-0.6690,0.7464,-7.5729,-4.9321,1.0391,-4.3657,-0.4153,-2.8586
-3.8523,-0.0886,8.0589,-4.3657,-0.9032,2.1509,-10.8194,-8.5377,1.5514,-4.3657,-0.0584,-1.0689
-3.8235,-2.4134,10.6781,-4.3657,-1.4128,4.0722,-9.7061,-12.0069,3.4931,-4.3657,-3.8309,1.1351
-2.8970,-4.5226,11.6741,-3.5639,-0.3936,4.3656,-10.2161,-15.0212,7.7237,-4.3657,-1.9229,3.4775
-2.6600,-6.2010,12.3541,-1.8798,1.1199,4.3656,-7.6638,-14.5352,9.0573,-4.3657,-1.3073,4.3656
-0.3543,-7.3694,11.8968,-0.6923,2.0546,4.3656,-6.8761,-14.1713,9.3661,-3.6865,-0.6147,4.3656
0.3591,-6.9240,12.4020,0.4458,2.5531,4.3656,-4.8914,-12.4475,9.5146,-2.2961,0.6447,4.3656
0.7829,-5.5091,14.7363,2.0748,2.8543,3.2871,-3.7565,-10.4315,11.4563,0.1252,1.0593,4.3656
1.0558,-4.3934,12.8545,3.9270,1.4474,1.8313,-5.9592,-8.5832,7.5274,2.6552,0.3985,3.8304
0.4142,-3.2585,10.7811,4.3656,-0.0088,0.2951,-3.2202,-5.5545,5.5330,4.3132,-1.6798,2.7470
0.0838,-1.8603,9.8282,4.3656,-1.2117,-0.8444,-5.3774,-4.9895,6.7109,4.3656,-1.4097,0.9555
0.0694,-1.0558,6.4620,4.3656,-3.5647,-2.2700,-4.0654,-1.7741,2.9090,4.3656,-2.8940,0.2498
-1.3336,1.1181,5.6719,4.3656,-4.0660,-3.1598,-3.1173,0.4549,2.8826,4.3656,-4.2238,-1.7698
-3.0981,3.1819,1.7789,3.5839,-4.2172,-3.3532,-4.8076,2.0327,1.4748,4.3656,-2.5262,-2.6389
-2.2003,5.7988,2.3607,-1.2343,-2.4011,-1.2762,-1.4437,5.2146,-0.4501,-0.0881,-1.8048,-2.9808
-0.5243,3.4381,1.6831,-4.3657,-1.8535,0.0065,-2.9808,-0.0646,0.7614,-4.1410,-1.5989,-3.5956
-1.4581,1.4509,5.0111,-4.3657,-1.4357,0.9411,-6.1579,-4.0965,0.5531,-4.3657,-0.9213,-2.6276
-1.7909,-0.1006,8.3582,-4.3657,-2.1045,2.2307,-7.6567,-8.0517,1.6903,-4.3657,-2.6037,-1.2139
-2.5379,-1.6233,10.8098,-4.3657,-1.7441,3.6147,-8.8250,-11.8609,6.2369,-4.3657,-3.3067,0.5885
-3.7661,-3.6847,12.9431,-2.8216,0.0269,4.3656,-10.2496,-14.6908,10.5584,-4.3657,-1.5163,2.2840
-0.0335,-6.1818,11.8537,-1.0202,1.3468,4.3656,-9.1243,-14.7315,10.4244,-3.7238,-1.1310,4.3656
0.5052,-7.4196,10.7117,0.0405,2.3633,4.3656,-2.4110,-12.7300,6.9432,-2.8833,-0.8230,4.3656
0.3041,-6.4093,12.0189,0.9256,3.0529,4.3656,-4.2928,-11.7148,8.2408,-1.6451,1.8478,4.3656
0.3519,-4.9440,13.0245,2.2573,2.3542,3.2731,-5.4420,-9.7875,8.4755,-0.1853,1.3438,4.3656
-0.0311,-1.4700,9.6414,4.3656,-0.0919,1.2492,-5.4181,-5.4300,4.4676,4.3656,-1.1968,4.0049
0.4238,-0.5770,7.7668,4.3656,-1.3598,0.5530,-1.7334,-2.2338,4.3072,4.3656,-2.8396,2.3535
1.2234,1.2115,7.6447,4.3656,-3.1987,-1.0639,-1.9513,1.4293,3.5961,4.3656,-2.7404,0.6159
-0.8739,3.2633,2.4541,3.3847,-3.9796,-2.0295,-0.3831,3.4572,4.8914,4.3656,-4.2669,-1.3031
0.8571,4.9177,2.8778,1.9748,-4.3657,-2.5534,-2.0614,4.1252,3.5362,4.3656,-3.3373,-2.4874
-0.5698,5.9017,3.1963,0.4770,-4.3657,-2.7771,-2.0830,5.3415,2.1093,3.0170,-3.4017,-4.0128
-0.4645,6.4572,3.3375,-0.5002,-3.9219,-2.9708,-3.0335,4.9967,2.6983,1.9560,-2.7641,-4.3135
-2.3655,6.4165,2.6839,-1.7008,-3.8156,-2.1874,-2.5187,4.7381,-0.3065,-0.2641,-3.4280,-4.3657
-0.0120,4.7669,1.8411,-3.3749,-3.5501,-1.2878,-1.4509,1.9896,2.4086,-2.3205,-3.5821,-4.3657
-0.7709,3.4812,3.1723,-4.3657,-2.1083,-0.5654,-3.7613,-1.0965,1.9130,-4.0013,-1.1894,-3.8590
-1.7382,2.2458,5.9496,-4.3657,-1.6097,0.8920,-7.5992,-4.9009,2.2122,-4.3657,-1.1418,-2.6195
-1.5993,0.3352,8.2768,-4.3657,-1.2649,2.4597,-9.1411,-7.9320,3.8259,-4.3657,-2.1409,-0.2225
-1.5514,-1.7430,9.3637,-4.3657,-0.5597,3.9396,-7.1970,-10.4244,5.9855,-4.3657,-2.0989,1.8334
-1.4078,-3.6943,11.8800,-3.1315,0.6897,4.3656,-6.5888,-12.1793,8.6119,-4.3657,-1.0917,2.8887
0.7925,-5.7676,10.9223,-1.5434,1.6647,4.3656,-5.9664,-12.5313,8.9280,-4.3657,-0.5244,4.0123
1.7741,-6.0669,11.8010,-0.7305,1.9811,4.3656,-6.4189,-12.6701,9.6869,-3.3923,-0.0416,4.3656
1.7166,-5.2170,13.4458,1.1122,2.6858,3.8917,-5.6120,-11.6717,10.6111,-1.8246,1.0352,4.3656
1.3120,-4.1779,13.8624,2.7511,2.3575,2.7295,-4.0582,-10.2496,10.4986,0.5796,0.2302,4.3656
0.7853,-3.5530,12.2703,4.3656,1.6691,2.0707,-4.1875,-8.7412,9.3637,2.6861,-0.3203,4.3656
1.9297,-2.6600,10.1586,4.3656,0.8021,0.9585,-3.9504,-6.4859,5.4013,4.1707,-0.3124,3.4763
-0.5411,-1.0008,9.2368,4.3656,-0.0798,0.4029,-5.1380,-4.4245,4.6064,4.3656,-1.0245,3.1950
0.1676,0.8045,6.2968,4.3656,-1.8847,-0.1685,-4.0318,-0.6512,2.4397,4.3656,-2.8737,2.5125
-0.0814,2.9281,5.3079,4.2718,-2.2795,-0.4529,-2.7605,1.8052,2.3870,4.0730,-2.6843,1.8359
-0.1077,3.9121,3.3854,3.4536,-2.1833,-1.1830,-2.1787,3.1532,5.2792,3.6902,-2.5073,0.3481
0.9625,5.0853,6.9408,1.7432,-2.5350,-1.8803,-1.4988,4.4221,4.5442,3.4531,-1.4016,-1.1293
-0.3376,6.0142,5.5545,2.2623,-3.9760,-2.5963,-1.9704,6.3470,2.3367,3.7410,-3.1818,-2.4854
-0.7422,6.4620,2.9042,0.7621,-4.3657,-2.0379,-2.6815,6.0645,2.2793,1.9437,-4.3657,-3.7575
-0.6967,6.3590,3.2178,-0.4750,-4.3657,-2.1641,0.4429,6.2153,0.8811,0.5164,-3.6821,-4.3657
0.2394,5.8873,3.2537,-2.0306,-4.3657,-1.3570,-1.3192,3.4429,1.9537,-1.5116,-4.3130,-4.3657
0.0000,3.9816,10.5489,-4.3657,-0.1278,1.8030,-9.5481,-6.7157,6.8642,-4.3657,3.7000,-2.5506
-1.3096,0.1820,12.0045,-2.6688,0.2429,4.3656,-10.6063,-10.4028,11.4251,-4.3657,-4.3657,2.7494
-0.5028,-1.9297,11.0947,-0.8254,2.6237,4.3656,-7.0725,-10.3597,10.2161,-3.2385,1.2119,4.3656
0.6488,-4.0103,10.2376,-0.2819,2.9849,4.3656,-3.2609,-9.2416,5.8035,-3.5967,0.8789,4.3656
2.8036,-4.4388,10.3525,-0.0855,3.3931,4.3656,-1.9513,-9.6654,9.7300,-3.3425,-0.2527,4.3656
2.7557,-3.5003,12.8305,0.7995,3.2636,4.1984,-2.8204,-8.7963,11.5448,-1.2732,2.1321,4.3656
3.7158,-3.1077,12.6821,2.0388,2.3298,2.6899,-2.9401,-7.0773,9.8402,0.0838,1.0984,3.5208
2.2458,-1.7885,12.1578,3.2539,1.0476,1.4489,-5.9137,-7.7381,12.0021,2.2352,-0.0353,3.3334
0.8404,-0.0934,11.7890,4.3656,-0.2069,0.4758,-6.0214,-6.0549,7.7428,4.3104,-0.2938,3.3795
1.4174,-0.1652,8.9471,4.3656,-1.1033,-0.2587,-5.2625,-4.4293,6.0741,4.3656,-2.1575,2.8515
1.4293,1.2115,8.3582,4.3656,-1.5621,-1.0581,-0.9457,-0.5866,3.4596,4.3656,-3.0996,1.6527
1.4940,2.7054,3.5434,4.3656,-1.7592,-1.7858,-3.7996,0.3926,4.7070,4.3656,-0.8713,1.7327
-0.8643,5.0996,2.5881,3.9203,-3.0892,-2.0475,-1.7526,4.5250,0.9218,4.3656,-3.3570,0.5629
-1.6281,7.3430,1.3503,1.2104,-3.2648,-2.0852,0.1437,9.0501,-1.4150,2.5337,-3.0787,-2.4380
-0.9361,7.3789,1.7789,-0.2136,-3.9271,-1.8527,-0.4717,7.8290,0.7398,0.9661,-3.4422,-3.8131
0.5076,6.8307,1.7047,-1.9293,-4.3657,-1.6338,2.4110,6.7636,0.5483,-1.0299,-4.3657,-4.3657
1.2378,6.3135,1.5036,-3.0601,-4.3657,-1.8461,1.1061,2.7821,4.4772,-2.2797,-4.3657,-4.3657
0.2658,5.8778,1.8866,-4.1434,-3.6528,-1.3213,-2.2577,0.8188,5.5857,-2.9628,-1.8949,-4.3657
-0.7326,5.4085,4.9440,-4.3657,-2.6609,-0.0945,-4.8530,-0.6177,3.6224,-3.6631,-1.4981,-3.8239
-0.1820,4.7214,6.9264,-4.3657,-2.2456,0.9689,-7.0102,-3.2753,5.7509,-4.3657,-2.5134,-2.3160
-1.2043,3.1125,7.9727,-3.8448,-0.8078,2.3790,-8.6263,-5.7557,7.0653,-4.3657,-1.5990,-0.1725
-1.0798,-1.0151,10.1251,-2.2240,1.3443,4.3656,-7.6782,-10.1562,7.7812,-4.3657,-1.6583,3.8205
-1.3862,-3.2417,9.8450,-1.5940,2.3605,4.3656,-5.9209,-11.0468,6.9073,-4.3657,-0.6919,4.3656
0.0359,-5.6814,10.1825,-1.4296,2.8023,4.3656,-3.3662,-12.0452,8.0134,-4.3657,-0.3479,4.3656
1.9489,-5.7030,13.9773,-0.5135,3.5142,4.3656,-4.4484,-12.5193,13.8816,-3.5605,0.9403,4.3656
4.0294,-4.0582,14.4538,1.4622,2.6935,4.2642,-4.1827,-11.5401,14.4370,-0.2767,1.5872,4.3656
3.9935,-3.2657,14.5974,3.5999,1.8975,2.2371,-0.7039,-7.9559,10.7093,1.9616,-0.2473,4.3202
2.5953,-2.3559,11.4467,4.3656,1.0110,0.3337,-3.2250,-6.8091,7.9511,4.1928,1.1098,3.5625
2.3152,-0.8428,10.3070,4.3656,-1.3193,-0.7161,-4.7956,-4.6064,6.5338,4.3656,-1.3257,2.2348
1.9848,-0.2849,7.2736,4.3656,-3.0988,-1.7966,-1.7693,-2.1572,6.4620,4.3656,-4.3359,0.8922
1.5227,1.7717,6.8115,4.3656,-3.4531,-2.9800,-1.3024,0.7757,3.7517,4.3656,-1.4622,-1.3684
-2.3846,4.1899,3.5674,3.7303,-4.2013,-3.2679,-5.8251,1.9728,2.7078,4.3656,-2.3264,-2.1393
-0.3663,5.5905,3.4117,1.8652,-4.3657,-2.9054,-3.0789,4.7740,1.2139,3.8316,-4.3657,-2.6557
-2.1356,6.2369,2.5355,1.1461,-4.0024,-2.9052,-3.2034,5.0135,1.9776,2.9711,-2.4513,-3.9018
-2.4708,6.7301,0.7254,-0.9029,-3.7719,-1.5925,-2.5474,6.1675,-1.8124,0.4798,-2.8122,-3.8789
-2.0518,5.8754,-0.5171,-3.2472,-3.2919,0.3866,0.3831,4.1635,-0.3807,-2.1027,-3.7507,-4.3657
1.5802,4.5993,0.3567,-4.3657,-1.9728,0.3880,-3.1149,-0.1532,1.6592,-4.3657,-1.0826,-3.7652
0.0455,3.3064,5.7389,-4.3657,0.0866,0.6022,-7.0342,-3.2968,4.2617,-4.3657,0.1266,-2.6970
-0.7949,1.6807,7.6710,-4.3657,-1.2560,1.8437,-7.7189,-5.4348,3.3758,-4.3657,-1.5286,-0.7987
0.0168,-0.3472,8.1642,-4.3657,-1.7272,3.4166,-5.0254,-8.1570,3.9768,-4.3657,-4.2799,0.6206
-0.0934,-1.9058,11.1259,-3.7807,0.1124,4.1051,-6.2441,-11.5496,9.6343,-4.3657,-1.0832,1.8919
-0.7470,-4.4101,13.0412,-2.0378,0.7865,4.3656,-6.7612,-12.2104,10.6470,-4.3657,-0.2002,2.9668
2.2769,-5.2888,11.0708,-0.9677,1.0984,4.3656,-3.8140,-11.2336,8.6718,-3.4701,-1.6819,3.7154
2.8970,-5.3271,11.1570,0.1872,1.5411,4.3384,-4.4412,-11.2911,9.8593,-2.2633,-0.0091,4.2447
2.8419,-4.9440,12.3613,1.4230,2.0194,3.2022,-3.7996,-11.0636,10.9367,-0.8777,0.1536,4.3656
3.2298,-3.4764,14.2527,2.9187,1.9546,2.2695,-3.7493,-9.9431,12.1434,1.2806,0.2427,4.3656
3.3160,-3.0574,12.2248,4.3656,1.3901,1.1840,-1.9848,-7.8889,9.8474,3.4103,0.5015,3.6703
2.1644,-2.1069,8.6119,4.3656,0.1957,0.1599,-4.5442,-6.7086,6.8690,4.3656,-0.1214,2.8766
2.0662,-0.2849,9.2680,4.3656,-0.0242,-0.9896,-2.4373,-4.4843,5.9903,4.3656,-0.5295,2.5114
1.8603,0.3304,7.0413,4.3656,-0.6711,-1.6605,-2.3846,-1.7286,4.7836,4.3656,-0.3513,1.8081
0.2538,1.9058,4.0127,4.3006,-2.0652,-2.1797,-0.0838,1.2881,3.2561,4.3656,-1.9926,-0.3243
0.5818,4.4388,4.0893,2.9952,-2.9852,-2.4151,-3.9600,2.0758,3.2513,4.3656,-1.0856,-0.8182
-1.1277,4.5657,3.1915,2.6418,-3.4464,-3.1435,-4.0366,4.3263,0.2562,4.3656,-2.4449,-2.2928
-2.6624,5.6934,2.3894,0.6049,-3.4664,-2.6620,-2.8802,6.1292,-1.6544,2.7308,-3.0571,-3.5538
-0.1077,3.2154,7.1778,-4.3657,-1.5287,0.4231,-8.3270,-3.3543,4.4628,-4.1968,-0.4718,-2.8003
-1.3815,1.8747,8.0278,-4.3657,-1.8271,1.2529,-6.5362,-4.5011,4.3215,-4.3657,-3.6920,-0.9794
-0.7685,0.7111,8.6407,-3.8886,-1.1246,2.3674,-4.7381,-6.3159,5.8969,-4.3657,-2.1076,-0.0450
-1.4772,-0.8619,9.7396,-3.0443,-0.0528,3.5149,-7.6399,-8.8921,6.4691,-4.3657,-0.8688,1.1113
0.2490,-2.6695,9.7779,-2.2873,0.4891,4.3656,-6.8570,-10.0485,6.9192,-4.3657,-2.0211,2.7010
-0.3663,-4.1611,10.1897,-1.5311,1.2987,4.3656,-5.4205,-11.1402,7.5369,-4.2429,-0.9926,3.8750
2.2075,-5.1427,11.3509,-0.7615,2.1160,4.3656,-4.4365,-11.7651,10.6566,-3.3636,0.1843,4.3656
2.1931,-4.7214,13.1561,0.4537,2.3270,3.6276,-2.3080,-10.6590,11.7460,-1.5487,0.4078,4.1545
2.3128,-4.3024,13.0939,1.8734,2.0614,2.4704,-5.0542,-10.3430,11.5137,0.6179,1.4071,3.9664
2.0470,-3.4836,12.6797,3.3103,1.6196,1.2137,-4.9560,-9.2009,10.2783,2.0725,1.1142,3.7162
1.4820,-2.2338,12.2511,4.3656,0.8035,0.0661,-7.6614,-8.2935,7.5034,3.8026,0.6582,4.3288
-0.2346,-1.4940,9.6822,4.3656,-0.3178,-0.6263,-0.7494,-3.7948,3.9049,4.3656,-2.2588,2.3919
1.2905,-1.2019,7.6758,4.3656,-1.3065,-1.3848,-0.6057,-2.3104,5.8562,4.3656,-1.6707,0.4179
1.2426,1.1277,3.4860,4.0429,-3.0796,-2.1990,-1.7119,0.4549,3.5506,4.3656,-2.2464,-1.0357
0.8068,3.0670,6.2920,2.4329,-2.9668,-2.8679,-3.5889,1.0127,3.6775,4.3656,-1.9347,-2.0122
-1.4796,3.6871,5.9616,2.4941,-3.6128,-3.5922,-4.7046,2.1237,3.3447,4.3656,-2.0094,-2.9832
-2.7677,5.0996,3.5003,1.1532,-3.7854,-2.4874,-4.5801,3.3375,1.7621,3.0355,-3.5967,-3.6804
-0.5698,5.6264,3.4261,-0.1524,-3.4308,-2.2380,-2.7605,3.9193,2.0111,1.4240,-2.1606,-3.8313
-2.3966,6.0765,2.5187,-0.9365,-2.3736,-1.3860,-4.5586,3.1125,2.0111,-0.2322,-1.8947,-3.9616
-0.4022,5.4779,3.6009,-1.9592,-1.3663,-0.1752,-6.0932,1.5251,3.3591,-1.9060,-0.6730,-2.8200
-1.4030,4.1755,3.6536,-3.3851,-1.0312,-0.3038,-5.1978,0.5004,2.1596,-2.5567,-1.0515,-1.6429
-0.6440,3.0311,5.4612,-4.0622,-1.3584,0.9693,-3.6057,-1.4557,2.4325,-4.1351,-2.3077,-1.5616
0.3280,1.9154,6.5122,-4.3657,-1.2192,1.8049,-5.3846,-4.2186,2.6767,-4.3657,-2.2779,-0.5381
-1.0511,0.7183,8.0493,-4.0622,-0.3798,2.6107,-6.1938,-7.7835,5.6120,-4.3657,-2.0895,0.5128
-1.2594,-1.0104,9.4068,-3.6404,-0.0132,3.7186,-7.4603,-10.3789,7.9918,-4.3657,-1.6025,2.1506
0.4310,-3.6464,10.0963,-2.5503,0.6592,4.3656,-5.2481,-11.4778,8.3127,-4.3657,-1.4043,3.5954
1.3503,-4.9943,10.5728,-1.6349,1.3344,4.3012,-2.4349,-11.0804,9.4715,-3.6262,-0.3989,3.5813
1.7095,-5.5234,11.8178,-0.5333,1.2538,3.5647,-3.8140,-10.9990,9.8210,-1.9746,0.4947,3.0394
2.4277,-4.8914,12.3230,1.2256,1.5843,2.6370,-5.6695,-10.4100,11.1618,-0.2683,0.5171,3.3919
1.7023,-3.2513,13.8337,2.8053,1.5005,1.3636,-4.2282,-9.4308,10.8505,1.8091,0.4277,3.3191
1.4246,-2.3774,12.7252,4.3656,1.7317,0.8296,-4.1324,-8.7436,9.0980,3.4182,0.9611,3.2534
2.7174,-1.3743,12.9742,4.3656,1.3880,0.1928,-5.3822,-9.6510,11.3485,4.3656,0.4469,3.4852
3.0047,-1.9848,7.5417,4.3656,1.8119,-1.1559,-2.0375,-6.7493,5.7604,4.3656,0.8318,3.2181
0.6225,0.3496,5.4612,4.3656,0.3246,-1.7956,1.9920,-0.7781,0.4525,4.3656,0.7163,1.9096
-0.8284,2.0614,3.4836,4.3656,-3.7954,-2.2091,-2.5690,3.5937,-1.5155,4.3656,-2.0488,-1.1101
-2.5786,4.6280,3.8882,2.4632,-4.3657,-2.8180,-4.3694,3.7134,1.6712,4.3656,-4.3657,-2.2038
-4.3718,6.1531,1.7693,1.9785,-4.2854,-2.2829,-6.0908,4.6136,0.4669,3.2117,-3.0462,-2.7426
-3.3902,6.4356,-0.0958,-0.3182,-3.5361,-1.0865,-3.0526,6.3327,-2.0638,0.7646,-2.8080,-2.6320
-0.1293,5.7652,0.1724,-2.6901,-3.6984,-0.2439,-0.1844,4.6328,0.7350,-1.8147,-4.0063,-3.2716
-0.5387,5.4444,3.0765,-3.8140,-1.9557,-0.2924,-2.4565,1.3240,2.3846,-3.5671,-1.2572,-3.4351
-1.1540,4.7070,3.9121,-4.3657,-1.3081,0.6723,-6.3470,-1.6735,4.5059,-4.3011,-0.7269,-2.7929
-0.2227,2.2386,6.2465,-4.3657,-1.5716,1.9552,-6.4380,-3.9361,3.0454,-4.3657,-2.3675,-0.7714
0.8715,0.1867,6.8402,-4.3657,-1.3266,2.6835,-3.4955,-6.5601,4.8770,-4.3657,-2.7474,0.4098
0.2131,-1.4485,10.0102,-4.2947,-0.4398,3.4558,-5.5258,-9.4954,7.6303,-4.3657,-0.7075,0.7726
0.0455,-3.1532,11.7292,-2.8826,0.2890,4.0726,-7.0413,-11.3246,8.6455,-4.3657,-1.2857,2.2050
1.3455,-4.6280,10.1203,-1.6598,1.0461,4.1948,-4.4604,-11.2911,8.9926,-3.6559,-1.3624,3.1633
1.7478,-5.3798,10.9391,-0.7293,1.6591,4.0272,-3.9720,-10.9942,9.2416,-2.6702,0.1925,3.3263
2.5450,-5.0637,12.1051,0.4928,2.2104,3.3235,-5.1643,-11.3030,10.7236,-1.1546,0.8978,4.1440
1.7310,-4.0725,13.7379,2.0700,2.3565,2.4630,-3.4740,-10.4004,11.4658,0.6843,0.5518,3.9941
2.4948,-3.6368,13.4817,4.0153,2.4730,1.6411,-5.0781,-9.6271,10.9319,2.7232,1.7600,3.4106
2.5379,-3.0981,11.3485,4.3656,1.7632,0.1811,-3.8331,-8.0828,7.5824,4.3080,1.2160,3.5642
1.9609,-1.9752,7.2975,4.3656,0.4803,-0.8845,-1.4078,-5.8921,7.5250,4.3656,-0.6431,2.4670
1.3527,-1.3384,8.0349,4.3656,-0.1699,-2.2316,0.3950,-2.8874,3.0933,4.3656,1.3045,0.0368
-1.5634,0.8859,7.5298,4.3656,-3.1369,-3.5518,-5.6671,-0.3304,0.1748,4.3656,-0.1532,-1.4738
-3.6392,3.0718,4.6950,3.3294,-4.3657,-3.5593,-6.0047,0.8667,2.4636,4.3656,-4.3657,-2.3378
-2.9640,3.9863,3.4620,2.2433,-4.1829,-2.8409,-5.8275,2.4229,-0.0120,4.1360,-2.4608,-2.8914
-4.3886,4.4939,1.8364,0.6099,-3.4675,-2.3090,-4.2569,4.0031,-0.9457,2.4155,-1.5123,-2.8955
-0.5100,4.5586,1.4676,-1.8936,-4.1753,-0.9106,-1.8579,3.8331,-2.5738,-0.9354,-4.3657,-3.7033
-1.3455,3.7637,1.0654,-3.9083,-2.6124,-0.6976,-3.1508,-0.3256,1.7789,-3.5900,-2.3750,-3.6765
-1.4748,2.8060,5.0781,-4.3657,-2.0563,0.4679,-6.4667,-3.3471,2.5283,-4.3657,-0.7576,-2.4384
-1.6975,1.5323,7.6830,-4.3657,-2.1130,2.1683,-8.8969,-6.7421,3.7062,-4.3657,-3.0093,-0.2835
-2.1787,-0.3424,9.5792,-4.0779,-0.9926,3.7553,-8.3366,-9.6271,6.5529,-4.3657,-2.5079,1.9401
-2.4948,-2.6528,11.2767,-2.5878,0.7265,4.3656,-7.8889,-11.8800,8.5665,-4.3657,-0.4437,3.3037
-0.5291,-5.0805,10.7356,-1.4111,1.4662,4.3656,-6.4069,-12.3421,7.3382,-4.3657,-1.1530,4.3656
0.9697,-6.4907,10.0796,-0.6508,2.1774,4.3656,-3.7469,-11.9183,7.8697,-4.0258,-0.6804,4.3656
2.7677,-5.8682,12.8521,-0.0702,2.5371,4.3656,-4.8722,-12.1434,11.7819,-2.7534,0.8003,4.3656
2.1404,-4.2617,15.2702,1.7738,2.6524,3.4400,-2.8060,-10.6279,13.8576,-0.3164,0.4590,4.3656
3.3303,-3.5506,14.3844,3.7948,2.3106,2.3427,-3.3495,-9.5744,12.3708,2.5710,0.8739,4.2005
4.2737,-3.1244,11.5736,4.3656,1.0144,0.2803,-2.2170,-7.5800,9.3326,4.3656,0.4491,3.1916
1.8723,-1.6233,9.6941,4.3656,-0.2469,-0.8467,-4.8890,-6.0262,7.1994,4.3656,-0.5093,2.3995
0.3950,-0.2083,7.7812,4.3656,-2.3605,-1.9008,-3.6895,-2.2338,0.7494,4.3656,-1.4630,2.3204
0.5339,0.3639,6.3614,4.3656,-4.3657,-3.0068,0.4956,2.2793,2.4852,4.3656,-4.3657,-1.3941
-1.2210,2.5067,3.5362,2.5059,-4.3657,-3.9943,0.2227,3.5243,1.6328,4.3656,-4.3657,-3.7172
-3.0718,5.2337,3.0765,-0.2261,-4.2573,-2.9098,-3.6033,4.2018,0.2729,1.6414,-3.9079,-4.3657
-1.1492,5.0589,1.8771,-1.8600,-3.6560,-1.9304,-1.8148,2.7988,1.7813,-0.7141,-3.8151,-4.3657
-1.3455,4.6400,3.2585,-3.4254,-2.2308,-0.8410,-4.0941,0.3879,1.9178,-2.8224,-0.9598,-4.0398
-1.3312,3.6966,5.2002,-4.1712,-1.4181,0.2461,-6.6463,-2.1907,2.6839,-4.0482,-0.6531,-3.1147
-1.4054,1.9154,6.7971,-4.3657,-1.2577,1.6028,-7.3382,-5.1595,2.6863,-4.3657,-2.3309,-1.2304
-1.2210,0.5914,9.5337,-4.1427,-0.7024,3.0257,-7.0150,-8.5401,4.8722,-4.3657,-2.4209,0.5925
-1.9273,-1.3503,10.7715,-2.9692,0.6459,4.2442,-7.9895,-11.5736,10.8577,-4.3657,-1.3173,2.2356
-0.8404,-3.8379,11.4850,-1.6302,1.2485,4.3656,-6.3159,-11.6191,8.2025,-4.1527,-1.2099,3.9748
0.9146,-5.2696,9.6965,-0.9082,2.0230,4.3656,-2.8515,-11.1019,7.7812,-3.5738,-0.8859,4.3656
1.2809,-5.3917,11.2240,-0.5478,2.4676,4.3656,-4.0223,-11.6550,9.7540,-2.4744,0.8352,4.3656
1.3431,-4.6184,13.6781,0.7981,2.7299,3.9825,-4.3191,-10.6231,10.9056,-1.1040,1.0797,4.3656
2.7342,-3.3447,14.0276,2.5928,2.2563,2.8181,-4.5250,-9.8928,12.5648,1.0595,0.8228,4.3656
3.0789,-3.0789,13.0532,4.3071,1.4715,1.2328,-2.5762,-8.6526,10.6135,3.3931,0.5605,3.9273
2.9760,-2.3320,10.9056,4.3656,0.1843,-0.4293,-3.2513,-7.4867,8.4132,4.3656,0.1619,3.2257
0.7111,-1.2857,9.2440,4.3656,-1.1907,-1.5485,-4.8171,-4.7645,3.9983,4.3656,-0.6833,1.7158
1.0774,-0.7302,4.7740,4.3656,-2.8401,-2.1076,-3.3160,-1.3479,2.8563,4.3656,-2.6397,0.5171
0.3160,1.1756,5.9424,4.3656,-3.6732,-4.2769,0.4956,1.4796,2.3774,4.3656,-2.8089,-1.5863
-5.0182,4.7860,0.9170,3.2294,-4.2297,-3.5485,-4.1061,5.2050,-2.6983,4.3656,-1.8631,-2.5207
-2.0830,5.7245,0.9122,0.0213,-4.3657,-2.4818,-4.0366,5.4181,-0.4357,1.8891,-4.3657,-3.8487
-0.9026,4.9632,0.8045,-1.9506,-4.0785,-2.0767,-0.0168,5.4396,-2.5786,-0.8360,-3.6607,-4.3657
-2.5522,3.9409,0.2969,-4.2573,-3.2347,-1.4826,-1.5155,0.9481,-1.3815,-3.5340,-2.8821,-4.3657
-2.2218,2.7964,3.9959,-4.3657,-2.3550,0.0690,-6.6080,-4.3287,2.1045,-4.3657,-1.1030,-3.9636
-3.4477,1.2306,7.9128,-4.3657,-2.3220,1.7669,-10.3693,-7.5106,2.4948,-4.3657,-1.5709,-1.8186
-3.4524,-1.1396,10.3501,-4.3657,-1.5411,3.7752,-10.6662,-11.5233,6.1531,-4.3657,-3.0666,0.8239
-2.7509,-3.5674,12.0740,-3.1264,0.1304,4.3656,-9.6869,-13.5799,8.8274,-4.3657,-1.4305,2.9547
-1.8555,-5.5952,12.2392,-1.5465,0.9450,4.3656,-7.4316,-13.1202,6.3782,-4.3657,-1.0239,4.3324
0.1053,-7.7668,9.7659,-0.8749,1.5776,4.3656,-3.9720,-13.1178,6.5074,-4.3647,-1.7536,4.3656
1.7957,-7.7333,11.3102,-0.4530,2.1877,4.3656,-4.6687,-13.0269,9.5648,-3.2117,0.3818,4.3656
1.1899,-5.8754,12.9263,0.8454,2.2950,4.1332,-4.7381,-10.9630,10.7045,-1.4365,0.6363,4.3656
1.5945,-3.9600,13.7547,2.4657,1.9460,3.0084,-3.7278,-9.1866,11.7747,0.6371,-0.1480,3.8772
2.6121,-3.4261,12.8880,4.3656,1.5111,1.5727,-5.3941,-8.5904,9.7851,3.3564,1.2319,3.6110
2.0231,-2.4134,10.4722,4.3656,-0.0360,-0.0213,-4.0773,-5.9759,6.5553,4.3656,-0.8989,3.1644
-0.3543,-0.8691,9.4643,4.3656,-0.9278,-1.0146,-4.1108,-3.3208,4.3263,4.3656,-1.6042,1.6013
-1.6855,2.7964,5.0805,3.6484,-3.6083,-0.8256,-5.9472,1.0199,4.4963,3.5186,-4.3657,0.0346
-2.6073,4.9704,3.6536,3.4756,-3.1147,-0.8565,-5.8849,2.5019,2.7246,3.7245,-2.7623,0.2821
-0.5794,6.1531,1.2210,2.4087,-1.4500,-0.4642,-2.8802,4.4317,2.9904,2.2695,-2.0450,0.8404
1.1085,5.8514,3.4189,1.1080,0.1697,-0.5164,-1.1205,4.1587,6.3422,1.5681,0.2896,-0.0713
1.7573,5.8538,5.8993,1.2107,-0.5777,-1.4777,-1.2474,4.3886,6.4739,2.3327,1.1973,-1.1126
2.1548,6.2752,4.3551,1.0868,-2.3228,-2.1087,-1.5897,4.6950,5.9328,2.6899,-2.4556,-2.1032
0.5052,6.2273,4.7022,0.6548,-2.8464,-3.1758,-1.8603,4.8746,4.2952,2.8474,-1.7533,-3.3349
-1.8148,6.6439,2.9281,0.0934,-3.4375,-2.9856,-3.3854,4.6926,2.5642,2.5262,-1.6637,-4.3657
-0.8978,6.6343,2.6647,-1.4703,-4.2618,-2.4985,-3.0119,5.6767,-0.5507,0.7997,-3.8015,-4.3657
-2.2841,6.5793,1.7885,-2.5522,-3.4431,-2.0162,-1.6735,3.8379,1.1779,-1.4701,-3.6396,-4.3657
-1.0558,5.6671,1.7813,-3.8644,-2.3193,-0.7230,-4.5921,0.9242,2.9137,-2.9100,-1.2268,-4.3657
-2.0183,4.0366,3.8978,-4.3657,-1.0235,-0.2232,-8.2768,-1.4222,2.0686,-3.6712,0.4910,-3.0390
-3.1747,2.2553,5.8466,-4.3657,-1.5239,1.3330,-7.7261,-3.8427,0.2969,-4.3657,-2.5564,-1.4878
-2.8347,0.3855,7.2425,-4.3657,-1.0537,3.1714,-8.7364,-7.6686,3.4500,-4.3657,-2.5575,0.3152
-2.7007,-2.0662,9.3589,-4.3657,0.4309,4.3656,-8.7556,-10.4291,5.2744,-4.3657,-0.7132,2.1706
-2.3367,-4.8530,10.5656,-3.7489,0.7653,4.3656,-6.7181,-12.2248,5.4995,-4.3657,-1.3344,3.3059
-1.5251,-6.6104,11.6741,-2.8382,1.3122,4.3656,-5.6479,-13.1274,7.3550,-4.3657,-1.0898,3.5974
0.1173,-7.4268,11.8202,-1.6741,1.8743,4.3656,-5.1116,-12.6797,8.7628,-4.2497,-0.0727,3.6120
0.5818,-6.6631,11.8896,-0.4064,1.7861,3.9680,-5.3008,-11.0971,8.7771,-2.6136,0.2743,3.4316
0.2753,-5.5713,12.6725,0.8896,1.3111,2.8120,-4.2808,-9.7516,8.5090,-0.6648,0.0866,2.9880
1.1372,-4.0414,11.3677,2.2255,0.7508,1.5612,-6.0597,-9.0525,9.5313,1.3033,0.0137,2.5542
0.1891,-2.8299,11.5233,3.3293,0.2573,0.1804,-5.2337,-7.8554,8.7508,3.0848,-0.3040,2.2441
1.0391,-2.2122,12.3565,4.3656,-0.0101,-0.4716,-6.2177,-7.9200,9.4499,4.3656,0.1852,2.0480
0.7135,-2.4301,12.7300,4.3656,-0.9928,-1.9614,-4.7860,-7.6543,8.5832,4.3656,-0.5593,1.6202
-0.8763,-1.6831,7.1826,4.3656,-2.3868,-3.0045,-5.3056,-4.8243,2.0686,4.3656,-2.0823,0.8295
-2.5738,-0.0575,5.7820,4.3656,-2.7972,-3.0924,-4.1875,-2.0327,1.9249,4.3656,-2.2827,-0.3962
-2.4948,2.3056,4.5179,4.3656,-3.5244,-3.3420,-5.8347,0.4836,0.9170,4.3656,-1.6026,-1.0954
-2.9808,6.3063,2.2625,2.2828,-2.5022,-2.4813,-3.5434,5.6096,0.0790,3.7852,-1.6082,-1.5990
-3.5243,6.9983,-0.1628,1.2915,-2.3245,-1.8310,-5.2050,6.6559,-1.4509,2.4742,-0.9832,-1.9268
-3.8307,6.8402,-0.9194,-0.8439,-2.2989,-0.9274,-3.1460,7.3287,-2.9808,0.3809,-2.1917,-2.5588
-2.8946,6.3686,-0.1508,-2.3683,-1.9834,-0.8084,-3.5913,5.3343,-1.9106,-1.6104,-1.4346,-3.2659
-3.8188,6.0023,0.7302,-3.6758,-1.4377,-0.4289,-5.9089,2.3296,-0.5148,-3.2647,-1.5074,-3.2313
-3.6320,5.0039,3.2370,-4.3657,-0.7989,1.0744,-7.9368,-0.1484,1.2785,-4.3657,-1.1563,-2.1180
-3.0478,3.2561,5.8155,-4.3657,-0.2112,2.1300,-8.6981,-2.3248,2.4469,-4.3657,-0.8593,-0.8072
-1.8459,1.1732,5.9687,-4.3657,-0.5313,2.8013,-7.1371,-4.2090,1.9752,-4.3657,-1.7225,0.2621
-2.9640,-0.7614,6.4308,-4.3657,-0.4988,3.4531,-5.5641,-6.6032,1.6496,-4.3657,-2.2403,0.9403
-2.4995,-2.5426,8.8011,-4.3657,-0.2439,4.3656,-6.9599,-9.6845,3.7900,-4.3657,-1.4678,1.2769
-1.0175,-6.4356,10.3358,-3.1824,0.5666,4.3656,-5.7748,-12.4187,6.1339,-4.3657,-1.5864,2.9044
-0.4094,-7.0773,10.1993,-2.0951,0.8027,4.3656,-4.0654,-11.4730,7.1323,-4.2415,-0.9121,2.7641
0.7733,-6.5505,10.4986,-1.0882,0.8120,3.7305,-5.4564,-11.1378,8.7939,-2.7988,-0.3966,2.2631
0.8260,-6.1076,12.3206,0.3800,1.1740,2.4058,-5.5378,-10.7835,9.7827,-0.6049,0.5401,2.4689
-0.7422,-3.0957,13.0987,2.3433,1.3622,1.0046,-7.8673,-10.4291,9.7205,1.4862,0.9349,2.5544
-0.9840,-3.5554,11.8369,4.2013,1.1880,0.1769,-7.9655,-9.1961,6.3470,3.3453,1.1262,2.8906
-1.8675,-2.3296,10.5058,4.3656,0.3717,-0.2246,-7.8865,-7.8171,5.4229,4.2882,-0.0529,3.2690
-0.4357,-2.7294,9.0621,4.3656,-0.4253,-0.6332,-5.0278,-6.3351,5.0039,4.3656,-0.7918,2.4837
-0.9266,-1.4437,8.2552,4.3656,-1.4758,-1.5543,-3.8116,-3.4812,1.7190,4.3656,-0.9982,1.4673
-1.5443,-0.1556,7.5705,4.3656,-3.1100,-2.7057,-5.0973,-1.6328,2.8467,4.3656,-2.3980,0.2839
-0.7853,1.8579,3.4357,3.8464,-4.3657,-2.7747,-2.9592,1.6759,1.9154,4.3656,-4.3657,-1.2243
-0.9409,3.0550,5.0709,2.4507,-4.3625,-3.5368,-0.5435,3.1149,2.7438,4.3656,-2.8547,-3.4164
-2.0997,4.7333,2.3822,0.2662,-4.3657,-3.6989,-1.6664,4.8602,-0.2227,2.9857,-3.1489,-4.3052
-1.3647,5.0374,1.2929,-1.7368,-4.3657,-2.4885,-1.6783,3.8666,-0.6991,0.3175,-3.9488,-4.3657
-2.1787,4.5657,1.3671,-3.6343,-4.3657,-1.9100,-2.8419,1.0511,1.5754,-1.9064,-3.7257,-4.3657
-2.1668,4.2018,6.3183,-4.3106,-2.6538,-0.4684,-7.1515,-2.4301,3.3543,-3.3464,-1.1323,-3.9122
-3.0789,2.7701,6.7349,-4.2505,-2.1434,1.2858,-10.1801,-5.2984,4.5681,-4.0869,-2.0167,-1.5827
-1.7166,0.3448,9.2225,-3.8367,-0.9823,3.0818,-8.7580,-7.5202,5.0278,-4.3657,-2.3814,0.7891
-2.2841,-1.4964,10.7093,-2.6801,0.5860,4.3299,-9.1889,-10.1969,6.3015,-4.3657,-0.5153,2.5818
-1.8100,-3.9049,9.7157,-1.8162,1.0660,4.3656,-7.7165,-11.3772,5.3032,-4.3657,-1.5304,4.1290
-1.4222,-5.6982,8.4611,-1.6677,1.3948,4.3656,-3.9433,-11.5855,4.6567,-4.3657,-1.8286,4.3656
-0.0622,-7.1108,10.2232,-1.3769,2.1434,4.3656,-3.6943,-12.3948,6.8546,-4.3657,0.0750,4.3656
-0.2514,-6.9145,12.5097,-0.4672,2.7849,4.3656,-5.1332,-12.2942,9.4092,-3.8690,0.4178,4.3656
1.0319,-6.1459,12.9454,1.0344,2.8757,4.3656,-5.2601,-11.3389,10.6805,-1.8696,0.5734,4.3656
1.6879,-4.6017,12.9742,2.3589,2.3894,3.2113,-3.5793,-9.4020,10.0940,0.2252,0.9389,4.3656
0.8116,-3.6248,13.3118,3.9767,1.8370,1.7993,-5.0709,-8.5449,9.1435,2.3289,1.3662,3.4861
0.7302,-3.2178,11.1139,4.3656,-0.3114,0.5348,-5.6575,-6.7325,6.1746,4.2352,-0.4161,2.9671
-0.3950,-1.5706,8.9878,4.3656,-1.5555,-1.2355,-4.0582,-3.8068,3.5219,4.3656,-2.0825,2.0300
-2.0494,-0.0455,7.5585,4.3656,-2.7590,-2.0173,-5.3558,-3.1364,6.2225,4.3656,-2.0595,0.4370
-1.7741,1.2163,7.7524,4.3656,-4.3657,-2.5687,-6.0214,-1.2761,3.6823,4.3656,-3.2905,-0.6853
-1.9393,2.1476,5.2050,4.1725,-4.3657,-3.2965,-4.4724,1.4413,1.9106,4.3656,-4.2000,-1.8981
-3.1196,3.9552,2.5379,2.9088,-4.3657,-3.4799,-3.5626,3.3567,1.4868,4.3656,-3.9672,-2.7741
-2.4900,5.3774,1.2881,1.2157,-4.3657,-3.0651,-3.2489,4.3622,1.7765,3.4207,-3.9782,-3.6499
-2.2075,5.9185,1.8028,-0.7338,-4.3657,-2.0656,-2.0853,4.8171,0.4453,1.4236,-3.3453,-4.1226
0.1963,5.5809,0.1101,-2.7635,-3.7507,-1.5231,-2.4588,3.9337,-0.6680,-1.1146,-2.6389,-4.1777
-2.5331,4.3335,-0.0838,-4.3657,-2.1845,-0.4932,-2.8012,0.9409,-0.5890,-3.6495,-2.0941,-3.5465
-0.7518,2.6432,3.9720,-4.3657,-1.3977,1.1294,-6.1387,-2.8156,-0.0910,-4.3657,-0.1338,-2.6305
-1.3910,1.0750,7.0126,-4.3657,-1.3143,2.4701,-8.5042,-7.1635,1.7861,-4.3657,-1.2911,-1.2951
-2.5355,-1.2019,10.7524,-4.3657,-0.9634,4.2165,-9.8426,-11.8848,6.3327,-4.3657,-2.5723,0.8131
-2.6935,-3.9480,13.4674,-2.8052,0.3288,4.3656,-11.3102,-14.9925,9.8641,-4.3657,-1.1862,2.9993
-2.3272,-6.4548,13.1178,-0.5769,0.8840,4.3656,-8.9352,-14.3892,7.3310,-4.3657,-1.8459,4.3656
-0.6440,-7.8650,10.8960,0.2128,2.4184,4.3656,-4.7669,-14.4155,9.1315,-4.0873,-1.5700,4.3656
1.7095,-6.8331,11.0253,1.0071,3.4597,4.3656,-4.2545,-12.6917,10.5034,-2.4505,1.5438,4.3656
1.7095,-5.3032,14.0731,1.9505,3.3378,4.0967,-2.9377,-9.8689,9.9288,-1.0722,1.3947,4.3656
1.5562,-4.1492,13.7930,3.7088,2.9695,2.7546,-3.6583,-8.9902,10.8529,1.4931,0.7172,4.3656
2.5067,-2.8706,11.7196,4.3656,1.7860,1.0884,-3.0263,-6.8187,8.3917,3.8673,0.5011,3.9422
1.4365,-2.1213,9.8234,4.3656,0.0730,-0.5725,-2.1165,-4.2090,6.2465,4.3656,-0.6534,1.9444
-0.1844,-1.0487,9.6630,4.3656,-2.6669,-1.9981,-6.4284,-2.7605,4.5777,4.3656,-1.6850,0.4321
-2.8323,0.9242,5.3558,4.3656,-4.3329,-2.9901,-4.0151,0.7709,1.7382,4.3656,-4.3657,-1.5489
-2.3367,2.6049,4.4388,3.4695,-4.3657,-3.5583,-4.7621,1.8292,1.5490,4.3656,-4.1561,-2.8080
-2.4469,4.5873,3.8235,2.0704,-4.3657,-3.4131,-6.5314,3.7421,0.4860,4.2618,-2.8264,-2.9224
-3.9696,5.8610,2.2745,1.0340,-4.3174,-2.9684,-4.3000,5.0135,1.7142,3.2187,-3.8581,-2.7452
-1.2306,5.1858,2.2529,-0.9503,-3.6376,-2.1999,-0.6129,5.4372,-0.4956,0.7546,-2.8830,-4.1379
-0.7470,3.9049,1.6472,-2.7584,-3.2842,-2.3210,-1.2953,2.7557,0.0431,-1.1642,-2.0383,-4.3657
-2.4565,3.1101,3.2298,-4.3657,-3.0070,-1.7421,-5.0422,-1.0104,0.8978,-2.7641,-2.3856,-4.3657
-3.4069,2.2817,5.7748,-4.3657,-2.9314,-0.1879,-7.6495,-3.7302,0.2777,-4.0032,-2.1019,-3.5081
-3.4429,0.7805,7.4077,-4.3657,-2.6490,1.7476,-9.0142,-7.2856,2.3583,-4.3657,-3.1177,-1.7998
-3.7038,-0.9074,10.8793,-3.9590,-0.8962,3.6360,-10.9583,-11.1426,6.7876,-4.3657,-1.7216,0.4928
-3.2202,-3.1556,12.0692,-2.3321,0.4538,4.3656,-10.8433,-12.9191,7.9464,-4.3657,-0.8525,2.7840
-2.1572,-5.4085,10.2017,-1.1642,0.8270,4.3656,-7.0485,-12.0811,4.4796,-4.3657,-2.3767,4.3656
-1.6424,-7.0318,9.0525,-0.7185,1.6658,4.3656,-4.2186,-12.7204,4.1611,-4.3657,-1.5350,4.3656
-2.2984,-7.7165,12.5456,-0.2984,2.7082,4.3656,-8.2289,-15.2942,10.4722,-4.3074,-0.0188,4.3656
0.5507,-6.3949,15.0811,1.4198,3.9479,4.3656,-7.7644,-14.9973,13.7475,-2.0756,1.0607,4.3656
1.7789,-5.7533,13.7547,3.0573,4.0464,4.1298,-1.6496,-11.3030,10.6949,-0.0861,1.3230,4.3656
1.8938,-4.6615,13.8505,4.3656,3.2062,2.5313,-1.3886,-8.5401,9.8665,2.4419,1.9356,4.3656
2.4948,-2.8563,11.8441,4.3656,0.4974,0.2358,-2.8874,-5.2984,5.7174,4.3656,0.7200,3.5482
-1.0750,-0.8954,8.6646,4.3656,-2.7153,-1.3941,-5.0685,-2.3655,2.0686,4.3656,-3.5037,1.7283
-1.6879,0.8404,5.3463,4.3656,-4.3657,-3.3448,-5.7245,0.9266,0.9218,4.3656,-2.9175,-1.4250
-5.5450,2.5929,2.6863,4.3656,-4.3657,-3.9716,-4.5538,4.2042,-1.7214,4.3656,-4.3657,-2.5779
-4.7740,4.4532,0.0096,2.2488,-4.3657,-3.6287,-3.9217,5.5737,-0.8499,4.3656,-4.3657,-3.8776
-5.3032,5.4564,-0.7326,-0.0004,-4.3657,-2.8285,-2.6552,6.2489,-3.2250,2.2848,-4.1504,-4.3657
-2.6719,5.1451,-2.0327,-2.8873,-4.3657,-1.9073,-1.4700,4.3551,-2.5163,-1.0757,-4.3143,-4.3657
-3.8858,4.0773,-0.1580,-4.3657,-3.0262,-0.9086,-3.2178,0.7087,-1.6352,-3.7911,-2.4700,-4.3657
-3.3351,2.2529,4.9416,-4.3657,-1.9203,1.1393,-8.5569,-4.4221,-0.9170,-4.3657,-0.6821,-3.2647
