0.1556,1.5778,9.0309,0.8899,-0.8267,-2.3270,-9.2871,-8.2408,6.6990,2.9416,1.2424,-0.7071
-0.0622,2.3152,10.9726,2.0463,-0.0610,-2.2088,-9.8282,-7.5944,5.2912,3.4652,2.5289,1.0236
-0.7781,2.8683,10.1466,3.9014,0.0257,-1.8469,-9.6055,-6.6966,2.3224,3.6944,2.0871,2.6173
-1.6951,3.2896,6.0765,4.3656,-0.3159,-1.2582,-11.1402,-6.1507,-0.2586,3.3656,1.5030,4.3656
-1.7095,4.6352,1.8387,4.3656,0.0329,-0.2029,-6.1220,-1.7478,-4.8219,1.6597,-0.2557,4.3656
-2.9640,6.5290,-1.9273,3.5056,2.2018,1.0152,-3.8786,1.8627,-4.9201,-1.5331,0.2575,4.3656
-1.2977,6.5194,-1.3886,0.8747,4.3656,2.1582,1.7980,5.2888,-0.6440,-4.3657,1.8269,4.3656
-0.4597,5.4851,-1.4461,-1.1584,4.3656,2.3954,0.7805,5.4348,4.1946,-4.3657,4.3656,2.4922
0.9146,2.8922,3.6464,-4.3657,4.3656,0.7739,0.2059,3.6895,1.1277,-4.3657,4.3656,-0.8304
1.6640,-0.2682,9.1554,-4.3657,3.1240,-0.6303,1.8818,-1.7549,8.3366,-4.2813,3.4695,-4.3657
3.4955,-0.5794,12.2511,-4.3657,-2.2740,-2.3435,-2.6264,-8.7508,9.4403,0.4060,-0.9422,-4.3657
2.1476,0.7518,15.0835,-4.1119,-3.3159,-2.9324,-8.7269,-12.0285,8.5593,1.6791,-0.4956,-4.3657
-0.4860,0.8045,16.1393,-1.5068,-3.1137,-3.8777,-12.6845,-14.6765,11.3964,3.2743,0.6603,-4.3657
-0.8116,-0.1844,15.4641,0.9886,-3.3758,-3.6579,-13.6422,-15.3373,9.3661,4.3656,0.7200,-2.8850
-0.2514,-0.4669,12.2679,2.5870,-2.8212,-4.1716,-9.8809,-12.5863,7.3382,4.3656,1.3614,-0.3180
-2.8706,1.0008,9.5193,3.8191,-1.9983,-4.0999,-8.1044,-8.9112,0.9266,4.3656,2.2330,0.7771
-3.7924,3.1340,6.2537,3.5743,-1.7527,-2.7526,-9.8067,-6.4021,-1.1372,4.3656,1.5211,1.8032
-3.7876,4.9081,4.9847,3.2961,-0.4447,-1.3901,-10.2280,-3.9720,-2.3272,2.6315,1.0323,3.0795
-3.6129,5.8227,3.6009,3.1624,1.3125,-0.1931,-11.6693,-3.6751,-2.2889,0.6403,1.7421,4.3656
-3.8307,5.9664,2.0590,2.5672,2.6016,1.0974,-4.6352,1.2450,-3.9121,-1.3519,-0.1756,4.3656
-3.6152,6.1459,0.3232,1.0509,3.7602,2.2600,-4.0031,2.6456,-2.1141,-3.4243,1.1495,4.3138
-2.6552,5.8730,-0.0192,-0.6761,4.3656,2.7891,-3.4836,3.2489,0.4477,-4.3657,3.0602,3.2365
-1.0774,4.7549,2.2314,-2.4656,4.3656,2.7606,-2.1165,3.6895,0.2370,-4.3657,2.4553,1.4276
0.7829,2.9401,3.5171,-4.3267,2.9775,2.0422,0.0239,1.8172,2.6288,-4.3657,0.6864,-0.9767
3.2106,-0.1939,5.8849,-4.3657,0.6644,1.3351,2.8084,-2.3128,7.8721,-4.3657,-0.6977,-4.3657
5.6240,0.8811,13.5225,-4.3657,-1.0281,0.0757,-4.6280,-11.3629,15.1697,-2.4423,0.9285,-4.3657
3.7158,1.3743,19.6127,-0.7430,2.4969,-1.0970,-16.6852,-15.0523,13.9702,0.5569,4.3656,-4.3657
0.3424,-0.5674,13.8505,3.1076,-1.4177,-3.4803,-16.2183,-12.7012,6.7157,4.3359,1.5696,0.8784
-2.2266,-0.4764,9.7085,2.6324,-4.2101,-3.7956,-3.7900,-7.4747,3.3806,4.3656,-4.3657,1.5294
-3.1987,0.8978,7.9871,2.9607,-3.1375,-4.0866,-5.8419,-6.8570,1.1612,4.3656,2.7466,-1.2878
-4.5873,2.5738,7.0916,2.5439,-2.5917,-3.6656,-11.6382,-8.0397,0.0599,4.3656,2.9511,0.0481
-5.8442,4.1204,6.1818,3.0947,-1.6990,-2.6927,-11.1953,-5.1571,-3.7206,4.1283,-0.5845,1.7994
-5.8849,5.0326,3.4548,2.8156,-0.5239,-1.2484,-8.8250,-1.9561,-4.7429,2.2956,0.9140,2.3758
-5.0637,6.3375,1.1109,1.8234,1.3534,0.3541,-10.1849,-0.9146,-4.1156,-0.4871,0.7911,3.9611
-4.4676,6.4787,1.4629,0.9241,2.8738,1.6114,-5.9951,1.7382,-3.5578,-2.5243,0.1476,4.1471
-3.8714,5.7437,1.2450,-0.2955,3.5843,2.5070,-4.1611,2.9066,-1.9393,-3.9632,1.1878,2.7876
-1.8196,4.9057,1.0511,-2.1626,3.4721,2.7246,-4.2545,2.3631,-0.6991,-4.3657,1.2658,1.8154
-0.9457,3.9002,2.8898,-3.3665,2.6819,2.3539,-1.8818,2.4493,1.1372,-4.3657,-0.0225,0.1412
1.6448,3.2226,1.8579,-4.3657,1.0264,1.3727,-0.3472,1.4246,1.7813,-4.3657,-0.5112,-2.0115
4.3383,-0.7207,3.8451,-4.3657,-1.6880,0.1649,1.6257,-2.7007,7.4986,-4.3657,-2.2613,-4.2663
7.6758,-2.8467,10.6494,-4.3657,-3.2058,-0.4866,2.4565,-8.0110,13.7451,-3.0847,-2.1122,-4.3657
8.9567,-2.8371,18.1768,-4.3657,-1.8150,-2.4909,-3.9049,-14.3508,16.9222,-0.0612,2.6139,-4.3657
3.5386,-2.7438,19.6127,-1.2933,-1.5767,-4.2073,-13.4937,-17.5303,12.2511,3.2512,2.9058,-4.3657
1.4006,-3.3926,13.3381,0.7634,-1.8727,-4.3501,-10.5034,-14.5927,8.6862,4.3656,-1.0079,-1.4349
-0.0239,-3.0478,11.3796,1.9601,-0.3680,-4.1609,-5.5857,-11.5544,4.1228,4.3656,2.3944,-0.6684
-1.2689,-1.4198,9.4188,2.5021,0.3617,-3.4196,-9.0716,-9.9407,1.6041,3.5710,3.5964,0.4313
-1.6975,0.4621,9.7372,2.8657,0.3748,-2.4660,-9.1243,-8.0397,2.1021,3.3853,1.0968,1.8871
-2.4660,1.9776,8.1355,3.5769,0.9542,-1.5715,-9.4355,-5.8586,0.3112,2.4251,1.9596,2.9660
-3.2992,3.3686,6.6870,3.6555,1.6782,-0.5129,-7.5346,-2.9185,0.0120,1.5751,0.9621,3.9550
-3.5961,4.6998,3.0406,3.5177,2.4804,0.8553,-8.1139,-0.6440,-2.7677,0.1647,1.3126,4.0961
-4.5753,5.6048,1.7741,2.0479,3.3580,2.3521,-6.4093,1.3455,-2.9042,-2.1999,1.0954,4.3656
-3.7014,4.7764,0.1532,0.6017,4.2445,3.5517,-1.6352,3.6440,-1.6017,-4.0797,0.7890,3.7972
0.1030,3.7038,0.4549,-1.8648,4.2240,3.6487,-3.4548,1.8268,1.6185,-4.3657,2.1458,3.0844
1.9130,2.4588,3.4022,-3.3278,3.8574,2.5458,-0.2538,1.7741,6.4117,-4.3657,1.6037,0.8813
2.1117,1.9561,6.6439,-4.0865,3.1383,1.1016,-2.1668,0.0934,6.3949,-4.0353,3.0922,-1.4429
3.2250,1.4844,9.3158,-3.8710,1.7588,-0.2627,-3.9696,-2.1332,6.7325,-2.5269,2.9773,-3.4232
1.8818,0.4238,9.6127,-3.3175,-0.8150,-1.7556,-6.3853,-5.0470,7.3861,-0.1901,0.3179,-3.7363
0.1939,0.6057,11.4084,-2.7302,-2.4165,-2.3952,-7.5393,-5.7676,4.7573,1.1333,-0.6065,-3.3472
-0.3136,-1.4198,10.0892,-1.7944,-1.9914,-2.5355,-6.6032,-7.6471,5.2337,1.4080,-0.6113,-3.8920
-0.9170,-1.8842,12.9790,-1.4196,-2.0089,-2.9460,-9.9216,-10.4483,6.1603,2.3796,0.8840,-3.3217
-0.5507,-2.0830,14.1928,-0.7228,-2.9226,-2.5904,-11.0971,-11.2144,5.3678,2.9362,-0.6526,-1.9345
0.4860,-2.6145,14.5280,0.1494,-2.1651,-2.2531,-10.9798,-11.4395,5.6240,2.8789,-1.1510,-1.4819
0.1245,-1.9561,13.5009,1.5216,-1.4148,-2.2860,-11.7723,-10.7691,6.1363,3.2394,0.5184,-0.5640
-2.1835,-0.2897,10.6925,2.2407,-0.9567,-1.7603,-12.9598,-9.0118,2.9329,2.9620,-0.0209,1.5577
-2.0327,0.8212,9.8354,2.8193,0.1563,-0.8476,-10.0580,-6.3183,1.8052,2.0371,-0.3583,2.8189
-2.0686,1.7813,8.2648,3.5441,1.9016,-0.0344,-10.8960,-5.9520,2.6624,1.0964,1.4633,3.8225
-3.1987,2.0327,5.4851,4.2032,3.8749,1.0244,-6.9887,-3.1580,1.9417,0.7181,2.0190,4.3656
-2.4397,3.2609,0.4884,2.8974,4.3656,1.3556,-1.7071,3.1771,-4.1300,-0.6797,2.2929,3.8789
-3.0789,4.3910,0.0742,-0.1324,3.8590,1.9279,-3.3734,4.2952,-2.7845,-2.8490,2.8149,2.3884
-1.8340,4.1276,2.9353,-2.2573,2.5147,2.0881,-2.5426,4.2162,-3.2513,-4.0521,1.7140,0.3433
2.1189,2.5115,3.4261,-3.7100,-0.3219,1.2524,1.0918,2.2601,3.3088,-4.0508,-1.8555,-1.5418
1.6903,0.2370,19.0052,-1.8247,-2.5933,-1.6784,-13.2639,-13.7044,12.3397,2.1587,-0.7641,-4.3657
0.6009,-1.8340,10.3238,1.9895,-1.9825,-3.3244,-6.2393,-10.0580,5.3654,4.2252,-0.1977,0.2397
-0.5962,-1.0822,10.3980,1.9749,-1.6682,-2.6418,-7.1371,-9.3805,4.3359,3.5750,1.0078,0.0494
-0.8164,0.4334,10.0197,2.6275,-0.7365,-1.9772,-10.4507,-8.7101,2.1620,2.8946,1.1784,1.6422
-1.4916,1.9034,6.8474,2.6874,0.4154,-1.0912,-11.2815,-7.7955,1.2570,1.5288,0.4931,4.3656
-2.5809,2.7869,7.1467,2.4814,2.0137,0.0641,-4.6352,-3.5243,-0.0718,0.0274,-0.4048,4.3656
-2.2721,3.1460,4.6495,2.3497,3.8562,1.1466,-6.0501,-1.9106,0.5938,-1.3737,2.3597,4.3656
-3.3734,3.9313,3.0167,1.1022,4.3656,1.9267,-5.5474,0.3855,-2.2984,-3.1517,2.8021,4.0308
-4.7597,3.6488,1.7861,-0.7759,4.3527,3.1333,-4.5179,1.1085,-1.1636,-4.3657,1.3956,3.1026
-1.2594,1.8220,3.5291,-2.7684,3.0088,3.7133,-2.0016,0.8021,-0.3041,-4.3657,1.3879,1.8951
3.3375,0.7422,4.8363,-3.5574,2.0230,1.9973,-0.1077,-0.8092,5.5857,-4.3657,0.1887,-0.5137
2.8012,-0.3711,6.8642,-4.3657,0.9646,0.7226,-0.3591,-3.1963,6.0142,-3.9282,1.3025,-3.3827
3.1556,-0.8428,10.3525,-4.3657,-0.7304,-0.0701,-8.4563,-8.1235,9.6774,-2.3895,1.8159,-3.3333
2.4134,-1.8124,16.1656,-2.6937,-1.4180,-1.4341,-6.5745,-7.9344,8.9447,0.6122,-0.3873,-3.6564
0.2370,-1.7454,14.9709,-1.0211,-2.7387,-2.4132,-7.4053,-10.3525,7.6662,2.4809,-1.0930,-4.3657
0.3926,-1.6951,13.1753,0.5053,-2.4548,-2.2532,-12.3924,-12.6318,7.0174,3.3390,0.1787,-3.5855
-0.0766,-1.3695,10.1275,1.7467,-1.7269,-2.3942,-11.2073,-10.6518,4.1444,3.6086,-0.1625,-0.1977
-1.8340,-0.6919,9.0237,2.1787,-0.9627,-2.1606,-8.3414,-8.1786,2.0518,3.1569,0.1244,1.1366
-1.8794,0.7805,8.0062,2.3164,0.0280,-1.0981,-12.0380,-7.7357,0.1006,1.6304,1.0981,2.7972
-3.0933,1.9058,7.6184,2.7892,1.0432,-0.2898,-8.8155,-5.6455,0.6225,0.7143,-0.4842,4.3656
-3.3639,2.5283,5.6072,2.9243,2.0070,0.7777,-5.7245,-2.4038,-0.7925,-0.1042,-0.2316,4.3656
-3.6129,3.0071,3.3232,2.0311,3.0061,2.0677,-5.3079,-0.6728,-0.7470,-1.6073,1.4769,4.3656
-3.1029,2.7078,2.9592,0.4387,3.3052,3.0800,-3.7781,1.1013,-2.8084,-3.1710,0.6026,4.1428
-1.9489,1.7765,1.8699,-1.3524,3.1889,3.3582,0.0886,1.9609,1.1181,-4.3238,0.2661,1.9934
4.3958,-0.0958,2.7533,-3.5408,1.4826,2.3105,3.1627,0.8715,4.5442,-4.1355,0.9694,-1.2155
3.6919,-1.3048,6.6511,-4.3657,0.4509,0.4776,3.3878,-3.1149,6.0645,-3.1989,1.3334,-4.3657
5.3582,-2.5402,12.5504,-4.3657,-1.3504,-0.9942,-0.9529,-10.0748,10.3262,-1.3015,1.6555,-4.3657
4.8387,-2.7007,15.8137,-3.4578,-3.3837,-2.4753,-7.2903,-14.1713,12.4163,1.4923,0.3481,-4.3657
2.3320,-2.1931,16.2997,-1.2584,-2.6554,-2.9152,-10.7284,-15.1529,9.6534,3.1970,-0.0779,-4.3657
1.0678,-2.6240,12.9502,0.7747,-2.8357,-3.1714,-10.6805,-13.5775,6.2848,3.9325,0.7462,-2.1902
0.3041,-2.5833,10.0580,1.6229,-1.9215,-3.1684,-11.4156,-12.8401,3.3998,3.4438,0.5726,0.5716
-2.3703,-1.4269,9.8378,2.4022,-0.6159,-2.5612,-7.7835,-10.1825,2.3750,3.2979,0.4385,2.9429
-1.3336,-0.3208,8.6550,2.7135,-0.5147,-0.8960,-7.6591,-7.6471,0.7207,2.1222,-0.0734,2.8629
-0.4405,0.7733,7.0916,3.0710,1.1884,-0.1387,-8.4036,-6.1292,1.0175,1.1319,0.8252,3.8441
-0.0551,2.6719,5.2194,2.9644,1.9492,0.6051,-8.1259,-4.2880,0.0838,-0.5813,0.4399,4.3656
-0.9026,3.7206,3.3351,1.9446,2.6818,1.4230,-1.3120,-0.5698,2.3750,-2.0475,-1.0229,4.3656
-0.6464,2.3080,1.7310,-0.1356,3.5268,2.5683,-1.0080,0.3879,2.6743,-2.7586,1.4052,2.6881
2.0614,1.4581,4.8435,-2.2648,2.9792,1.8684,-0.0192,1.3958,0.7877,-3.5739,2.5586,1.1293
0.1508,1.0271,4.4149,-3.2563,1.9273,1.5580,-1.5275,-1.5251,2.2936,-3.9618,1.1936,-1.5310
4.6208,-1.5083,7.8769,-4.3657,-1.0741,1.1161,0.4190,-4.5442,6.5194,-3.3594,-0.8396,-3.7647
4.3359,-1.8531,10.6614,-4.2911,-2.1390,0.1436,-1.5371,-9.1363,10.0221,-1.8503,-0.1491,-4.3657
6.2369,-2.6193,14.4035,-3.1910,-2.3651,-0.4982,-6.0908,-12.2200,12.2463,-0.0378,0.1511,-4.3657
5.2409,-2.3894,14.7435,-0.9629,-2.8429,-1.7320,-6.7756,-12.5743,12.9598,2.4433,-0.4547,-3.7807
4.4173,-2.1907,11.5401,0.5164,-2.3253,-2.1420,-5.6503,-11.1977,8.4611,3.2458,-0.3134,-2.8559
2.3080,-2.1548,8.7700,1.1439,-1.0006,-2.4658,-3.4477,-11.4467,10.2472,4.3297,1.4639,-2.0695
1.9297,-0.8260,9.5313,1.3945,-0.6995,-2.1871,-9.8282,-9.8952,3.0957,3.1321,3.5551,1.0241
0.9553,-0.0048,8.1283,2.0126,-0.0045,-1.0655,-8.4036,-7.8889,2.2577,2.3129,-0.8759,3.2698
0.2418,0.3879,8.2049,2.4373,1.2341,-0.5478,-6.0118,-5.5785,1.5251,1.4121,0.8720,3.4300
-0.5650,1.4988,5.7700,2.7059,2.3447,-0.0092,-7.8290,-4.3479,0.0599,-0.0798,2.7137,4.3083
-0.0120,1.9537,4.6304,1.6894,2.2973,0.8218,-5.8802,-2.7964,-1.1756,-1.9917,0.1844,4.3656
-0.4310,2.7031,4.5993,0.6015,1.8306,1.2753,-0.4238,0.2035,1.2809,-3.2099,-0.7412,3.4571
0.1293,2.6073,2.1931,-0.9886,1.3777,1.9803,-2.3463,-0.9026,3.0430,-3.8279,0.5570,2.5078
6.0693,-2.5618,6.5984,-4.3559,-0.5220,0.3687,6.0741,-3.8547,9.5122,-3.0735,0.2020,-2.8236
6.8402,-3.7589,9.3398,-4.3657,-1.3945,-0.1615,0.1365,-9.4786,8.6886,-1.5952,1.5164,-4.3657
8.1092,-4.5179,12.7659,-4.2261,-2.9817,-1.1110,-4.1827,-12.7084,10.3549,-0.2427,-0.0489,-4.3657
4.4796,-4.8076,17.3532,-1.7387,-2.0351,-1.9345,-11.0588,-16.3141,12.7060,1.8087,-0.7116,-4.3657
4.7429,-4.8674,11.9734,0.7986,-1.4898,-2.3032,-7.3023,-13.3405,10.1466,3.6329,-0.3060,-2.4994
3.5602,-3.4117,10.1370,1.7260,-0.9493,-2.4124,-5.5402,-11.6071,7.5130,4.3656,0.4246,-1.3580
3.3734,-2.2194,9.1506,2.7354,-0.0163,-2.2596,-6.2106,-9.1770,4.2689,3.7116,2.3458,-0.1218
1.3048,-0.3974,7.8027,3.6483,0.6071,-2.0380,-6.5864,-7.5298,4.0342,3.5148,1.6894,1.5885
1.0343,1.2450,6.6343,4.0600,1.1634,-1.3319,-6.1746,-5.0039,2.5977,2.8245,1.7217,2.7292
1.2617,2.5235,4.7980,4.3484,1.9761,-0.8907,-5.6072,-3.2202,2.0111,1.7456,2.1729,4.2875
1.1995,3.0023,4.3838,3.6451,2.5141,-0.1199,-2.7988,-0.4717,-0.1149,0.5877,0.9348,4.3656
0.2729,4.7932,2.5283,2.3963,2.1549,0.5149,-3.4596,0.8045,1.7597,-0.6671,0.9988,4.3656
-0.4741,5.7365,1.9776,1.1194,2.3148,1.5555,-1.2186,3.2034,1.6017,-1.8586,0.1006,3.2105
0.8835,4.2976,1.1851,-1.0179,2.4725,2.4888,1.5706,4.2138,0.6440,-3.2195,0.9025,1.1851
4.1922,2.7988,0.8643,-3.1816,1.2056,1.3427,3.3016,2.5714,3.1053,-4.2002,0.0741,-1.3383
8.5904,-0.3328,0.5602,-4.3657,-0.2153,1.2171,6.6415,-0.6895,4.0462,-4.3657,-0.5005,-3.9033
5.3103,-2.4852,4.5155,-4.3657,-1.0805,-0.0545,5.7724,-7.0725,7.6136,-4.3309,1.0437,-4.3657
5.9280,-3.6823,17.3340,-4.3657,-2.4196,-0.0787,-5.4803,-16.1489,10.1610,-2.2772,2.2812,-4.3657
5.7820,-4.7262,19.3595,-1.8941,-2.4496,-1.6419,-13.4865,-18.7418,15.1314,0.9518,0.3380,-4.3657
5.2146,-5.1571,10.5872,0.3609,-2.1470,-2.6913,-6.4955,-15.3827,12.7108,3.4651,-2.1569,-0.2922
5.4157,-5.4660,13.0532,1.5468,-1.2273,-3.0430,-0.2562,-12.4546,7.9559,4.3283,1.1655,-0.8523
3.9265,-3.0335,10.6422,3.1536,-0.6540,-3.4368,-7.4891,-11.7172,6.5386,4.2049,3.8501,-0.0060
3.2346,-0.6225,8.2624,3.7053,-0.6913,-2.9322,-7.0437,-9.0429,5.1954,4.3656,0.1387,2.5029
1.9872,1.7310,5.2960,4.1055,0.0855,-2.1357,-5.7772,-6.3662,2.6791,3.6107,1.3459,4.3656
1.1109,2.8443,4.0510,3.9929,1.5340,-0.9958,-3.4500,-2.3080,-0.5986,1.8767,0.9573,4.3656
-0.7326,4.7860,1.5538,2.9082,2.5207,0.3444,-3.0526,0.5219,-1.2665,-0.5642,0.3738,4.3656
-0.9170,4.9009,0.3400,0.5993,3.3353,1.9408,-0.0694,2.9449,-0.5148,-2.9681,0.4743,3.0346
1.6927,2.4349,-1.4413,-2.4658,3.3493,3.0851,0.8763,2.2984,1.3886,-4.3657,1.7064,1.2276
3.3088,-0.0934,1.2737,-4.3657,1.8703,1.9269,4.7980,0.9505,4.7453,-4.3657,0.8620,-1.6602
6.9336,-2.7845,1.9920,-4.3657,-0.1490,1.3825,6.1220,-2.9592,4.7692,-4.3657,0.5020,-4.3657
8.0900,-4.3455,11.9279,-4.3657,-0.8912,0.5341,0.7254,-11.7292,5.9711,-3.8441,1.6430,-4.3657
6.0717,-4.1180,17.0012,-4.3657,-2.4700,-1.5824,-13.8983,-19.1752,15.9023,-1.3659,1.8931,-4.3657
7.2305,-5.2960,16.6325,-1.4885,-1.8167,-1.3859,-6.6607,-14.7842,14.7076,2.2593,-3.7979,-1.5483
8.5521,-5.8634,11.3725,1.5479,0.6472,-2.9051,-1.0942,-11.3701,8.7891,2.9579,1.7006,-1.5155
2.7916,-3.5745,8.1906,1.9345,0.0629,-3.0318,-3.3351,-9.1411,3.5554,2.8521,3.0479,-0.7838
3.2825,-2.4948,8.5760,1.5571,-0.6610,-2.0673,-6.2752,-10.2903,6.6942,2.4641,-0.0449,0.8407
3.4309,-1.3288,9.2512,2.9188,1.2574,-1.4216,-6.2345,-9.2775,6.6415,2.2332,2.4275,2.7923
2.2051,-0.2298,8.2432,3.7822,1.6682,-1.3209,-4.7812,-6.7900,4.0917,2.3517,2.1801,3.9410
1.4700,0.6033,7.1371,3.7916,1.2728,-0.9214,-4.2808,-5.0446,3.0287,2.0431,0.6173,4.3656
0.5459,2.1859,5.6360,3.9135,1.6894,-0.2718,-4.4460,-2.2889,2.6839,1.4987,0.9609,3.8662
1.1684,3.9241,2.5570,3.0385,1.5120,0.4816,-3.5243,-0.5339,1.2977,0.3828,0.4498,4.3656
-0.9146,4.7022,2.9832,1.8257,2.0941,1.5271,-1.0295,2.6743,0.2682,-1.0678,-0.8180,3.1716
1.6496,2.5450,0.1365,-0.6201,2.3122,3.2848,-0.2705,2.8108,1.0080,-2.9661,1.1005,1.7043
7.7859,1.3982,2.1859,-3.2523,0.7638,1.5916,4.4843,3.0335,5.2840,-3.5882,0.2994,-0.3693
4.4628,0.2634,2.1165,-4.3657,0.2144,0.1231,6.0118,1.1612,3.0933,-3.5129,-0.0745,-3.7607
8.3055,-1.6735,3.1603,-4.3657,-3.5781,-0.2519,7.1275,-4.8602,7.5106,-3.7662,-2.4176,-4.3657
8.8226,-3.2010,12.3708,-4.3657,-2.3922,0.1836,1.3001,-13.0005,13.1059,-2.9846,-0.7751,-4.3657
9.2871,-4.4460,18.7753,-2.8425,-0.5870,-1.9843,-10.6494,-18.7538,15.0523,0.1167,4.3656,-4.3657
4.9680,-5.0853,12.5504,-0.2298,-1.7175,-2.9068,-10.5393,-16.3309,12.1482,2.8646,-0.6861,-1.2052
6.2321,-5.3032,11.1402,1.0958,-0.4710,-2.9346,-0.8188,-12.2727,8.2265,3.6818,-1.3448,-0.1741
2.5905,-3.0478,8.5808,2.4569,0.7669,-2.5953,-2.0375,-8.7700,5.7054,2.7402,4.3656,-0.1541
1.1277,1.7358,5.4827,3.2784,2.2088,0.1088,-5.4492,-3.9552,1.4868,0.7341,2.2591,3.7479
1.1061,2.7629,3.7445,1.8588,3.0535,2.3261,-2.8922,-0.1245,0.3519,-2.1625,0.8479,4.3050
1.3719,2.3008,0.6776,0.0107,3.1471,2.7035,-1.5131,0.8547,0.8380,-3.7477,0.6049,3.0948
4.4341,1.5610,4.3742,-2.7065,1.9144,2.2997,0.8236,1.1061,2.7629,-4.3657,0.0489,1.4228
4.3766,0.4405,4.9608,-3.7723,0.2086,1.4629,5.8083,-0.0934,4.8818,-4.3363,-1.2264,-2.2501
9.2320,-2.6025,7.0964,-4.3657,-2.7174,0.9936,6.7756,-6.1196,11.3844,-3.2074,-3.6367,-4.3657
9.1482,-2.3774,14.7483,-4.3657,-3.0225,-0.6559,-4.0414,-13.8409,14.3628,-1.1607,0.9353,-4.3657
6.5410,-2.6719,13.9773,-1.6607,-1.7304,-2.1910,-10.5177,-15.1074,14.0611,0.9168,1.0388,-4.0653
4.3479,-3.1244,12.0261,0.4664,-0.6314,-2.2922,-5.8299,-12.7970,11.0325,2.5981,-0.4529,-0.9547
3.9768,-3.4979,9.0644,1.2802,-0.3543,-2.1843,-1.7837,-9.5816,5.3630,2.5578,1.8957,-0.2703
3.2082,-2.1883,8.8969,1.5668,-0.0145,-1.9478,-4.8387,-9.5026,5.5426,2.2335,1.8866,0.1531
2.2936,-0.6345,8.5641,2.3098,0.7252,-1.2353,-7.3287,-9.0261,5.0829,1.8574,1.6835,2.0797
2.6456,0.0838,7.7261,2.8936,1.2199,-1.0134,-4.4412,-6.2082,3.8858,1.7512,1.5936,3.2007
1.6472,1.9609,6.6343,3.2334,1.1791,-0.6602,-10.9942,-7.2808,2.3846,1.0075,1.9784,4.3656
1.3838,2.9497,5.0111,3.0835,0.8219,0.1665,1.0247,-0.7422,1.1588,0.4132,-2.6164,4.3656
1.8986,3.5051,2.1787,2.1321,1.1239,0.7809,1.5155,2.2721,3.3519,-0.1543,-1.0559,3.2806
4.2138,4.4628,3.4405,0.1816,0.9180,0.6796,-2.2601,1.8268,5.0901,-1.0885,3.0727,1.6457
1.2067,5.3079,3.9624,-0.1347,0.5897,0.5941,-1.9321,2.9951,4.9416,-1.2081,-0.5104,1.1014
1.7526,5.2146,2.0279,-0.7990,1.1271,1.3261,-2.6600,1.8364,4.4484,-1.8763,-1.0837,0.2581
2.6647,3.4500,4.7788,-2.1815,2.8759,1.6759,-1.7478,0.7614,4.8770,-2.9503,3.5513,-0.7057
4.1875,1.9704,8.5234,-2.6097,1.7087,1.0576,-4.7142,-1.8627,5.8179,-2.8136,3.4190,-1.4103
3.9313,0.2825,8.1906,-2.6632,-0.1503,0.5612,-2.2122,-3.0239,6.1052,-1.7433,-2.1729,-2.3601
4.4748,-0.8882,9.4308,-2.8934,-1.0520,-0.2421,-0.2155,-5.2601,7.1635,-1.0335,-0.5865,-4.3651
5.1763,-1.9034,9.7564,-2.7306,-1.9766,-0.5697,-3.5171,-9.1866,9.1195,-0.2964,-0.0727,-4.3657
5.1308,-2.7174,13.3094,-1.8161,-2.6809,-1.7694,-3.1939,-11.4610,12.5025,2.1859,-1.1742,-4.3657
4.5226,-1.5467,12.5600,-0.0377,-2.5452,-1.7988,-8.1594,-12.6462,10.1921,2.6167,0.1368,-4.0578
5.7365,-1.7190,10.8840,1.1952,-1.0180,-2.3297,-7.6567,-11.8274,10.8002,3.1042,1.2857,-1.1262
3.3998,-0.7614,9.9383,2.7327,0.1691,-2.7223,-5.5067,-9.0022,5.8873,3.3529,2.3379,0.4275
2.4900,0.8523,6.5266,2.6799,-0.0433,-2.2709,-5.4085,-6.5410,4.5203,2.6769,1.8643,1.7904
1.8004,2.5115,8.0589,2.9379,0.8759,-1.6855,-6.1746,-5.4540,5.4181,2.4130,2.0777,2.8538
1.7382,3.2944,5.7485,3.7421,1.3797,-1.3006,-5.6814,-3.1651,3.0742,1.9835,2.1256,3.3889
0.1484,4.6687,3.6847,3.2134,1.5071,-0.2930,-4.7716,-0.5890,1.7933,1.2416,1.3648,3.2698
-0.8811,6.4189,2.3918,2.9246,2.5467,0.4493,-7.6878,0.1413,0.0862,-0.3978,2.1843,4.3513
-1.9010,6.6176,1.0942,1.9577,3.8229,2.0422,-5.4013,2.1045,-1.5562,-2.4145,0.7476,4.3656
-1.2091,6.0094,-0.4884,0.2126,4.3656,3.1773,-2.7797,3.3303,-1.2641,-4.3657,1.4079,3.9751
0.1437,4.4891,3.2561,-2.3938,4.3656,3.2245,-3.7996,0.7015,0.8356,-4.3657,2.8469,2.9917
1.3695,1.3791,5.1930,-3.9490,2.6850,3.0102,-0.0910,-1.3886,3.3423,-4.3657,-0.1997,1.1205
8.7628,-1.9656,13.3644,-2.9203,0.3647,-2.7419,-1.2498,-8.2600,10.3789,0.2302,4.3656,-4.3657
2.1883,-0.3903,12.2870,-0.8998,-3.5483,-3.7177,-7.9631,-12.2392,9.0812,3.6468,-0.7667,-4.3657
0.7207,-0.4812,12.5576,0.7266,-1.1493,-3.4720,-10.1155,-12.0907,6.0741,3.4695,2.9733,-3.0298
-0.0862,0.3903,10.0269,1.9175,-1.1045,-2.6584,-9.9048,-9.8809,3.8547,3.2965,1.1130,-0.4912
0.4884,1.4844,9.4930,2.1869,-0.7653,-1.7375,-7.8458,-7.3047,5.5426,2.9679,0.4331,1.0190
1.2809,2.1668,7.8793,3.1509,0.0398,-1.5196,-6.3279,-5.1499,4.7908,2.7849,1.7920,1.9914
0.7877,3.3710,7.6830,3.3794,0.1569,-1.2732,-6.0717,-4.1396,5.6192,3.0515,1.1258,2.6380
0.6800,3.8355,6.1076,4.2698,0.0132,-0.8564,-6.2752,-2.2889,2.1620,3.1457,1.0980,3.4292
-0.3304,5.6240,2.0231,3.7104,-0.1757,0.1077,-4.8267,1.4940,-1.3312,1.5747,-0.7316,3.9338
-3.1460,8.4515,0.2179,3.3189,1.9339,1.6842,-5.3247,4.2880,-3.8403,-0.7369,-0.4383,4.3656
-1.6903,6.4811,-5.6647,1.6479,4.3656,3.9426,-4.2952,1.9944,-4.6926,-4.3657,1.0928,4.3656
4.3766,2.8132,-0.9481,-2.9443,4.3656,3.0582,2.4541,-0.8523,6.6726,-4.3657,3.3481,3.9599
2.2386,1.6951,6.8402,-4.3657,4.3656,1.9016,0.3543,-2.2218,13.3429,-4.3657,4.3656,-0.0246
4.4748,0.0407,13.8505,-4.3657,2.0829,0.9718,-1.2234,-2.4205,8.5641,-3.1365,2.7679,-2.7749
7.4005,0.3759,11.2168,-3.5739,-2.0575,-1.3042,-1.7621,-5.8442,11.5760,-0.4671,-2.9497,-4.3575
4.1970,0.1341,13.3285,-2.5466,-2.1238,-2.6325,-1.8340,-9.6199,15.0308,1.3582,-0.2186,-4.3657
2.6887,0.4381,15.7036,-0.5180,-2.2977,-3.3622,-8.1690,-11.9303,8.7149,3.4827,3.6393,-4.3657
1.4006,1.9082,11.6526,0.6804,-4.1833,-3.5906,-12.0452,-11.6669,7.4316,4.3656,-0.3451,-3.2030
0.0215,2.3248,10.6542,1.3527,-1.8187,-2.6889,-8.8346,-8.9304,5.7581,3.6597,0.2825,-0.6217
0.7350,2.3798,8.5162,2.1954,-0.5729,-2.5542,-8.2528,-7.1228,4.8818,2.9745,2.6914,0.7480
0.0838,3.9433,7.0605,2.4888,-0.1717,-1.5609,-7.8027,-3.9840,3.5602,2.5459,1.7901,2.0783
-0.7183,4.5681,5.1020,2.5524,0.0653,-1.1282,-6.5960,-1.8651,0.8164,1.8650,0.6868,2.5222
-0.9553,5.1930,5.4731,2.3974,0.4694,-0.5403,-8.2815,-1.8268,3.2250,1.2981,0.7464,2.7042
-2.4756,7.4101,0.7254,1.8933,0.7582,1.3554,-5.7676,3.2058,-2.7533,-0.8378,-1.1486,4.0454
-1.2977,7.3741,-1.6903,0.5235,1.9978,2.7239,-3.2202,4.6064,-2.1715,-3.2353,-0.9863,3.8452
0.8332,5.9975,-2.7342,-1.6423,4.2451,3.3390,-0.9888,3.1771,-0.4334,-4.3657,0.9495,3.4645
2.4205,3.3064,-0.0742,-3.9455,4.3656,2.9842,2.5067,1.0175,4.7692,-4.3657,1.1525,1.9482
4.3144,0.7111,2.6264,-4.3657,3.6440,1.9401,5.0254,-0.4501,8.5545,-4.3657,1.3927,-0.5517
8.2289,-1.5778,7.1826,-4.3657,2.0095,0.4517,4.5203,-4.7166,11.2216,-4.3657,2.8414,-4.3657
7.7692,-4.1611,15.7203,-4.3657,0.6078,-1.9291,0.9337,-10.6422,12.9526,-2.3174,4.3656,-4.3657
6.3710,-2.8180,19.6061,-3.3128,-3.8582,-3.9427,-6.5577,-15.8089,13.9343,2.5899,0.8184,-4.3657
1.0151,-2.4828,18.2654,-0.5688,-3.6760,-4.3657,-12.7611,-17.4465,11.0780,4.1851,-0.7701,-4.3657
2.1763,-3.1220,10.9726,1.4057,-1.6752,-4.1304,-8.7388,-14.3149,7.0533,4.3656,2.0248,-1.3560
-1.1061,-1.5419,10.8338,2.3615,-0.5758,-3.8853,-7.3646,-11.4706,5.1308,4.3046,2.6529,0.2723
-0.1987,0.5411,8.7771,2.6765,-0.3665,-2.4784,-6.8546,-8.4515,2.8252,3.8343,1.5661,2.5026
-0.4621,1.4509,8.9256,3.2652,0.6506,-1.7701,-6.2106,-5.7509,2.5091,3.2595,1.2521,1.5138
-1.1181,2.8946,5.9328,3.7446,1.3035,-0.6981,-7.2209,-3.7924,0.7350,2.1811,2.3020,2.6156
-1.2833,4.2641,4.2689,3.2799,1.6775,0.4477,-6.6511,-1.7166,0.1748,0.7863,0.8974,3.1553
-1.1157,6.1435,3.8499,3.1180,2.7940,1.8323,-7.9440,-0.3112,-0.2753,-0.9077,1.7213,3.9089
-1.8962,6.3183,2.3080,2.4543,4.2008,3.0417,-6.0837,0.7805,-1.9465,-3.3396,1.4392,4.3656
0.5602,4.9440,0.9337,0.4275,4.3656,4.1390,-4.1755,-0.1341,2.0542,-4.3657,0.8172,4.3656
2.9233,3.9097,2.4924,-1.5821,4.2161,3.2258,0.8188,1.0918,7.1132,-4.3657,0.5363,3.9365
4.1875,2.9760,5.2864,-2.7190,2.4269,1.8151,2.7485,2.4181,7.6806,-4.2245,0.8160,0.6049
5.1188,2.1237,6.5649,-3.7864,0.7887,0.4900,1.5036,0.0096,7.7859,-3.3297,0.3104,-2.4197
5.4061,1.1109,7.8123,-4.1508,-0.2956,-0.8573,-2.2936,-4.4939,10.3046,-2.1113,0.1795,-4.0108
4.1396,0.2203,10.5800,-3.8284,-0.6447,-2.2423,-1.8747,-5.8227,10.3286,-0.4470,0.6174,-4.3657
4.2808,-0.4645,12.7994,-2.8963,-2.1077,-3.1942,-5.0566,-10.0149,10.8936,1.8405,0.8796,-4.3657
2.2601,-0.1652,14.9925,-1.3006,-3.3605,-3.7161,-10.3406,-11.5951,9.5529,3.3373,0.5945,-4.3657
1.4916,0.2610,12.3206,0.0727,-2.8009,-3.7162,-12.4762,-11.9016,8.7245,3.9210,-0.1808,-1.5731
-0.4597,0.1556,13.0340,1.7642,-1.7516,-3.3889,-8.1092,-8.8992,4.8722,4.1745,0.7370,-0.9407
-0.9409,1.4796,9.0764,2.3001,-0.6251,-2.3875,-10.2280,-7.4148,3.4213,3.1376,1.3474,0.2272
-1.2091,2.7342,8.0876,2.5258,0.1268,-1.3660,-10.3765,-5.8873,2.1404,2.2292,1.0463,2.2603
-1.8172,3.8044,6.6176,2.7844,1.4277,-0.2693,-7.3837,-3.2010,1.4078,0.8747,0.7394,3.4430
-1.5969,4.6855,4.1659,2.5718,3.1637,1.3523,-9.2560,-2.4972,1.0199,-1.1414,2.1686,4.0846
-1.7645,4.8387,3.1915,1.4097,4.3656,2.2969,-5.7652,-0.8284,0.6225,-3.0042,2.0816,4.3656
-2.5163,4.6567,3.7948,0.3068,4.3656,2.8364,-4.4365,0.2993,1.4413,-4.3032,2.8086,4.3656
-0.8045,3.6943,4.2784,-1.0379,4.2397,2.9747,-2.7725,1.3575,2.1045,-4.3657,2.2124,3.2063
0.9816,2.7797,3.9409,-2.4388,2.1257,2.2079,-0.5818,1.4988,3.9744,-4.3365,0.0256,1.0256
2.4995,1.8747,5.2218,-3.5045,0.5092,1.1848,-0.1652,-0.2107,5.6383,-3.7134,-0.3828,-0.8427
6.1555,-0.3232,9.5624,-4.3657,-1.5010,-0.3166,2.9377,-3.1196,12.4786,-1.7997,-1.0841,-4.2517
6.5936,-0.0311,10.7619,-3.8497,-3.5244,-2.1444,-0.3615,-6.9599,11.4060,0.3777,-0.6193,-4.3657
4.0773,0.4788,15.1864,-2.8025,-3.4260,-2.8618,-7.6686,-11.7771,13.1442,2.0002,-0.4549,-4.3657
3.2058,0.2825,14.7148,-0.9670,-2.3655,-3.7046,-9.6558,-12.7276,10.9822,3.3919,0.7625,-4.3657
1.3934,-0.1724,12.5265,1.3688,-1.1337,-3.3845,-13.8816,-12.9143,8.1642,3.6509,2.2374,-1.7531
-0.0766,-0.1963,10.4459,2.2673,-0.5353,-3.2436,-6.7947,-8.9878,4.5897,3.8652,0.9018,0.1218
0.2777,0.8404,9.3158,2.6309,0.3928,-2.5635,-8.6000,-8.1954,5.1164,3.2097,2.7143,0.9378
-1.6257,2.2482,8.9639,3.4593,1.0263,-2.1979,-8.1738,-5.8945,2.3176,3.1597,2.5070,2.2844
-3.0550,3.7182,6.9121,3.8748,1.1756,-1.3067,-9.2943,-3.9792,0.3184,2.5832,1.5055,3.0302
-4.5466,5.2720,3.6176,3.9547,2.1461,-0.0893,-6.8426,0.0024,-3.4429,1.2951,1.5864,3.7915
-5.2122,6.8235,-0.9457,2.8778,3.2626,1.7459,-7.5034,2.0423,-5.6767,-1.4594,1.2111,4.3656
-3.8188,6.2537,-2.9880,0.3569,4.3656,3.0998,-2.9449,4.2880,-3.3543,-4.0865,0.8893,4.3074
-2.2290,4.7716,-1.3503,-2.4729,4.3656,3.2931,-1.4748,4.6615,-3.8092,-4.3657,2.5074,2.9425
0.6943,1.5682,1.0558,-4.3657,2.8051,2.6977,2.6743,1.4629,-1.3431,-4.3657,0.0667,0.3858
4.3096,-1.6903,1.7837,-4.3657,-0.9238,1.8940,8.9639,-2.4493,8.5449,-4.3657,-3.2319,-3.1272
8.2600,-4.3622,5.8921,-4.3657,-1.0391,0.3798,5.9759,-9.4954,10.6326,-4.3657,-0.6892,-4.3657
8.2480,-6.6248,18.8208,-4.3657,0.0218,-2.5389,-1.2929,-16.7474,13.6039,-2.2850,4.3656,-4.3657
3.3854,-3.5243,19.6127,-2.3970,-1.9457,-4.2350,-15.3923,-19.6133,14.2359,2.7095,4.1426,-4.3657
1.6496,-4.6663,15.7730,1.7231,-1.6938,-3.9181,-15.3708,-19.6133,9.4882,4.3656,-1.1098,-1.0841
-0.5195,-4.6040,9.4978,2.8827,-0.3236,-4.3657,-4.2473,-12.1817,1.8627,4.3656,1.8558,1.2488
-2.6552,-2.1213,8.1475,2.4793,0.2434,-3.2818,-3.8595,-8.4420,-0.2466,3.3709,3.2081,0.3465
-3.0047,2.0327,9.1028,2.7330,0.5037,-1.5432,-7.9942,-5.8347,1.4054,2.4512,0.8643,2.5933
-3.7086,3.4620,6.9504,3.7510,1.5878,-0.4243,-8.9040,-4.4197,1.3551,1.6986,1.7966,3.1397
-4.0486,4.0606,5.6192,3.9362,2.7294,1.1598,-6.5050,-1.5921,-1.3503,0.9980,1.5655,3.5501
-3.1508,4.5179,1.7645,3.3839,3.0651,2.3302,-8.3175,-0.6009,-4.4676,-1.2055,1.7921,4.3656
-2.2769,4.7812,-1.1061,1.0383,3.3843,3.1392,-3.4381,1.7119,-2.5666,-3.3508,-0.3866,4.3656
-1.1253,3.9959,0.3184,-1.7036,3.9438,2.9278,-1.0415,2.8778,-0.0024,-4.3657,1.4432,3.1499
4.6040,-0.9050,6.0813,-4.3657,-0.6075,0.1805,0.9625,-4.4939,8.3103,-3.6712,-0.5024,-4.3657
7.8290,-3.7948,13.6278,-4.3657,-2.0668,-2.1005,0.3926,-9.8474,13.8169,-1.1382,0.6823,-4.3657
3.5314,-2.1620,17.5710,-2.5919,-4.3519,-4.2623,-7.6088,-14.1856,13.1178,3.0386,0.2485,-4.3657
0.9194,-1.2689,17.2742,-0.8675,-4.2799,-4.0681,-12.7132,-15.9933,9.9551,4.2526,-1.6425,-4.3657
1.0247,-2.3415,12.4594,1.2550,-1.9854,-4.0035,-10.4148,-14.4658,7.8650,4.3656,1.3757,-1.2757
0.0263,-1.5802,10.7069,2.3585,-0.3553,-3.4611,-6.6822,-10.0652,3.7996,4.0290,1.8778,-0.0444
-0.5890,0.3160,9.4499,2.6217,-0.4066,-2.5415,-8.6167,-8.1810,3.0526,3.3709,1.7732,0.6106
-0.0479,1.1636,9.0501,2.9884,-0.1099,-1.9360,-9.5481,-7.2616,3.0813,3.2715,1.1973,2.4383
-1.1971,2.8252,7.3861,3.4749,0.3625,-1.2927,-5.3917,-3.5434,2.6432,2.7773,0.2527,2.7127
-1.7310,4.2784,7.0054,3.4328,0.7898,0.0051,-9.1315,-2.7246,-0.3855,1.7404,1.5495,2.6346
-3.7230,5.3678,3.7565,3.4302,1.5216,1.5965,-8.9280,-0.6584,-3.2489,-0.2399,-0.3961,4.3656
-0.6608,1.9441,4.3934,-3.3131,4.3656,3.5645,-1.3479,-0.7757,4.4317,-4.3657,4.3656,2.9246
0.8475,0.5770,7.8314,-4.3407,4.3656,2.7580,-1.2546,-1.5371,5.8562,-4.3657,2.4808,0.2703
3.9863,-1.2306,7.2042,-4.3657,0.9705,1.2899,1.7262,-2.9185,7.0126,-4.3512,-0.6692,-2.3835
5.6168,-2.6073,9.3781,-4.3657,-1.2133,-0.4473,0.9170,-6.9001,9.4978,-2.6157,-0.8801,-4.3657
5.7940,-3.5003,12.7731,-4.3657,-1.1498,-1.9095,-3.3495,-11.0971,11.0612,-0.7915,2.0198,-4.3657
3.7637,-3.5674,16.6038,-2.5963,-2.4489,-3.8007,-6.0478,-13.9438,12.9335,2.1481,0.4179,-4.3657
1.7813,-3.3615,17.0922,-0.1783,-2.6855,-4.2595,-11.0540,-16.3117,10.4627,4.0823,0.6921,-4.3657
1.0989,-3.2058,12.5432,1.7953,-1.6918,-4.3132,-9.4116,-14.0468,6.1938,4.3656,1.3324,-1.4008
-0.9864,-2.1261,10.1610,2.5953,-0.8407,-3.7530,-7.9535,-11.0588,2.9664,4.3451,1.6208,0.2499
-1.9968,0.1149,9.4691,3.0205,-0.2174,-2.5959,-9.3063,-9.0788,2.3511,3.5454,2.1310,0.8970
-2.2146,1.8986,8.3462,3.6295,0.9558,-1.4994,-8.8609,-6.1148,0.8859,2.9743,1.4802,2.4696
-2.8706,3.1340,4.6663,3.7987,1.3279,-0.1486,-8.7747,-4.2617,-1.3384,1.5339,1.3102,3.7866
-2.5235,4.0055,4.2808,2.8326,2.0650,1.2264,-5.8945,-1.0630,-1.7286,-0.1010,0.6181,4.2170
-1.5371,4.7980,0.9936,1.9484,2.4910,2.1505,-4.4029,1.1492,-1.1444,-1.8686,0.5105,4.2814
-2.2960,4.7908,-0.8021,-0.2674,3.2578,2.9896,-2.7270,2.4852,-3.1963,-4.0245,0.2326,3.3165
-1.5155,3.0311,-0.9864,-2.9318,4.3481,3.0341,-0.6728,1.8052,-1.6065,-4.3657,1.6843,2.1949
-1.7885,-1.1372,0.6680,-4.3657,4.3656,2.4504,0.5794,-1.9656,-2.3415,-4.3657,2.5387,-0.3074
0.8380,-5.8993,5.3774,-4.3657,1.8903,1.6172,2.4756,-7.8985,2.5283,-4.3657,1.7968,-3.9722
1.9321,-6.2417,16.9773,-4.3657,-0.7617,0.5512,-9.0860,-17.1305,13.5919,-4.1158,2.0733,-4.3657
4.7812,-5.8083,19.6127,-2.1321,-0.7923,-0.0859,-16.4697,-18.5551,15.0428,1.2752,1.5633,-3.0461
4.9584,-6.1794,14.9973,1.6164,-2.1414,-3.1364,-5.7006,-13.1897,9.6343,4.0269,-2.7639,-0.3635
2.1332,-5.9209,10.8242,2.1023,-2.3968,-4.0290,-1.8747,-11.2551,6.5553,4.3656,-0.2429,-1.7670
-0.0670,-4.0079,10.2999,1.9825,-2.2691,-4.3657,-4.9823,-10.7212,4.0965,4.3656,2.0242,-2.5125
-0.3903,-1.9321,8.4683,1.9397,-2.0422,-4.1719,-8.7053,-10.5704,3.3806,4.3656,0.4109,-1.6064
-1.9704,-0.0670,9.6869,2.3026,-1.0901,-3.4101,-8.3869,-8.4180,2.3607,4.2439,1.4741,-0.2931
-2.4229,1.9680,8.6526,2.9472,-0.2575,-2.2663,-12.4235,-7.9392,2.1117,3.2762,1.5464,1.6907
-3.0742,2.9880,6.8929,3.4516,1.1127,-0.8857,-8.5377,-4.1468,-1.1253,2.2473,0.7288,2.8986
-3.1149,3.9265,3.7278,3.0954,2.1282,0.3821,-7.1443,-1.6496,-2.7174,0.3039,1.4176,4.1363
-2.7007,4.4029,2.0877,1.7733,2.6072,1.7702,-5.2361,0.1867,-1.4533,-1.9361,0.4138,4.2878
-2.8683,4.6352,1.2833,0.2821,4.1387,2.6113,-3.3639,1.6305,-0.0742,-3.3225,1.4286,2.9603
-2.6767,3.6966,0.4860,-1.5956,4.3656,3.0024,-4.5274,0.8428,-1.3120,-4.3657,3.6978,2.1803
-2.6647,1.6712,2.8371,-3.6023,4.3656,2.7779,-2.9090,0.0144,-0.6560,-4.3657,2.9511,0.7049
-1.2977,-0.8619,4.5897,-4.3657,4.1355,2.0563,-2.0423,-2.7150,0.2849,-4.3657,2.3966,-1.5603
-0.6584,-3.3543,8.6024,-4.3657,1.5179,1.0142,-2.3918,-6.6583,3.1340,-4.3657,1.3351,-3.8521
0.1341,-3.7924,12.5767,-4.3657,-1.7644,0.3130,-5.1978,-10.1969,8.5976,-1.8373,-0.8108,-4.3657
3.4740,-4.1755,13.5272,-3.4753,-3.0379,-1.4085,-6.8402,-12.1362,7.5872,0.6283,-1.2381,-4.3657
2.5881,-5.1020,15.3349,-1.4774,-3.0358,-3.1436,-5.9328,-14.8129,12.1051,2.5110,-1.1626,-4.0313
1.9824,-4.9536,14.9494,0.8696,-2.0716,-3.8091,-8.9567,-16.0076,9.1698,4.3597,1.3483,-2.8017
1.1444,-5.0398,11.5496,1.9961,-1.6567,-4.3657,-6.8546,-13.8505,5.1499,4.3656,1.4537,-0.7442
-1.4437,-3.6296,10.7739,2.6373,-1.3055,-4.1796,-6.9647,-12.3469,2.5738,4.3656,1.6089,-0.1752
-1.8579,-2.1117,10.2208,3.0962,-0.5420,-3.3537,-7.2305,-10.5249,2.3750,4.3656,2.0748,0.6111
-1.7214,-0.4405,8.7867,3.6120,-0.1933,-2.8594,-8.3917,-8.5305,1.6352,3.9778,1.8455,1.5888
-2.8180,1.5083,7.6638,3.8713,0.2455,-1.7724,-7.8745,-5.6455,-0.2490,3.3088,1.5011,2.1225
-2.4852,3.2417,5.8059,3.9896,0.8464,-0.7623,-7.9368,-3.7972,-0.5076,2.2901,1.2340,3.6667
-2.5905,4.1252,3.6009,3.6908,1.8257,0.3324,-5.6695,-0.4788,-1.9944,0.8346,0.7127,3.2506
-2.2577,5.4420,1.3120,2.2216,2.2964,1.3887,-6.6631,0.5890,-1.9896,-1.1800,1.0810,3.7060
-2.7845,5.5689,1.0223,0.8404,3.2636,2.3002,-4.7118,1.9345,-1.1588,-2.9236,0.7710,3.3795
-2.3655,5.1404,0.4956,-0.8978,4.3263,2.7406,-4.3263,2.0830,-1.5874,-4.3657,1.9564,2.9318
-1.3240,3.3447,1.2761,-2.9195,4.3656,2.5614,-0.9768,2.0303,0.8428,-4.3657,1.3639,0.9373
3.6536,-1.6161,6.9456,-4.3657,1.4081,0.5678,0.3448,-5.5450,8.9399,-4.3657,0.2049,-3.9106
4.9608,-4.0965,15.0859,-4.3657,0.5822,-1.5296,-2.6983,-10.8050,12.0620,-2.1278,2.8365,-4.3657
1.6376,-3.1340,18.9645,-2.4032,-2.3008,-3.4062,-9.5122,-15.1553,10.7667,2.3081,2.0199,-4.3657
-0.6369,-3.0789,16.5128,-0.2186,-3.4767,-3.9046,-12.0428,-15.3995,6.6391,4.3335,-1.4465,-3.8275
-1.5610,-4.0677,12.4546,1.5360,-2.4748,-4.2781,-8.1499,-14.5208,6.2225,4.3656,0.8464,-2.0225
-2.2458,-3.9337,11.1570,2.3646,-1.5083,-4.1490,-6.9695,-12.7850,1.5107,4.3656,2.1677,-1.0464
-2.3415,-2.3727,10.4435,2.6292,-1.8902,-3.6567,-7.3598,-11.0325,2.2122,4.3656,1.0024,-0.2233
-2.7533,0.2203,9.0261,3.0390,-1.2828,-2.8911,-8.8801,-9.0812,1.1181,4.1628,1.3403,0.9338
-2.4397,1.9704,7.5944,3.4753,-0.2010,-1.8738,-10.3214,-7.4508,0.7422,3.2006,1.6104,2.3982
-3.7230,3.4237,6.3470,3.6238,0.7586,-0.6278,-7.8386,-3.9337,-1.0678,1.9910,0.7119,3.3332
-2.9736,4.7309,3.8140,3.1882,1.8446,0.7762,-8.3007,-1.7238,-2.5426,0.2815,1.3763,3.7242
-3.7613,5.2960,1.9441,2.1281,2.8998,2.2107,-5.7317,0.6991,-2.7988,-2.1079,0.4887,4.1119
-2.1237,5.0494,0.2059,0.0807,4.3130,3.1012,-3.9241,1.6879,-0.9266,-4.1372,1.2866,3.0659
-1.2210,3.7781,1.3791,-1.9385,4.3656,3.0001,-2.7318,1.6735,0.0263,-4.3657,1.9732,1.8010
-0.1508,2.2146,2.8276,-3.8119,3.6613,2.2832,-0.0287,0.8188,1.1947,-4.3657,0.3905,-0.3520
4.0031,-1.6448,5.3606,-4.3657,1.0384,1.2175,2.2625,-4.3622,8.2289,-4.3657,-0.6384,-3.5022
5.4372,-2.9951,13.0532,-4.3657,-0.5361,-0.9397,-1.2857,-8.9184,12.9167,-2.1649,0.9884,-4.3657
4.5370,-2.1117,17.4322,-3.3348,-2.5341,-2.6481,-6.3183,-12.1506,12.5169,1.2434,0.8941,-4.3657
1.5443,-0.9816,16.1633,-1.1506,-3.6423,-3.4727,-10.2807,-14.2910,10.2208,3.3774,-1.0176,-4.3657
1.8244,-1.5969,13.5368,0.8511,-2.6189,-3.9261,-8.8873,-13.2902,9.4810,4.2653,0.9558,-2.1396
-0.3496,-1.9992,10.4722,2.0591,-1.3348,-4.0425,-6.4763,-11.0947,4.4484,4.3656,2.0419,-0.8684
-1.0032,-0.6129,9.3087,2.1180,-1.4305,-3.7334,-5.1547,-8.3869,2.8754,4.2010,1.5716,-0.6576
-1.3168,1.1516,8.4276,2.1987,-1.0063,-3.1351,-8.2313,-7.8578,2.4828,3.5994,1.9321,0.0534
-2.0303,2.8898,8.2768,2.5379,0.0369,-2.2394,-10.1730,-6.7373,1.6017,2.7839,2.0029,1.5495
-2.9209,3.7158,7.7381,2.9628,0.7374,-1.2891,-9.1626,-4.9321,1.4940,2.0113,1.4512,2.5536
-3.0071,4.3790,5.7102,3.1232,1.5477,-0.2765,-8.8585,-3.2417,-0.8667,0.9625,1.5497,3.5168
-3.0550,5.6743,4.0247,2.4896,2.2255,0.8988,-8.1235,-1.2091,-1.0032,-0.5328,0.7542,4.3656
-3.3926,5.8179,1.6975,1.6205,3.2592,2.0446,-5.2553,1.6328,-2.1189,-2.3746,0.8905,3.9230
-2.6049,5.6455,0.8164,-0.3675,4.0953,2.8000,-4.7597,2.1237,-0.5076,-4.2571,1.4914,3.7431
-1.7334,4.4101,1.4174,-2.0150,4.2467,2.8980,-2.6552,2.4349,-0.6009,-4.3657,1.4693,2.3783
-0.9098,2.0542,1.6472,-4.3372,3.7317,2.3960,-0.0934,1.0080,-0.0192,-4.3657,1.0725,-0.0640
1.0008,-0.4190,4.2737,-4.3657,2.3718,1.6422,0.2490,-3.0885,4.6424,-4.3657,1.0050,-2.9152
2.3559,-1.9968,9.9311,-4.3657,1.3155,0.7969,-2.8371,-7.6854,7.3789,-4.3657,1.9529,-4.3657
3.7924,-2.9928,15.4354,-4.3657,-0.5043,-0.4147,-6.6798,-11.6909,11.6191,-1.8386,1.1806,-4.3657
3.8403,-2.6432,17.6955,-2.6863,-1.9601,-2.3286,-8.6886,-13.5272,12.6342,1.5761,-0.0456,-4.3657
2.4349,-3.0023,15.2199,0.3328,-2.6905,-3.4343,-8.4898,-13.7331,11.0995,3.8963,0.3064,-3.2298
1.4222,-3.5626,11.7316,1.4698,-2.1757,-4.3657,-5.9161,-12.5169,7.5633,4.3656,1.3800,-2.0430
-1.3192,-2.9209,10.1370,2.3657,-1.5619,-4.3657,-5.1356,-10.7332,2.3248,4.3656,2.4499,-1.7240
-1.5227,-1.6831,8.3127,2.0769,-1.9613,-4.3657,-5.7796,-9.2033,1.9369,4.3656,1.4349,-1.5028
-2.6647,0.6752,8.9519,2.0544,-1.2345,-3.9915,-8.7436,-8.9399,2.4349,4.2326,2.4793,-0.8659
-3.7876,1.8723,8.4874,2.7901,-0.0405,-2.9675,-10.5872,-7.8290,-0.6249,3.5126,2.5622,0.8482
-3.6224,3.0406,7.6950,2.7518,0.4382,-1.7605,-10.5656,-6.3135,0.5124,2.2763,1.4003,2.1690
-3.0047,3.5889,6.8953,3.2495,1.2436,-0.7746,-7.4555,-3.3998,-0.0886,1.5665,1.3340,3.4156
-3.7493,4.4269,3.7996,2.7833,1.7090,0.4092,-7.9104,-1.5754,-1.7549,0.0770,1.2361,2.8090
-2.2122,5.2026,4.7884,1.8058,2.6476,0.9639,-7.8147,-0.6009,1.0175,-0.7614,1.9191,3.0217
-3.5482,6.2560,4.7525,1.7439,2.8706,1.3426,-8.0062,0.3256,-0.3232,-1.5326,1.3566,3.4439
-3.5338,6.4883,2.3176,0.9485,2.7458,2.4701,-9.3350,0.3903,-0.6895,-2.8202,0.6853,3.4797
-2.5091,6.0262,1.0175,0.0205,4.2378,2.7584,-5.7126,1.5538,0.7446,-4.1211,1.3447,4.3259
-2.6695,5.2385,0.5914,-1.5552,4.3656,2.5367,-3.4022,3.8499,-1.1157,-4.3657,2.7359,2.9728
-1.9178,4.1468,2.4565,-3.5999,4.3656,1.8591,-1.2163,3.3686,0.2035,-4.3657,3.0931,0.2218
-0.4477,2.1883,4.4293,-4.3657,2.3377,1.3089,-0.8212,0.6464,2.4780,-4.3657,0.5729,-2.6033
3.5530,-0.2227,6.7588,-4.3657,-0.5143,-0.0009,-0.2993,-2.9497,6.4117,-3.1658,-0.4762,-4.3657
3.7302,-2.5139,18.6293,-3.2290,-3.8942,-4.3657,-8.3773,-17.0635,13.3166,3.1748,0.5545,-4.3657
-1.2139,-2.7031,11.2384,2.0334,-1.3652,-4.3657,-5.6312,-11.8441,1.8938,4.3656,1.9164,-0.5069
-1.9058,-0.5938,9.4595,2.6855,-0.2631,-3.5935,-8.3653,-9.1674,1.0175,3.9265,2.6525,-0.0248
-2.6528,1.3982,8.3629,2.9521,0.5861,-2.5952,-10.4651,-7.7716,1.7813,3.1331,1.8867,1.7182
-3.7685,2.5283,7.6495,3.7161,1.3166,-1.8852,-8.9591,-5.0278,-0.6249,2.7713,2.3697,2.7282
-5.3319,4.2066,5.8035,4.0518,1.4017,-0.4072,-10.7141,-4.2162,-2.5953,1.7423,1.3739,3.7138
-5.6719,4.7453,3.5386,4.1144,2.6568,1.4097,-9.8521,-2.6073,-4.8578,-0.0867,1.3415,4.3656
-4.0917,4.6328,-0.8811,2.7559,4.0947,2.8019,-4.3024,1.4676,-5.6360,-2.7514,0.3074,4.3656
-3.0263,4.8985,-1.7166,-0.3575,4.3656,3.1604,-2.5139,1.8148,-0.1652,-4.3657,2.1881,4.3656
-3.0454,3.7038,2.2266,-2.2989,4.3656,2.8990,-3.2058,2.1284,1.5107,-4.3657,4.1038,2.4697
-2.3583,3.5554,4.7166,-3.5048,4.3656,2.3816,-4.9057,0.9409,3.2250,-4.3657,3.5723,0.6444
0.6273,2.7725,7.6686,-3.7577,3.0775,1.4719,-5.6623,-0.5746,6.0741,-4.3461,2.0478,-0.5450
1.7119,2.0016,11.3892,-3.5987,0.5060,0.1291,-4.6902,-1.8890,8.3893,-2.0880,0.6063,-2.5748
3.1532,1.3192,11.3940,-3.0834,-1.2368,-1.2418,-3.4716,-3.0694,7.6974,0.0119,-0.6884,-4.3657
3.4165,0.5028,12.0380,-3.3021,-3.3413,-2.9994,-4.5873,-6.9312,10.1059,1.7381,-1.0551,-4.3657
0.9026,0.3136,16.3859,-2.3465,-4.3657,-3.6620,-6.4907,-9.5720,10.1897,3.7537,-1.7629,-4.3657
0.3950,0.7039,12.7467,-0.9864,-4.3657,-3.8151,-12.8928,-12.8545,8.5832,4.1110,-1.3227,-4.3657
0.1915,-0.3400,12.0309,-0.1992,-3.9526,-3.9031,-8.3941,-11.7531,10.4124,4.3656,-0.5939,-2.9881
0.8882,-0.1532,12.9167,0.9714,-3.1957,-4.1456,-9.1554,-11.1929,6.1004,4.3656,0.6785,-2.2254
0.4046,0.0742,11.3485,2.0338,-1.7981,-3.8093,-9.1913,-10.1059,5.7916,4.3656,1.2814,-0.5764
0.8068,0.8140,9.2296,2.4192,-1.6898,-3.3324,-8.5353,-8.0780,5.3630,4.3656,0.5685,0.7875
-0.8332,3.0622,8.3653,2.6329,-0.7757,-2.4377,-8.8370,-5.0015,1.5251,3.7671,1.2835,1.6871
-1.3503,4.6208,6.4572,3.1500,0.7209,-1.3027,-9.3781,-2.8611,0.9146,2.1926,1.4362,2.7224
-2.7845,5.7533,3.6368,3.4568,2.2425,0.1306,-8.3151,-0.8428,-0.3448,0.6182,1.5179,4.0031
-2.9137,5.8107,1.0367,2.8228,4.0751,1.6216,-5.6072,2.1069,-2.4038,-1.5623,2.2496,4.2164
-3.9911,6.5697,-2.0039,1.2077,4.3656,2.8602,-3.5913,4.3263,-5.0135,-4.2329,3.2466,3.9694
-4.2258,5.5881,-2.7294,-1.5079,4.3656,3.8721,-3.4812,3.1244,-4.5729,-4.3657,3.9023,2.9464
-3.0837,2.1739,-0.1341,-4.3657,4.3656,3.6857,-1.7023,0.7781,-2.5043,-4.3657,4.0064,0.5864
-2.0638,-2.0375,3.0071,-4.3657,4.3656,2.4285,0.2107,-3.7421,-0.6225,-4.3657,2.6750,-2.5358
1.6640,-5.0733,7.1180,-4.3657,2.0809,1.0938,-0.5076,-9.0525,5.3726,-4.3657,0.6963,-4.3657
3.9672,-6.8618,16.6493,-4.3657,-2.2254,-0.2088,-2.7318,-13.6302,13.2232,-3.2816,-0.6508,-4.3657
3.2178,-4.0270,19.6127,-3.2559,-3.8694,-2.4193,-12.0428,-18.3970,16.6229,2.2123,-0.8451,-4.3657
2.8611,-3.6966,15.4330,1.3261,-3.4235,-3.9313,-12.9191,-16.9725,11.6334,4.3656,-0.6233,-2.4095
1.1037,-4.1851,9.7755,1.9776,-2.6060,-4.3657,-3.6368,-12.1003,6.1172,4.3656,-0.6694,-0.6125
-0.5483,-3.3591,10.2783,2.0600,-1.0609,-4.2308,-4.8339,-10.5225,2.6863,4.3656,3.4968,-1.2205
-0.8356,-0.9529,8.1618,2.2592,-1.0072,-3.6699,-7.0030,-8.3582,1.8890,3.9090,1.3514,-0.4310
-2.2290,1.4054,9.4571,2.1261,-0.8737,-2.8976,-8.6431,-7.1706,2.4445,3.4583,1.2698,0.1391
-3.2561,2.3080,7.3502,2.8153,0.4465,-1.8504,-10.6973,-7.0342,0.5818,2.5081,2.0963,1.6026
-3.6607,3.3423,6.5266,2.6320,1.3053,-0.3596,-8.8131,-4.0701,-2.0135,1.0164,1.0573,2.5634
-3.9792,4.1851,4.5681,2.3643,2.4489,1.2236,-8.9591,-3.0909,-1.5730,-0.9125,1.3961,3.8736
-3.9002,4.2090,3.8523,1.5428,3.8570,2.4068,-7.8745,-2.1644,-2.7725,-2.8737,1.4658,4.2164
-2.8347,2.2889,5.8754,-2.2780,4.0661,3.0658,-6.8642,-2.5809,1.3862,-4.3657,2.3314,2.2407
-3.0071,2.1811,8.2863,-2.2827,2.2222,2.8184,-7.2472,-2.9066,2.4157,-4.3657,0.8326,2.3590
-1.1157,1.2570,7.6375,-1.7824,0.6171,2.6337,-3.8595,-1.7430,4.4101,-3.2933,-2.0693,0.5886
2.0063,1.3168,8.7460,-1.6812,-0.8528,1.4893,-4.1922,-2.2721,6.2321,-1.9822,-1.3773,-0.8632
1.9848,1.5993,9.2081,-1.1875,-1.2029,0.1970,-5.5952,-3.5913,7.7524,-0.5071,-1.2989,-1.9742
1.4150,1.7765,9.5577,-1.0918,-1.8508,-0.3828,-6.1914,-3.9169,7.1371,0.3784,-1.4863,-2.3637
2.1739,1.2450,8.0709,-1.3375,-1.6852,-0.9342,-4.3694,-3.7996,6.2321,0.5990,-1.0056,-2.9283
3.3423,-0.0144,7.6423,-2.4277,-2.0194,-1.9704,-2.3200,-4.4532,6.4260,0.5805,-0.3147,-3.9053
4.0247,-1.2330,9.4739,-3.3797,-2.8386,-3.1812,-0.1891,-6.8977,8.9256,1.3129,-0.4229,-4.3657
2.0662,-0.7638,13.2088,-2.5502,-2.9187,-3.4859,-5.9855,-11.2695,9.0237,2.4416,0.5907,-4.3657
2.6288,-0.8691,13.1035,-1.0901,-2.5575,-3.7105,-10.7236,-12.9814,8.4970,3.2177,0.8920,-4.3657
-0.5028,-0.5291,13.7140,0.5133,-1.9938,-3.7033,-10.5105,-12.3493,8.1092,3.9655,0.5424,-2.4235
0.5267,-0.4405,10.1251,1.8937,-1.1198,-2.8841,-8.9423,-10.0173,3.6224,3.7756,1.4957,-0.3556
-1.0415,0.6273,8.1786,2.1374,-0.6720,-2.2645,-6.9121,-7.1251,1.6065,2.9535,0.8982,0.8372
-0.2274,2.1476,8.1834,2.1882,0.1904,-0.9751,-8.9447,-6.5050,3.4022,1.7396,0.9547,2.0877
-0.1269,2.6839,7.7213,2.6689,1.3763,-0.2296,-7.1515,-4.4987,2.8060,1.1690,1.2300,3.1273
-0.3472,3.4955,6.7636,2.6674,1.2866,0.4550,-6.1292,-2.5331,2.7174,0.5496,0.7120,3.3945
-0.0670,4.4796,4.9584,2.5443,1.6924,1.2159,-6.4045,-1.0175,2.5642,-0.1328,0.5742,3.6941
-1.1779,5.5378,2.7102,2.0105,2.7783,1.8303,-6.6200,0.4525,-1.2570,-1.7415,1.3364,4.1037
-1.4581,5.3271,1.1851,0.3071,3.4298,2.8229,-3.7493,1.1995,0.5411,-3.8135,0.3942,4.1283
-0.8021,3.7397,0.9505,-1.5631,4.3656,3.1630,-2.2721,1.1372,0.6536,-4.3657,1.7933,3.1504
-1.2522,1.4269,3.2130,-3.8646,4.3656,2.7983,-1.4557,-0.2993,0.8260,-4.3657,2.8750,0.9250
0.8595,-0.8691,5.0302,-4.3657,3.1373,2.0796,-1.4222,-3.6775,5.4037,-4.3657,1.7776,-1.4919
1.3455,-2.1261,10.3956,-4.3657,2.3578,1.1225,-3.7876,-6.7205,6.7900,-4.3657,2.1053,-3.0322
5.0781,-4.2377,14.2311,-4.3496,-0.0184,-0.4827,-3.1508,-10.3070,11.2934,-1.5860,1.4907,-4.3657
4.1946,-4.6471,17.5375,-2.3434,-2.7543,-2.8153,-6.6798,-13.1202,12.4906,2.3747,-0.5786,-4.3657
3.1939,-3.9480,13.4339,-0.5648,-3.5197,-4.0297,-6.2369,-13.0819,8.6119,4.1621,-0.8532,-4.0588
0.9361,-3.0335,12.5600,0.4466,-3.1225,-4.2651,-7.1802,-13.3213,7.4436,4.3656,-0.0663,-3.4700
-0.2466,-2.6217,11.7005,1.5455,-1.4719,-3.8227,-10.2831,-13.2136,4.4388,4.3012,2.0723,-1.7701
-2.3822,-1.0295,9.1004,2.5389,-0.2614,-2.9573,-9.3374,-10.0293,0.9050,3.6238,1.4354,0.2900
-3.2274,0.4118,7.9464,2.5572,0.3965,-1.4450,-8.9423,-7.5800,-1.4054,2.2487,1.5387,1.9145
-3.5578,1.3408,6.5170,2.5688,1.7014,0.1448,-7.6878,-5.4396,-1.7621,0.6360,1.1643,2.8146
-3.3662,2.1907,5.2912,2.0322,2.6072,1.5306,-8.6862,-4.5514,-2.1117,-1.1971,1.4397,3.5845
-2.7007,2.3750,5.8897,1.1111,2.6701,2.5506,-7.1970,-3.4453,-0.6632,-2.5627,0.5613,3.9295
-1.6113,2.2027,5.6096,0.4126,2.6557,2.9964,-5.6743,-3.2250,1.3767,-3.5594,-0.0750,4.2321
-3.3232,2.5067,4.1851,-0.2161,3.6499,3.3678,-5.9041,-2.4708,-0.3735,-4.3657,0.8320,4.3656
-0.2274,1.3743,4.7788,-2.0701,3.7415,3.5128,-2.4995,-1.8818,3.8259,-4.3657,0.3797,3.6292
0.3903,0.1389,7.0964,-2.6775,2.5911,2.1641,-1.8747,-1.8818,5.5210,-4.3657,1.6713,0.9972
1.4246,-0.3256,9.1794,-2.8555,1.3191,0.7946,-4.5394,-3.4189,6.7062,-2.6845,0.9284,-1.1880
0.5698,-0.7709,9.7037,-2.2672,-0.3689,-0.5708,-3.4405,-4.3479,6.4931,-0.9421,0.0448,-3.0597
1.9752,-1.3551,10.3382,-2.3128,-2.0338,-1.4629,-4.2617,-7.5968,8.9088,0.8848,-0.5120,-4.3657
2.9042,-1.9106,12.4211,-1.4609,-1.9776,-2.8204,-6.1723,-10.1658,9.1004,2.6556,1.4028,-4.3657
1.5562,-1.9106,13.3285,-0.1371,-2.6016,-4.1124,-8.1235,-11.6262,7.3574,4.2685,0.6395,-4.2546
0.1532,-1.7693,12.9454,1.2188,-3.1901,-4.0389,-8.8705,-11.7005,6.5194,4.3656,0.0849,-3.0991
-1.7166,-1.6472,10.0556,2.0721,-2.4581,-3.9089,-7.9009,-10.8984,3.6727,4.3656,0.5581,-2.1374
-0.3591,-0.9601,9.7252,1.9714,-1.7998,-3.1628,-8.4132,-10.4507,4.0725,4.3007,1.1201,-0.6548
-1.0104,0.4070,10.8457,2.8645,-1.0295,-2.4160,-11.0971,-10.0149,3.4069,4.0729,1.3905,1.1930
-1.5443,1.7095,8.5497,3.5775,-0.0353,-1.4987,-8.0637,-5.8849,0.6201,3.1525,0.4114,2.5223
-1.5419,3.1484,5.2744,3.5534,0.9571,-0.4602,-9.3254,-3.9433,0.0503,1.5491,1.2797,3.5959
-3.2130,4.9440,3.5554,3.0478,2.4848,0.5580,-6.5003,-0.1628,-2.6456,-0.1488,1.1775,4.0691
-3.8259,5.2385,0.2179,1.8659,3.4187,2.0201,-4.7621,1.4437,-2.6073,-2.4160,1.0866,4.3483
-3.0646,4.9249,-0.0599,-0.3234,4.0382,2.7351,-3.6847,2.3559,-1.4485,-3.9091,1.5108,3.1986
-1.8555,4.0941,1.7406,-2.2311,3.6348,2.8422,-2.0135,2.5019,-0.9601,-4.3657,1.6124,1.7372
-0.1341,2.3463,2.0351,-3.9739,2.0696,2.7161,-0.9649,0.2658,1.2713,-4.3657,-0.1912,0.1307
3.6464,-0.4405,3.6464,-4.3657,0.4842,2.3028,1.3240,-3.8211,7.7620,-4.3657,-1.4117,-1.8856
5.1595,-3.3184,11.7938,-4.3657,1.8491,1.1238,-0.7422,-9.3925,15.0093,-3.6792,2.2890,-4.1440
6.7157,-4.2713,19.2853,-3.6587,0.4974,-1.4489,-6.6990,-12.4331,13.3429,0.6379,4.3656,-4.3657
1.3671,-2.7485,16.9174,-0.1147,-2.5366,-4.0906,-12.7180,-13.5727,7.4699,4.3523,-0.6454,-3.3721
-1.2426,-2.8299,13.8936,1.2175,-3.6509,-4.0031,-9.7612,-12.7084,6.3183,4.3656,-2.8999,-1.6375
-1.9632,-2.7246,11.4275,2.2934,-2.6382,-3.9427,-7.7357,-10.9200,2.8611,4.3656,1.4349,-1.5621
-3.0909,-0.6847,9.8593,2.6998,-2.0791,-3.3257,-11.5329,-9.5864,0.3567,4.3208,0.1438,-0.0055
-3.5434,1.8986,8.3893,3.1072,-1.4747,-1.7662,-11.6717,-7.3263,0.4693,3.2478,-0.7119,1.7388
-2.6935,3.4716,6.6343,3.1694,0.3199,-0.1427,-9.4619,-4.3670,0.0048,1.5527,0.2292,3.2904
-2.2290,4.4460,3.8259,3.0670,2.0232,1.4348,-7.2903,-1.3527,-1.5083,-0.4129,0.6360,4.2894
-1.7047,5.0757,0.7542,1.5909,2.7936,2.7864,-2.7461,1.8747,-1.4653,-2.5213,-0.3194,4.1224
-1.5251,4.5466,-1.9225,-0.5236,4.3656,3.5924,-2.8180,1.7214,-3.5482,-4.3657,1.4963,3.5216
-2.4062,-0.0048,-0.2155,-4.3657,4.3656,4.3295,1.4533,-0.5578,-0.6776,-4.3657,2.0331,1.7792
3.8571,-5.4708,2.7557,-4.3657,2.5159,3.2135,4.9967,-5.7581,3.6943,-4.3657,1.6438,-2.2150
0.9433,-7.1060,14.7100,-4.3657,1.3516,1.1107,-4.6184,-13.5177,11.0516,-4.3657,2.5329,-4.3657
5.1643,-6.6631,19.6127,-3.6235,0.4234,-0.3192,-11.0133,-16.6996,13.3764,-0.5568,3.2708,-4.3657
2.1811,-5.9951,17.1449,0.2747,-3.1860,-2.3399,-10.2017,-15.6293,11.2336,3.6084,-2.6199,-2.1329
4.9344,-5.6743,11.1139,0.9573,-3.8608,-3.0501,-3.1244,-12.1218,7.7069,4.3656,-3.1080,-1.7568
2.5762,-5.2672,10.1849,1.1020,-2.2202,-4.3657,-2.5402,-10.8122,6.1316,4.3656,1.7371,-2.6095
-0.0503,-3.2441,8.9807,1.5382,-1.8393,-4.3657,-6.0573,-10.0245,2.9329,4.3656,1.8311,-2.3923
-1.6616,-0.3448,9.7636,1.4544,-1.5238,-3.5160,-10.4315,-10.1706,3.9241,3.7882,0.7945,-0.8200
-0.8404,1.2139,9.3733,2.3896,-0.0139,-2.1377,-9.1937,-7.3382,2.0973,2.9461,1.5180,1.1259
-1.4916,2.3822,6.8546,3.0066,0.9737,-0.9549,-10.2807,-5.6862,0.5171,1.5993,1.4747,2.6510
-2.1548,3.6081,5.1068,2.6843,1.8571,0.4509,-8.4946,-3.4405,-1.0534,-0.0330,1.0897,3.8642
-2.8108,3.4884,3.7421,2.0602,3.3193,1.8925,-5.1523,-1.6975,-1.8435,-2.1095,1.0726,4.3656
-1.6640,2.1835,3.0358,0.4009,4.0596,2.8699,-2.7174,-1.1181,0.8691,-3.8295,1.3209,3.7627
-1.8675,1.6520,3.0239,-1.3780,4.2795,3.1766,-3.9959,-1.1325,-2.1715,-4.3657,2.2880,2.6159
-1.4557,-0.0192,3.0670,-3.2912,3.5577,3.2523,-1.8771,-2.3511,0.2107,-4.3657,0.5849,1.3944
2.4325,-3.8810,3.3854,-4.3657,1.9617,2.5142,1.0175,-4.6807,2.8683,-4.3657,0.5165,-0.4739
3.7637,-6.5769,8.6000,-4.3657,0.1727,0.8629,3.7900,-7.8171,7.0533,-4.3657,0.6348,-4.0597
6.3327,-7.7907,15.5025,-4.3657,-1.6686,-0.5558,-1.8292,-14.2096,11.3820,-1.6196,1.2436,-4.3657
6.3925,-6.3494,18.3013,-2.7623,-3.2171,-3.0880,-7.6854,-17.2023,14.2670,2.2896,-0.4423,-4.3657
4.5753,-5.7317,15.4282,-0.1615,-3.4873,-3.9047,-10.7428,-17.3723,12.7180,4.2899,-1.3249,-3.6464
4.0510,-6.0908,11.5879,1.3213,-1.7652,-4.3657,-4.5705,-14.4203,8.9399,4.3656,0.8988,-1.5107
-0.3663,-4.8507,10.0054,2.5450,-0.2455,-4.3657,-5.7245,-12.7132,2.4732,4.3656,3.2976,-1.1167
0.5794,-2.4134,9.4906,2.4050,-0.7083,-3.8652,-7.2425,-10.0509,2.3176,4.3656,1.6763,0.2186
-1.6664,-0.7470,8.7963,3.3673,-0.2777,-3.1279,-8.6790,-8.6646,1.5275,4.2265,1.4859,1.1938
-1.1899,0.9816,7.3598,3.3398,0.5488,-2.0002,-7.0964,-6.1890,1.5179,3.2367,1.1766,3.0213
-0.7949,1.4772,7.1898,3.9647,1.1568,-0.9566,-6.7924,-4.7309,2.3487,2.5083,1.4075,3.1281
-0.1844,2.8850,5.6288,3.4892,1.5419,0.1731,-8.1786,-2.5881,-1.7095,0.9342,1.2367,4.1696
-2.1380,3.9456,3.3543,2.6521,2.5206,1.4329,-4.0055,0.4022,-0.1915,-1.1117,-0.1773,4.1062
-1.6520,3.9313,-0.5794,1.0686,4.3656,2.6315,-3.0311,1.6041,0.0072,-2.9752,1.5214,3.3823
-0.8859,3.0981,-0.0096,-2.1392,4.3656,2.8264,-2.1548,1.7573,-0.5219,-4.3657,4.3656,2.6881
-0.9266,0.2873,4.3622,-4.3657,4.3656,2.1116,-3.4716,-1.2977,-0.4932,-4.3657,4.3656,0.7115
1.0798,-1.9106,8.9112,-4.3657,2.8601,1.0704,-2.6983,-4.8171,9.3111,-4.3657,1.8788,-1.5628
3.1077,-3.2130,13.7523,-4.2365,0.4287,-0.0770,-3.2992,-6.2177,6.0214,-1.8024,1.3917,-3.8593
2.8395,-2.9042,14.1665,-3.4270,-2.4011,-2.0443,-5.6024,-10.1299,9.8210,0.3929,-0.6745,-4.3657
2.2769,-2.2386,16.0914,-1.6217,-3.2622,-2.2263,-10.9367,-12.9454,11.0277,2.7013,-1.5936,-4.3657
1.2737,-2.2936,13.5679,1.4396,-2.7346,-3.0145,-7.8266,-10.6566,7.0797,4.3656,-1.6578,-1.8155
1.0104,-1.8411,10.1251,2.7574,-1.4137,-3.3750,-9.6127,-10.2831,5.8586,4.3656,1.5584,-0.7228
-1.1995,0.4190,9.7947,2.8397,-0.9479,-2.6787,-10.5728,-8.1283,3.3902,4.2521,0.7578,1.2853
-2.0231,1.8148,7.2568,3.1764,-0.1410,-1.5565,-8.7412,-4.8794,-0.9361,3.1155,1.0340,2.8690
-2.6193,3.2609,6.3470,3.0125,1.5156,-0.1592,-8.5856,-2.6264,-0.0838,1.1479,1.2168,3.2712
-2.3631,3.7565,3.8259,2.7087,3.0261,0.8867,-7.8650,-0.6225,-2.4780,-0.6644,2.1777,3.8894
-3.2465,4.5179,1.9872,1.2572,3.1336,1.8536,-5.2457,1.5874,-3.1484,-2.6212,1.1134,3.7299
-2.4277,4.1013,0.4597,-0.4128,3.4841,2.6048,-3.0718,2.3487,-2.5474,-4.3657,1.0052,3.0049
-1.2737,2.5259,0.4741,-2.5722,3.4446,2.6432,0.2394,1.6688,0.4621,-4.3657,1.2614,1.4306
1.6376,-0.0910,2.4181,-4.3657,2.4227,1.9923,2.0973,-0.7949,3.2250,-4.3657,1.1619,-1.1968
3.9073,-2.6528,6.9192,-4.3657,1.3174,0.6797,1.7454,-5.4372,6.6726,-4.3657,1.4981,-4.3657
6.0047,-5.4300,13.4602,-4.3657,-0.6556,-1.3859,-0.7135,-11.3557,10.4172,-1.8602,1.9955,-4.3657
3.5961,-4.1875,17.2933,-3.5145,-3.6115,-3.0109,-7.5968,-15.4450,12.8401,1.6928,-0.1236,-4.3657
3.5291,-3.1915,17.6524,-1.1818,-3.9034,-3.2083,-10.9104,-16.4745,12.9454,3.8586,-2.5000,-4.3657
3.4453,-4.4341,13.1083,1.1419,-2.5335,-4.1030,-9.2344,-15.6389,9.3757,4.3656,1.1655,-2.2258
0.3950,-3.6057,12.6893,2.1005,-1.4036,-3.9695,-7.4029,-12.6941,4.9249,4.3656,1.2941,-0.9413
1.0415,-1.3886,9.8809,2.7041,-1.2004,-3.1942,-6.4165,-9.2488,5.3630,4.3079,0.9120,0.1736
0.3950,0.1963,8.5186,2.8480,-0.8252,-2.5158,-7.5968,-7.6974,3.3686,4.0231,1.3536,1.1712
-0.2011,1.6424,7.5657,3.0255,0.3753,-1.8277,-6.7516,-4.9608,2.0279,2.9525,1.3824,1.9798
-1.3910,2.8683,5.3726,3.0970,1.1683,-0.5733,-9.2009,-3.9528,-0.3472,1.2482,1.5124,3.1908
-2.7509,4.4269,4.3646,2.2495,2.0423,0.9189,-8.2768,-1.6664,-2.3703,-0.8424,1.0118,3.8862
-3.6871,4.2449,2.6480,1.3984,3.6655,2.5572,-5.7844,-0.8859,-1.8818,-3.3846,1.0158,4.3656
-0.9481,2.9257,1.4317,-0.4169,4.3656,3.1558,-2.4804,-0.5650,3.0574,-4.3657,1.6375,3.8125
-1.3527,1.7933,3.9696,-2.2243,4.3656,2.9179,-2.5642,-0.0120,0.9960,-4.3657,3.7062,2.0122
0.4310,-0.1006,4.8028,-3.7271,4.0810,2.2122,-1.6281,-1.4389,2.5139,-4.3657,2.5796,-0.0402
1.8004,-1.5419,8.1092,-4.3657,1.5318,1.0428,-0.8164,-3.8930,6.5003,-3.9491,0.6919,-2.6031
4.1827,-2.4972,11.2001,-3.9740,-1.0712,-0.3030,-2.4134,-6.7780,7.5226,-1.4445,-0.2264,-4.2912
5.4875,-3.6464,10.6015,-3.3087,-3.2078,-1.9220,-2.3224,-9.8593,10.4291,0.2593,-2.0330,-4.3657
5.1954,-4.3551,12.4570,-2.9508,-3.5436,-2.9381,-4.0821,-12.6605,12.0141,1.9060,-1.2216,-4.3657
5.4612,-5.0781,13.3381,-1.2501,-2.2334,-4.0609,-4.9057,-13.7762,10.8338,3.2892,1.2895,-4.2557
1.1181,-4.2737,13.1059,0.2715,-1.4212,-4.3657,-7.1994,-13.2782,5.5857,3.9716,1.1919,-3.3217
-0.2035,-3.0789,11.2575,1.1198,-1.1834,-3.3473,-7.7285,-12.3086,4.3694,3.9201,1.0042,-2.3138
-0.3711,-1.8411,9.8354,1.7996,0.0548,-2.3695,-9.1578,-10.8625,2.9113,2.9551,1.9610,-0.5617
-0.9840,-0.7853,9.1339,2.6249,1.4601,-1.4570,-9.0501,-8.6766,1.5107,1.9614,2.3361,1.5335
-1.9585,0.4525,8.3701,2.8212,1.3640,-0.5588,-7.8219,-7.0198,1.7980,1.4392,1.3335,2.7665
-1.8148,1.0942,7.2832,2.8539,1.5973,0.5211,-7.3358,-5.2122,0.5555,0.5974,1.5180,3.2370
-1.1827,2.2529,5.6886,2.6738,2.2846,1.0436,-7.1443,-3.8379,0.9912,-0.3347,1.3544,3.9329
-2.8730,3.3854,5.3798,2.2092,2.7901,1.6995,-7.3741,-2.4517,-1.5969,-1.6331,1.4011,4.3656
-2.4253,3.4141,3.1651,1.2700,2.9399,2.7165,-5.1356,-1.1540,-0.5938,-3.1343,0.2305,4.3656
-0.6177,1.7741,1.7885,-2.6055,4.0761,2.1497,-0.0048,1.3575,0.4788,-4.3657,2.4778,1.4790
0.1532,-0.6776,3.4884,-4.3657,2.8124,1.3363,4.4796,-0.3304,3.8211,-4.3657,1.5279,-1.9229
6.8283,-4.5155,8.3246,-4.3657,0.0373,0.4267,3.0909,-9.2847,10.9607,-3.4299,0.2313,-4.3657
5.9879,-5.5234,17.6501,-4.3657,0.4130,-2.6798,-4.6376,-15.8472,15.0523,0.3761,4.3656,-4.3657
2.8539,-3.8595,18.1002,0.0613,-2.0852,-4.3657,-12.3900,-16.3309,7.8817,4.3656,3.2496,-4.3657
-1.9417,-3.5865,14.8536,1.0603,-4.0147,-4.3657,-9.3925,-14.4322,6.3542,4.3656,-3.4546,-1.9430
-1.9561,-3.6607,9.7085,2.2760,-2.4381,-4.1800,-6.1435,-13.1442,3.2394,4.3656,1.2077,-1.4476
-2.4517,-2.8946,9.4379,2.2560,-0.3501,-3.5052,-7.4891,-11.0899,-0.2227,3.6356,3.3569,-0.3793
-2.9951,-1.0104,9.2320,2.1368,-0.2844,-2.2736,-9.4523,-9.8785,0.7398,2.6131,0.8003,0.7112
-2.2841,-0.2514,9.7037,2.2708,0.5240,-1.5152,-8.2432,-8.3653,2.6193,2.0318,1.7729,2.0013
-2.1620,0.7398,9.2751,2.8024,1.1394,-0.9685,-8.2408,-7.0509,2.7270,1.6347,2.0019,2.3498
-2.8994,1.7885,7.6423,3.1994,1.3069,-0.4980,-8.3534,-4.9823,0.2873,1.5962,1.6229,2.9696
-3.2106,2.7821,4.7956,2.9274,1.2357,0.0859,-6.3398,-2.0638,-1.1085,0.9004,0.8045,3.1180
-3.4955,3.5171,2.7126,2.0792,1.4229,0.7417,-6.9528,-0.6105,-1.8507,-0.1920,1.1010,2.7222
-3.8259,5.0518,1.3479,0.9994,2.5173,1.1604,-6.6702,0.7015,-3.3375,-1.7171,1.4004,3.4707
-4.8123,4.9129,1.2139,-0.3130,3.3031,2.0728,-5.2912,1.9848,-4.3694,-3.5463,1.0416,2.2489
-2.1668,3.4309,0.8092,-2.4949,2.8523,2.5719,-2.9449,1.4222,-1.7214,-4.3657,0.8867,1.4218
0.6512,1.0558,3.5123,-4.2297,1.8530,2.0808,1.9082,0.1748,3.6129,-4.3657,-0.7262,-1.1591
6.0142,-1.4557,7.4460,-4.3657,-0.4290,1.2717,3.4548,-3.9911,8.9447,-4.2699,-1.0228,-4.3070
7.3574,-3.1077,11.5951,-4.3657,-1.8477,-0.7697,-0.2227,-9.9671,12.0524,-2.0913,-0.3491,-4.3657
6.1052,-3.0478,16.2111,-4.2896,-2.7259,-2.4130,-5.8586,-14.0588,13.1106,0.1892,-0.0105,-4.3657
2.2338,-3.1173,18.8017,-1.2855,-2.7145,-3.3020,-11.8417,-16.4721,13.1394,2.4876,0.0329,-4.3657
2.5259,-3.9624,12.8712,1.1113,-1.7826,-3.7317,-9.6319,-15.2271,10.6686,4.1845,0.7194,-1.2335
-0.5028,-3.9049,11.6526,2.1128,-0.9164,-4.0016,-4.9775,-12.1003,2.7222,4.3656,2.0392,-0.1371
-1.3958,-2.5642,10.8888,2.6021,-0.5004,-3.0698,-8.4156,-11.5544,3.0358,3.7277,2.0065,0.6817
-1.9273,-0.6033,9.7779,3.1697,-0.1492,-2.3138,-8.6048,-8.9830,1.5658,3.2500,1.3416,1.9785
-2.4253,1.1181,7.9583,3.4949,0.8729,-1.1780,-8.2025,-6.5912,0.8835,2.4324,1.3698,3.3362
-3.7613,2.7581,6.0525,3.6411,1.5617,-0.1049,-8.1594,-3.9792,-1.0127,1.1271,1.3367,3.7695
-4.1420,3.7350,3.8762,2.9544,2.6496,1.5006,-7.9152,-1.6137,-2.6025,-0.2715,1.5162,4.1522
-3.3854,3.7948,1.2857,1.5651,3.6680,2.5421,-5.1068,0.6919,-3.6943,-2.6164,1.3010,4.3099
-3.0789,3.8786,1.1109,-0.8256,4.3656,2.8986,-4.3886,1.2474,-1.9489,-4.3657,1.8622,3.2101
-1.9010,3.0622,3.3830,-2.6979,4.3656,2.7707,-3.4860,0.4118,1.1205,-4.3657,2.5751,1.4798
-0.7757,1.9369,6.4883,-3.8746,3.6080,2.2276,-3.8020,-1.2019,3.6583,-4.3657,1.6454,-0.4517
0.9888,0.4310,8.5880,-4.3223,1.3447,1.6369,-2.2505,-3.2250,6.1052,-4.2221,0.2013,-2.7003
5.2170,-0.8954,10.6949,-4.3657,-1.0168,0.3437,-2.8635,-6.1483,9.9814,-2.1619,-1.0297,-4.1956
4.8219,-2.3248,12.2032,-2.9351,-2.2713,-1.7383,-3.1867,-8.9016,12.7228,0.4285,-0.6757,-4.3657
1.8100,-2.0351,14.7555,-1.5002,-2.6245,-3.2362,-7.3287,-11.8513,10.0126,2.7931,0.4265,-4.3657
-0.7446,-1.4724,14.5472,0.6903,-2.7629,-3.6319,-12.3876,-13.4075,8.9088,4.2706,0.7506,-3.0290
-0.6249,-1.8316,10.4818,2.0271,-2.0735,-3.8688,-8.5952,-11.2911,4.8650,4.3656,0.2976,-0.7826
-1.9201,-0.7901,9.4906,2.3995,-1.4080,-3.5618,-8.9328,-9.3278,1.5036,4.3656,2.1619,0.0197
-3.2082,1.3072,9.5146,2.9051,-0.9433,-2.8527,-9.8354,-7.4915,1.5993,3.8421,0.9651,1.0709
-3.3088,2.2865,7.5417,3.4915,0.0276,-1.7704,-9.3039,-5.3702,-0.0670,3.1411,1.2180,2.3844
-4.3862,3.9313,4.9081,3.2223,0.9118,-0.3974,-10.5608,-3.9217,-2.4469,1.4546,1.2796,3.6392
-4.5011,4.2952,4.1468,2.4083,2.0439,1.1800,-9.5170,-1.8627,-4.2377,-0.7306,0.7374,4.2871
-4.0797,4.5538,1.6831,1.2869,3.2506,2.3603,-7.9368,-1.3671,-2.9951,-3.2929,0.9224,4.3656
-5.4348,3.8259,1.4916,-0.4271,4.3656,3.1854,-2.8252,0.7685,-0.6536,-4.3657,1.5431,4.3656
-3.9097,2.5857,3.3854,-2.3026,4.3656,4.3656,-3.6895,0.5004,-0.3160,-4.3657,3.8689,2.7194
0.2849,1.1971,6.6702,-3.9246,4.3656,3.7856,-3.9002,-2.0207,5.1930,-4.3657,2.1811,0.5537
3.8714,-1.0008,9.9383,-4.3657,2.5900,1.8467,-0.3208,-3.0071,7.8243,-4.3657,1.0264,-1.5496
4.4724,-2.2218,11.0756,-4.3657,-0.6305,-0.5738,-0.3352,-6.3805,9.4164,-2.6420,-0.4521,-4.3657
2.2051,-1.8842,14.2575,-3.9330,-1.6322,-2.4268,-5.6168,-10.9128,10.9942,-0.1103,0.4620,-4.3657
0.4262,-1.8555,14.3173,-1.5632,-2.1230,-3.4327,-11.7579,-12.9454,10.1682,2.2227,1.3422,-4.3657
-0.9098,-1.9776,14.3437,-0.1839,-2.4376,-4.2594,-10.0485,-12.0955,7.1874,4.1127,-0.1175,-3.3882
-3.2034,-1.6616,12.8090,1.6733,-2.5599,-4.1382,-10.7117,-11.7364,4.2784,4.3656,0.9545,-2.0777
-2.7653,-1.1827,10.0269,2.2715,-1.9966,-3.7363,-9.2177,-9.7276,2.4708,4.3656,0.6301,-1.0381
-3.0813,0.0766,8.1690,2.4941,-1.7067,-3.1913,-9.9072,-8.2408,1.3791,4.2517,1.0913,0.1628
-3.5913,1.8483,8.0972,2.5454,-1.0428,-2.2515,-10.8529,-6.6607,0.6776,3.5563,0.8760,1.7894
-1.9632,3.0765,7.5513,2.8045,-0.2807,-1.0796,-10.4483,-5.0996,1.5060,2.4316,0.6972,2.9816
-3.7757,3.3950,6.3877,3.4322,1.4934,-0.2543,-8.0038,-2.1835,-1.5754,1.5697,1.6069,3.6039
-4.6280,4.5059,3.0239,2.5065,2.0571,0.7986,-7.3694,0.0192,-4.6831,-0.4290,1.4189,4.2952
-3.8930,4.8004,1.8435,0.6903,2.3876,2.1218,-5.3702,1.1708,-1.8411,-2.8385,-0.1988,3.8873
-2.5929,4.2808,3.0718,-0.6007,3.4307,2.6005,-5.3199,1.1301,0.5866,-3.9042,1.5411,3.1712
-1.5754,3.4453,4.5107,-2.0426,3.1058,2.4946,-4.1276,0.5770,2.4924,-4.3657,1.5848,1.6176
0.0575,2.2458,6.0741,-2.5965,1.9830,2.1344,-6.2225,-1.6879,6.4212,-4.1352,1.2187,0.6841
-0.3879,2.6360,9.9742,-2.3109,1.9241,1.5136,-6.6487,-1.4269,7.1180,-2.5924,1.4318,-0.1211
0.8811,2.0399,9.6654,-1.4332,1.1711,0.8903,-5.4420,-1.1636,4.7884,-1.5667,1.1862,-1.2309
1.8268,1.2498,7.2927,-1.7733,-1.0222,-0.1077,-3.1651,-1.4413,5.5282,-0.6320,-1.5503,-2.6674
3.3208,-0.0718,8.2193,-2.6753,-2.0380,-1.4822,-1.3838,-3.9193,8.0876,0.0394,-1.0596,-4.3657
1.0032,-0.3831,12.9431,-1.8945,-2.5703,-3.0505,-5.5138,-8.2887,10.5345,2.3579,0.5277,-4.3657
0.5722,0.5770,12.7419,-0.4883,-3.1593,-3.9867,-13.1657,-10.7763,8.5952,4.1444,0.4163,-4.3657
-1.3384,1.5514,11.4515,0.8677,-3.6732,-3.7426,-12.0021,-8.4013,4.1731,4.3656,-1.1883,-1.6822
-3.1819,2.4205,9.4451,1.8564,-1.7660,-2.7769,-10.1562,-6.3351,3.1292,3.8894,-0.1825,-0.7369
-3.1388,3.1987,5.9975,2.0177,0.2878,-1.3499,-11.8226,-4.8219,-0.5291,2.0671,2.0427,0.6081
-3.2010,4.0103,7.2616,1.5768,1.1321,-0.0288,-10.7476,-3.8618,0.8595,0.5153,0.7773,2.8326
-2.6791,4.0654,6.9408,1.9015,2.3622,1.1126,-9.4308,-2.7102,1.8603,-0.5068,1.4036,3.5033
-3.5961,3.7804,2.5498,-0.5868,4.0882,2.6817,-5.9544,0.5866,-1.4246,-4.2325,1.5817,3.2872
-2.5905,1.6400,4.6615,-3.6697,2.9495,2.2816,-3.2681,0.1245,-1.8148,-4.3657,1.2344,0.2751
-0.3424,-1.2019,4.0151,-4.3657,0.6654,1.4569,0.2993,-3.2489,1.9513,-4.3657,-1.3185,-2.2238
2.7916,-2.3535,7.2449,-4.3657,-1.6350,0.3994,-1.5778,-7.2329,9.0118,-4.0410,-1.3119,-3.9973
2.2721,-2.3415,16.2806,-3.9451,0.2421,-0.9582,-6.5098,-10.9535,12.1578,-1.4623,2.8747,-4.3657
1.8124,-2.4110,16.0890,-0.5141,-0.4891,-2.5671,-13.7403,-13.1825,11.7699,2.2816,2.3545,-3.9901
-0.8595,-2.7438,12.6653,1.1934,-2.3140,-3.5765,-8.3127,-10.9176,5.9568,4.3656,-0.7059,-1.5555
-2.9209,-2.4134,10.8386,2.1153,-2.2015,-3.7106,-8.7005,-10.2304,1.9345,4.3656,1.0649,-1.8293
-3.4716,-1.0439,10.2256,2.1076,-1.8902,-3.1475,-12.0261,-10.3501,1.3336,4.3656,1.0392,-0.3066
-4.5610,0.5171,10.4555,2.7247,-1.3257,-1.9316,-13.4530,-8.7819,-1.0822,3.3585,0.1823,1.4685
-4.7525,1.6879,8.2313,3.0310,0.0298,-0.4275,-11.6119,-6.2369,-1.6424,1.7818,-0.1507,3.3990
-3.5003,2.2865,5.1858,2.9651,1.3904,1.0026,-7.6255,-3.4141,-0.1437,0.2320,-0.3116,4.1300
-3.2729,2.8347,3.0813,1.7551,2.9709,1.8406,-4.3263,-0.3567,-1.2210,-1.2372,1.5323,3.7389
-3.6200,3.0502,2.8084,0.3908,3.4764,2.4499,-4.7429,0.8356,-2.0686,-2.7947,1.8044,2.6297
-1.7214,2.3966,2.8012,-1.3231,2.7724,2.6817,-2.6576,0.8212,1.5203,-3.4320,0.9292,2.1003
-0.4717,1.2306,3.6152,-2.8285,1.7095,2.1530,-0.8332,0.6991,1.5874,-3.5529,0.7639,-0.0015
1.9920,-1.2019,4.5466,-4.3657,0.2546,1.1867,1.5012,-1.3958,2.8156,-3.5229,-0.0293,-2.2050
6.4763,-3.3064,9.1506,-4.3657,-1.5934,-0.2128,-1.5826,-8.8633,13.7331,-2.1865,-0.9630,-4.3657
6.3015,-4.1635,19.6127,-3.3229,-1.6337,-3.1169,-10.3956,-14.5807,17.4705,2.5399,3.2995,-4.3657
0.9170,-2.5091,19.6127,2.3176,-2.7555,-4.3657,-17.1329,-13.0771,7.2736,4.3656,0.9591,-1.7974
-4.8650,-1.0367,11.2025,3.6617,-4.1711,-4.3657,-11.6550,-8.0780,0.7685,4.3656,-4.3657,-0.6905
-5.4205,1.2546,6.6702,3.4168,-3.1034,-2.6654,-13.0699,-6.4883,-1.4868,4.3656,-0.2942,0.3239
-4.9368,3.5410,4.6783,2.6557,-0.0045,-0.4579,-11.0014,-1.8172,-4.3670,1.3595,0.4190,2.5141
-3.1412,3.8116,4.1683,1.5294,1.9492,1.5170,-9.9072,-1.9082,-2.6504,-1.6844,-0.1344,3.8585
-2.8922,2.7749,4.4580,0.4636,3.7126,2.3140,-4.5753,-0.8499,1.1372,-3.7008,1.9392,3.4147
-2.0638,2.4421,4.4245,-0.7927,4.0155,2.6040,-4.0677,-0.5794,3.6607,-3.7952,2.8184,2.4605
-0.4334,1.3455,6.1675,-1.7753,3.1432,2.4503,-3.6200,-0.4525,1.9848,-3.8046,2.0860,0.7088
1.4461,0.1149,7.0892,-2.4986,1.5739,1.6657,-2.2314,-1.5921,3.5578,-3.2754,0.4377,-0.8720
4.3958,-2.0997,7.6830,-3.3618,-1.0697,0.3780,1.5993,-2.8228,4.6567,-2.3252,-1.4157,-3.2198
5.1356,-3.0454,6.6319,-4.2862,-3.8312,-1.4226,2.7485,-6.6176,7.4053,-1.0884,-3.1200,-4.3657
4.2593,-2.4804,8.9615,-4.3657,-4.0117,-2.0077,-3.3639,-10.7811,9.7827,-0.4694,-1.7770,-4.3657
4.8937,-2.5283,13.5560,-3.0803,-2.4199,-2.4778,-6.9312,-12.3445,10.9702,0.6495,0.5023,-4.3657
2.4612,-2.6384,16.0962,-0.6226,-1.3370,-2.6616,-12.1099,-14.6525,12.6558,2.1745,0.7954,-3.3978
2.4181,-2.9521,12.1841,1.4566,-0.8368,-2.5051,-8.9064,-12.0333,6.7301,3.6551,0.6812,-0.4537
0.4357,-2.3583,10.1514,1.9464,-0.4395,-2.1013,-6.5625,-9.4954,3.6631,3.1265,0.5068,0.1729
1.0127,-0.9242,9.8641,2.2437,-0.0171,-1.2269,-8.4755,-8.6622,4.8123,2.3924,1.2263,1.2293
1.2641,0.2179,9.6630,2.8958,0.8025,-0.7372,-7.3167,-6.9073,4.8722,2.2857,0.8295,2.6237
0.8499,1.3647,8.2265,3.5482,1.1227,-0.2337,-7.4220,-5.7892,4.9321,2.0454,1.3003,3.7695
0.8475,2.0063,7.3095,3.6965,1.4873,0.3812,-6.2034,-4.0366,4.0390,1.9083,1.0445,4.3040
-1.0918,3.0670,5.6503,3.9145,2.1807,0.8194,-4.1084,-0.5124,0.0192,1.3211,1.4675,3.8558
-0.9337,4.1707,1.6328,2.6412,2.0656,1.9135,-8.2863,-0.0144,-2.4708,-1.0729,1.4993,4.3656
-2.1308,4.3191,0.4190,0.6311,2.9116,2.5831,-0.5483,3.0335,0.2011,-2.5740,-0.2679,4.0236
0.2035,3.2322,1.5012,-1.2846,3.9404,2.7692,-1.1564,2.8132,-0.4214,-4.1467,2.7448,2.6047
0.4501,1.3479,2.3272,-3.4503,4.0298,2.1052,-1.9848,0.7159,0.0886,-4.3657,3.5522,0.2546
2.5139,-1.3623,5.1332,-4.3657,2.0997,1.0356,-0.1221,-3.0813,3.6464,-4.3657,1.5881,-1.7496
5.7341,-4.0510,12.3948,-4.3657,-0.7404,-0.0881,1.9872,-7.6064,10.1682,-3.7944,-0.4343,-4.3657
9.0405,-4.5394,13.6278,-4.3657,-2.8153,-1.9537,-5.2936,-14.2551,18.2271,-0.3083,-0.1699,-4.3657
6.2872,-4.2138,16.4482,-2.6814,-2.7372,-3.8658,-8.0373,-13.3285,12.8976,3.0208,0.7155,-4.3657
2.4565,-3.6105,16.9797,0.3000,-2.6786,-4.3657,-11.3294,-13.1226,9.9168,4.3656,-0.7750,-3.9491
0.4645,-2.4876,11.4754,1.4032,-2.3834,-3.9285,-9.8785,-10.8146,5.6838,4.3656,-1.0207,-2.0824
0.5195,-1.6185,9.4715,1.7305,-0.9875,-3.0249,-8.9328,-8.8011,3.8235,3.5675,0.6314,-0.9341
-0.2083,-0.2634,9.1578,2.0145,0.1697,-2.1063,-9.3302,-7.3191,3.7924,2.7892,1.2341,0.5844
-0.1772,0.6512,9.3709,2.3943,0.5112,-1.1497,-8.4204,-5.6503,3.8331,2.2779,0.7893,1.4614
0.0455,1.1540,8.0014,2.7737,0.9383,-0.5742,-7.7859,-4.3072,2.8539,1.8346,1.0725,2.4507
-0.4980,2.5187,6.6798,2.6590,1.2578,0.0572,-7.7189,-3.0957,2.7078,1.0946,0.7264,3.2670
-1.3767,3.4764,6.0430,2.4532,1.9734,0.8899,-7.8458,-1.3336,0.1820,-0.0967,1.4164,3.4984
-1.8842,3.7302,4.3551,1.8754,2.5615,1.7537,-5.1811,0.0742,0.8021,-1.4425,0.7310,3.8483
-1.9417,3.8140,2.7725,0.6294,3.3189,2.6060,-5.0685,0.6201,-0.8284,-3.0098,1.5613,3.9311
-1.1277,2.8754,2.6408,-0.9990,3.9917,3.0104,-2.4660,0.9697,-0.5267,-4.3657,1.3916,3.1686
0.1987,1.1803,2.4565,-3.0762,3.7101,2.6692,0.6129,-0.0239,1.7957,-4.3657,1.3280,1.2929
4.0103,-2.2817,4.7692,-4.3657,1.3644,1.7853,4.3096,-3.7757,4.3048,-4.3657,1.0581,-2.1833
8.5641,-3.7110,8.1834,-4.3657,-0.8616,-0.1031,0.2634,-9.7588,13.1657,-3.9871,0.4321,-4.3657
6.2345,-4.1084,16.1513,-4.3361,-0.0450,-2.3374,-2.6911,-11.7364,13.3213,-0.1495,3.3762,-4.3657
4.7621,-3.1532,16.2183,-1.5222,-2.0736,-3.6676,-9.5050,-13.9079,10.2759,2.6705,1.8347,-4.3657
1.3815,-3.7014,14.2742,0.1368,-2.5197,-3.9576,-9.8713,-13.7164,8.8178,4.1511,-0.9879,-3.6624
1.4629,-4.3981,10.9056,1.5010,-1.4835,-4.2455,-6.7708,-12.2823,5.2601,4.3656,1.0241,-2.4100
-1.1540,-2.7007,10.0533,1.6847,-0.5015,-2.7656,-8.0517,-10.6398,3.0718,3.3935,1.3961,-1.1808
-0.5363,-1.4748,10.0317,2.3370,0.1427,-2.1935,-12.3421,-10.4267,1.4317,2.8975,2.1063,1.2973
-1.6544,-0.0742,10.5393,3.1973,0.2810,-1.6367,-9.5002,-7.8434,1.8579,2.3254,-0.5108,3.7887
-2.4732,1.1013,7.4124,3.8439,0.6189,-0.3821,-5.5689,-4.4724,3.0598,2.2914,-0.6666,2.8823
-1.1971,3.0071,5.1547,3.4378,1.4873,0.7703,-5.8083,-2.2984,1.6376,1.6266,1.1139,3.5948
-0.7661,4.1108,2.8922,3.0373,2.3046,1.5829,-7.0270,-0.7757,-0.5363,-0.1434,1.0352,4.3656
-0.3280,4.3718,0.8404,-0.2503,4.1800,2.8603,-2.2122,1.9058,2.1069,-3.6521,2.5778,2.8817
-0.5076,2.7461,1.6712,-2.2371,4.3656,2.5090,-2.5139,0.9816,1.1085,-4.3657,4.1781,1.6920
-1.2139,0.9960,6.1962,-4.3657,4.3656,2.1839,-2.6695,-1.1372,1.6017,-4.3657,4.1551,-0.3657
2.7461,-2.3032,7.4364,-4.3657,2.9042,1.2536,0.5578,-4.0869,3.3567,-4.3657,1.6649,-2.8045
4.3215,-4.3215,11.4994,-4.3657,-1.3895,-0.5729,-0.6800,-10.1634,11.7890,-3.1830,0.0344,-4.3657
2.4924,-3.7373,17.7315,-3.9632,-1.9149,-2.0562,-7.5992,-13.7116,12.4858,0.2162,0.8563,-4.3657
-0.2274,-2.3727,17.1425,-0.5540,-1.4293,-3.3498,-12.2487,-14.4059,7.7716,2.9894,1.5724,-4.3657
-1.9130,-2.2146,12.5935,1.4048,-2.7872,-3.1443,-12.5432,-13.3932,5.6623,4.0683,-0.5427,-2.2424
-0.8045,-2.1620,9.5481,1.8932,-1.8485,-3.1325,-6.2991,-9.7348,3.7637,4.1887,-0.0953,-0.6314
-1.5993,-1.0511,8.4180,2.2853,-1.0639,-2.9195,-5.4181,-7.5393,1.4078,3.5706,1.8564,-0.9085
-1.6520,1.7861,8.4036,2.5310,-0.1291,-1.1946,-8.5473,-5.9999,2.6815,2.3165,0.5766,2.3996
-1.2713,2.5402,7.3598,2.7471,0.2029,-0.4999,-8.2073,-4.5131,2.8012,1.9752,0.6095,2.8774
-1.3288,3.3184,5.2744,2.7270,0.8395,0.0661,-6.6726,-1.7406,0.0503,1.1289,0.8144,3.0866
-1.5562,4.8411,2.7318,1.9680,1.2446,0.5797,-7.0964,-0.4477,-1.3934,-0.5002,0.4081,4.3656
-4.5226,4.9368,1.7549,0.8062,2.3493,1.7379,-3.6416,1.9393,-4.0127,-2.6986,-0.1781,4.0934
-1.9632,2.8683,-1.1947,-1.5649,3.5457,2.8861,-2.4469,0.5171,-1.5730,-4.3657,1.0071,3.1825
-1.2641,-0.4812,2.7701,-4.3657,4.3656,2.3208,0.1030,-1.1875,1.6305,-4.3657,3.3957,0.7410
0.6369,-2.7988,6.8738,-4.3657,2.6790,1.5379,-0.2993,-4.3862,4.1276,-4.3657,3.9169,-2.6548
2.7222,-4.0917,12.2368,-4.3657,-0.1152,0.5542,-3.3064,-9.0190,7.3143,-3.3139,0.9891,-4.3657
3.9385,-3.6464,15.7993,-3.4956,-2.1875,-0.9958,-6.9504,-12.4068,11.3342,-0.0378,-0.9423,-4.3657
3.3088,-3.6536,15.8161,-1.2240,-2.9296,-2.2128,-7.8913,-13.1154,9.5840,2.2231,-1.0412,-4.3657
2.0973,-3.8068,12.9550,0.3629,-2.7849,-3.0140,-8.2911,-14.0252,9.8521,3.5577,-1.1371,-3.6231
2.3367,-4.0294,12.1194,1.2131,-1.6986,-3.5586,-7.7189,-13.7116,7.4627,4.1083,1.2905,-1.8719
0.1556,-2.8204,11.6526,2.4123,-1.0347,-3.6624,-8.1882,-11.6909,4.3934,4.3656,1.6982,-0.2018
-1.2522,-1.0678,9.8881,2.7464,-0.8840,-2.7403,-7.4172,-9.0692,2.9018,3.9644,0.5756,0.3465
-0.5171,0.1365,8.5832,3.0369,0.0116,-2.2182,-8.1954,-7.6112,3.5003,3.5012,1.9100,1.1608
-1.9609,2.1787,7.8506,3.3907,0.6110,-1.3436,-10.1347,-5.7940,1.4102,2.7888,1.3311,2.4320
-2.2122,3.5434,6.5673,3.5574,0.9413,-0.3317,-8.2911,-3.2346,0.0311,1.7626,0.7934,3.6432
-1.6400,4.7190,4.7621,3.6557,2.3189,0.4093,-8.6598,-1.8220,0.3663,0.3019,1.1161,4.3656
-2.7533,5.2696,0.7877,2.5868,3.0888,1.6093,-4.5873,0.7111,0.1700,-1.3303,0.4667,4.3656
-1.3934,4.9321,0.8835,0.2721,3.6838,2.0050,-0.6081,3.3471,1.8579,-2.6384,1.2906,3.9121
-0.9266,4.5610,2.4157,-1.4970,4.3656,1.6398,-3.0023,3.0311,1.0606,-3.7988,3.9815,2.3459
-2.5450,3.9480,4.5059,-3.0417,3.8725,1.2558,-4.4460,1.9944,0.5698,-4.1403,3.6260,0.1135
-1.0894,1.8651,5.0637,-4.1628,1.0491,1.0493,-1.5371,0.1772,2.1620,-4.0372,0.2615,-1.3856
1.1396,0.7159,6.6822,-4.3657,-1.1924,0.4967,-1.6257,-2.9832,6.0597,-2.6289,-1.4177,-3.8405
1.9968,-0.0934,8.8514,-4.3401,-0.3384,-0.2378,-3.9744,-5.5569,5.2385,-2.0359,1.3964,-4.3657
0.9744,-0.2873,10.0365,-3.5694,-1.0674,-1.0472,-6.9216,-7.8243,5.7317,-0.9233,0.8720,-4.3657
2.4756,-1.4533,12.0021,-2.7849,-2.3129,-1.4272,-5.9735,-9.2608,8.3031,0.1661,-1.8715,-4.2699
3.4740,-2.5043,15.0883,-1.4332,-2.0474,-3.2305,-6.6415,-11.6909,10.8864,1.5581,0.3648,-4.1984
-0.3855,-2.1572,14.0995,1.1948,-1.7480,-3.3445,-9.2081,-13.1633,9.2512,3.7329,0.7513,-3.0926
-0.1915,-2.2434,11.4419,1.7523,-2.0500,-3.1666,-8.3606,-12.0141,5.3343,4.3656,0.2836,-1.6783
-1.0534,-1.1899,10.5034,2.3160,-1.4654,-2.8154,-7.6902,-9.9240,2.8276,4.0266,1.0343,-0.3539
-1.6783,0.2370,8.9998,2.6136,-0.6655,-1.9851,-8.6215,-8.1618,1.8028,3.1624,0.8825,0.9557
-2.2673,2.0279,7.6830,2.5896,0.2815,-0.9770,-9.1387,-6.6248,2.7318,2.2517,1.0809,2.0632
-1.7071,2.6145,7.1874,2.7764,1.3957,-0.1251,-8.0948,-4.7669,1.7190,1.4051,1.5667,3.3251
-1.9872,3.3184,5.9256,2.5676,1.7407,0.6879,-8.1139,-2.6959,-0.1628,0.3028,0.9782,3.4039
-3.4764,4.1946,4.6998,1.7019,1.7738,1.5909,-7.4531,-1.3934,-0.4980,-0.9940,0.3665,4.3584
-3.9121,4.5657,3.2777,0.8849,2.6837,3.1898,-5.3032,0.5291,-2.2625,-2.6397,0.2112,4.0093
-2.5666,4.1204,1.6759,-0.7045,2.7631,3.6162,-4.7381,0.2251,-1.3192,-4.3425,0.2721,3.4122
-1.6305,1.2330,1.1349,-2.8538,3.3562,4.0177,-1.6688,-0.8188,-1.4413,-4.3657,0.5153,2.3802
1.1372,-1.5275,2.3439,-4.3657,2.5305,3.0410,2.0710,-2.7270,2.6312,-4.3657,0.6339,0.3381
2.6049,-2.8060,6.4763,-4.3657,2.0078,1.8739,0.2346,-6.0454,6.2608,-4.3657,1.6613,-2.6500
4.3958,-3.8547,12.1817,-4.3657,1.3339,0.4463,-2.7557,-9.3422,7.8673,-3.9242,2.7856,-4.3529
3.7062,-3.7014,14.3006,-3.6672,-1.0669,-0.9349,-5.6719,-11.7244,9.9407,-1.1767,-0.1556,-4.3657
4.2593,-4.0342,14.2934,-2.0123,-2.4463,-1.9148,-5.4803,-12.7443,11.9614,1.0990,-1.7389,-4.2895
4.1372,-4.3766,12.6893,-0.5189,-1.9847,-3.3588,-5.5976,-13.2423,10.0700,2.7324,0.8222,-3.4757
2.6743,-4.8219,14.4466,1.1487,-1.2753,-4.3657,-6.7708,-13.5775,6.5864,3.9867,1.8775,-2.7912
-1.7358,-3.9528,11.2863,2.4052,-1.6551,-4.3657,-8.0302,-13.1490,4.7932,4.3444,0.4459,-1.5252
-0.9457,-2.1763,10.2448,2.1400,-1.4337,-3.2141,-8.7364,-12.4020,4.9847,4.3250,1.2011,-0.0624
-0.8475,-0.8523,10.4722,2.9415,0.3912,-2.6256,-9.1578,-10.1083,2.8323,3.8574,2.5546,1.5703
-3.2034,0.8475,9.8809,3.8841,1.0356,-1.5884,-9.5217,-7.4388,0.1891,3.1592,1.2545,2.6803
-2.9784,1.5443,5.5091,3.7835,1.1671,0.1913,-7.0437,-4.7645,-0.3112,1.9624,0.4915,3.9404
-2.0973,2.9568,4.1108,2.9667,2.5357,1.1490,-7.0749,-3.0215,0.4214,0.1632,1.2937,4.3204
-2.3248,3.2465,3.1532,2.3441,4.3656,1.8929,-4.6017,-0.9361,0.5243,-1.6834,2.5406,4.3656
-1.3408,3.5817,2.7126,0.4790,4.3656,2.1465,-3.7589,0.4118,1.4246,-2.4753,2.3906,3.4856
-1.5969,3.5075,4.5610,-0.8152,3.7906,1.9894,-5.1332,0.2562,1.6783,-3.1499,2.9387,3.0816
-0.8859,3.3160,4.8961,-1.3703,2.7572,1.6883,-3.1939,1.1133,0.9122,-3.2760,1.1266,1.6483
-0.0168,2.1811,4.7573,-2.9850,0.5748,1.5773,-2.4205,-0.3328,0.7207,-3.7714,-0.3340,-0.1852
3.6559,-0.3017,5.5785,-4.3657,-1.8482,1.0475,2.7102,-2.1883,6.0190,-3.9134,-2.6199,-2.0498
5.0206,-1.7214,8.0086,-4.3657,-1.5150,-0.5734,1.2665,-7.0006,11.1139,-2.8068,-1.4520,-4.3657
3.9313,-1.5443,11.8944,-4.1194,0.2318,-2.4315,-5.7724,-10.1179,8.9112,-0.9070,4.3656,-4.3657
-1.5514,-1.3743,16.4625,-1.9255,-0.5143,-3.0415,-12.8377,-11.8226,5.9903,1.1771,3.2520,-4.3657
-0.9864,-1.4246,13.3142,0.2286,-2.4126,-2.6570,-12.5193,-11.9519,7.1850,2.9595,-2.0771,-2.3246
0.6847,-2.4445,12.7826,1.1626,-2.1060,-3.1548,-6.8235,-10.3741,7.0030,4.0581,-0.4029,-1.4004
-1.4246,-2.0566,11.6574,2.5402,-1.4004,-3.5368,-9.1961,-10.2759,4.1922,4.3656,1.9264,-1.3146
-1.8052,-0.3160,9.6654,2.7957,-2.1013,-3.0379,-10.1538,-9.2225,3.7206,4.3656,-0.6953,-0.0592
-2.2553,1.4293,8.8585,3.2504,-0.9966,-2.5111,-10.2759,-7.1419,1.6640,4.3499,0.8524,1.0503
-3.9241,2.8946,6.2441,3.5912,0.4020,-1.1170,-9.2560,-3.7230,-1.5371,2.8456,0.8567,2.2769
-3.8403,4.1037,2.8276,2.7566,1.2931,0.5962,-9.0214,-1.6951,-3.2705,0.5516,0.4132,3.7836
-3.7110,4.2976,1.2570,1.2907,2.8233,1.9866,-3.8475,1.0056,-2.3463,-1.8405,0.3336,3.6150
-1.8794,3.6703,1.6712,-0.6582,4.0097,2.7282,-3.9959,0.6105,-0.5914,-3.7911,2.2052,3.0577
0.8140,2.0542,2.8060,-2.6724,3.1508,2.5322,-0.5866,0.2538,1.9585,-4.3657,1.0742,1.7730
5.1380,-0.7302,3.6152,-4.3657,1.1987,1.5184,3.3854,-1.8507,4.4676,-4.3657,0.0581,-0.1743
5.0278,-2.9185,6.3135,-4.3657,-0.3708,0.2177,4.5873,-5.9448,8.8705,-4.3657,0.3256,-3.9762
5.2194,-3.5650,15.7203,-4.3657,0.5077,-1.1286,-5.4564,-12.5480,12.0716,-2.1016,4.3656,-4.3657
1.9704,-2.6432,19.6127,-1.7633,-0.1717,-2.8827,-16.4386,-16.0555,11.7675,1.7849,4.0699,-4.3657
0.0048,-2.3703,15.1744,1.6771,-1.9012,-3.0157,-13.0029,-13.0891,7.2975,4.2886,-2.5205,-0.8171
-0.3543,-2.5594,10.1849,2.4311,-1.1202,-3.4336,-6.2968,-9.8665,4.4987,4.3656,-0.1688,-0.1712
-1.5826,-1.9201,8.6790,2.7058,0.2329,-3.2289,-7.2927,-8.7484,1.7765,3.8943,3.3224,0.2525
-2.1284,-1.0199,9.8761,2.7876,-0.0097,-2.8833,-10.9463,-9.0788,2.3224,3.8732,1.3474,1.0784
-4.4388,0.5004,8.8801,3.4729,0.0538,-2.3303,-9.7324,-6.3662,-0.1963,3.8576,0.9622,1.9798
-4.9273,1.8004,5.6743,3.3668,0.2828,-1.0678,-8.3103,-3.2082,-3.1556,2.8198,0.5172,2.2048
-4.7645,3.1244,3.5698,2.6586,0.7697,0.1186,-8.2265,-1.6568,-2.8754,1.2957,0.3456,3.1588
-4.1180,3.6871,2.6624,1.7164,1.2321,1.2384,-6.2584,0.8188,-3.0885,-0.2529,0.0049,2.7740
-2.7246,3.9337,0.7614,-0.0945,1.4162,2.0510,-4.1851,1.9920,-2.2817,-2.0539,0.1711,2.3138
-1.1349,3.6296,2.1715,-1.9826,1.6467,2.3072,-2.1955,2.1093,-0.9337,-3.7285,0.6948,1.3249
0.8595,1.9465,3.3088,-3.6023,0.8307,2.4504,-1.6017,-0.1125,1.6185,-4.3657,0.0650,-0.4820
2.6312,0.0503,5.6910,-4.3657,-0.3645,2.1770,-0.1101,-2.8204,5.2098,-4.3657,-0.9741,-2.7669
4.4173,-1.5874,9.2416,-4.3657,-0.4656,1.3278,-2.1452,-7.3598,7.7117,-4.0088,0.2947,-4.3657
3.9983,-2.0734,16.2854,-3.6956,-1.1702,0.2803,-8.0182,-11.8848,11.5041,-1.6116,0.6371,-4.3657
5.1475,-3.3208,16.5152,-0.8641,-1.7872,-1.2846,-10.5943,-14.2120,15.4378,1.4891,-1.1715,-3.2415
3.0861,-3.0143,12.8545,1.5184,-1.3163,-2.8538,-8.4803,-12.1985,8.7891,3.9647,0.7321,-0.9798
-0.0910,-1.5347,10.1490,2.1782,-1.2470,-2.8485,-7.4771,-9.2177,2.9425,3.9716,0.6496,-0.1083
-1.0702,-0.2155,9.0956,2.1084,-0.9169,-2.1206,-8.0493,-7.9200,2.4732,3.0894,0.2020,0.2201
-1.0391,1.4341,8.6957,2.4817,0.3262,-1.2813,-11.3701,-7.3287,2.8826,2.3483,1.4786,1.9829
-2.4349,2.9760,8.0182,2.9443,1.0840,-0.2858,-9.3039,-4.8339,1.1085,1.5124,0.7382,3.6603
-1.9178,3.1556,6.6056,2.9453,1.4730,0.8962,-6.8426,-2.6552,0.7685,0.5415,0.3549,3.9821
-1.8675,3.2441,4.2617,2.6249,2.0396,1.7011,-5.6455,-0.8595,-0.7973,-0.6107,0.5473,4.1507
-1.7645,3.8810,1.8675,1.0008,2.3097,2.4160,-3.0550,1.6161,-1.0606,-2.1428,-0.0135,3.0253
-0.9194,3.3519,2.7126,-0.7761,2.2680,2.7892,-2.3750,1.0654,0.7470,-3.6872,0.5717,1.8731
1.0295,2.3248,3.6727,-2.2190,2.2427,2.8571,-1.4509,-0.2083,3.9456,-4.2633,0.0205,0.4600
3.3351,0.2490,5.0661,-3.6481,2.0334,2.2956,0.3136,-1.4892,5.4875,-3.8241,0.9040,-1.5994
5.7102,-2.6887,5.3941,-4.3657,0.2461,0.8023,2.5307,-4.0031,4.7932,-3.5310,0.6996,-3.5362
6.8594,-4.5274,10.8170,-4.3657,-2.7568,-1.3190,2.2649,-9.8737,10.9008,-2.0560,-1.2534,-4.3657
4.2976,-2.6001,17.6094,-4.0833,-2.3759,-2.3621,-8.3438,-15.3325,12.9981,0.4539,0.8219,-4.3657
2.7126,-1.7238,16.4625,-0.1486,-2.2111,-2.8895,-15.0356,-15.3181,10.2615,2.6428,1.2708,-3.6853
0.2825,-1.7693,11.2599,1.1688,-1.5920,-2.5095,-9.4236,-11.9878,7.1730,3.4692,-1.7132,0.1228
1.0463,-1.8268,9.9479,2.2058,0.3416,-2.3414,-5.1763,-9.1770,4.2018,3.0050,2.6093,0.6049
-0.3041,-0.5195,9.0692,2.5935,0.4914,-1.3980,-7.5274,-8.1020,2.3846,2.3514,1.8906,1.0110
0.5435,0.6919,8.3845,2.5512,0.3183,-0.7256,-8.8322,-7.4843,3.9696,2.0528,0.5734,2.7587
-0.2155,2.0303,8.0613,3.0254,1.1462,-0.2769,-6.9121,-5.1643,2.9377,1.5773,1.3448,3.9270
-0.8930,3.2346,7.0054,3.2599,1.5803,0.4547,-7.3502,-2.8395,1.8771,0.8168,1.0261,3.5445
-1.7526,4.1875,4.9728,3.1990,1.9390,1.1099,-6.2106,-0.5483,-0.6919,0.0159,0.7037,4.2906
-1.9656,4.8890,1.1181,1.8458,2.1484,2.2094,-2.7701,2.2865,-2.0662,-1.8079,-0.6186,3.5491
-1.2905,3.6895,-0.4836,-0.5096,2.9020,3.0125,-1.8771,2.3272,-1.4748,-3.8232,0.7172,2.4713
-0.5195,2.7366,0.4286,-2.9407,3.5228,2.6199,1.1037,2.1237,0.0838,-4.3657,0.9493,0.6230
1.0798,-0.6369,2.4325,-4.3657,2.7456,2.2953,2.2841,-1.4269,-0.6416,-4.3657,0.8472,-2.2387
5.8873,-4.6926,5.0709,-4.3657,0.0943,1.1271,3.7637,-7.9320,8.0517,-4.3657,-0.5145,-4.3657
6.9983,-6.7373,17.0419,-4.3657,-2.0908,-1.1024,-1.4820,-15.3612,16.6229,-2.4392,0.3603,-4.3657
6.2991,-5.2936,19.6127,-2.7181,-1.6609,-3.0354,-13.2663,-18.9549,16.2040,1.5463,3.0678,-4.3657
3.4524,-5.0685,14.7962,1.2557,-1.9556,-4.3657,-10.3166,-16.3141,12.9646,4.3656,-0.8719,-1.2919
1.6496,-5.2601,10.0078,2.2324,-1.2558,-4.3657,-2.6504,-12.8401,5.1260,4.3656,0.4287,-0.7686
-0.1437,-3.6536,9.1387,2.8296,0.3148,-4.3435,-4.3598,-10.5441,2.2577,4.3656,4.3656,-0.9242
-1.0846,-0.9457,8.7508,3.0090,0.1787,-3.6304,-9.5050,-9.3254,1.5347,4.0514,2.5133,1.1715
-3.3615,1.2043,8.7580,3.4615,0.1931,-2.2607,-8.4036,-6.6559,0.6393,3.4055,0.7060,2.1755
-3.3615,2.1452,6.5098,4.1352,1.4047,-0.6921,-9.5385,-4.8985,-0.9553,2.0644,2.2302,2.9657
-3.2537,4.0630,5.0063,3.7422,2.1245,0.7677,-10.1945,-3.5051,-2.3200,0.5656,1.0914,4.3603
-3.4620,4.3191,2.9233,3.1317,2.8497,2.3264,-4.6136,-0.4190,-2.9090,-1.4553,0.3120,4.3656
-1.5443,3.8188,-0.3376,1.3151,4.3349,3.1837,-3.5769,0.3208,-0.5435,-3.6697,1.2592,4.3656
-1.2474,3.4117,0.7973,-1.2712,4.3656,2.7181,-0.5555,2.2625,1.4341,-4.3657,2.7387,3.0030
-1.4509,2.8276,2.4517,-2.8691,4.3656,2.1500,-2.3774,0.7614,2.4780,-4.3657,3.0980,0.6137
-0.9361,1.9680,6.3686,-3.3271,4.0906,1.6515,-5.0278,-1.2713,3.1436,-4.3657,3.0391,-0.8992
0.3974,1.2378,8.2265,-3.2322,2.1322,0.7608,-3.9241,-2.5163,5.1787,-3.2394,1.6495,-1.9939
0.9553,0.8260,10.3022,-2.9508,-0.0965,-0.2104,-3.3710,-5.4540,10.4794,-0.8612,-0.5693,-3.6254
2.4660,-0.1628,13.4913,-2.0731,-0.9682,-1.1798,-6.1723,-7.9464,7.8578,1.0822,1.5572,-4.3657
1.4413,-1.1061,14.4011,-1.4853,-3.5378,-2.6877,-5.6599,-9.2320,8.5545,3.4346,-1.1786,-4.3657
1.3455,-0.9218,12.0476,-1.2704,-4.3657,-3.0330,-5.9735,-10.3549,7.4819,4.0913,-3.5530,-4.3657
1.8364,-0.4597,11.9566,-1.5094,-4.3657,-3.1972,-6.2944,-12.2248,9.1985,3.4097,-2.2668,-4.3657
1.5323,-0.6393,16.2973,0.1152,-1.6846,-3.2510,-10.7859,-14.6238,10.6877,2.9748,2.4391,-3.4262
0.4286,-0.0024,12.4068,2.7145,-0.9112,-3.0433,-13.0412,-12.9095,6.1914,3.7838,2.2760,1.0860
-0.3615,0.8787,9.9359,2.5772,-1.4029,-2.2480,-6.5170,-8.1930,3.7493,3.3605,-0.8833,3.0767
-0.5770,2.0135,7.6758,3.1732,0.2795,-1.6630,-6.4189,-5.6407,3.9002,2.7005,2.0823,2.5115
-0.9290,3.3351,5.8897,3.1108,1.0772,-1.0491,-8.1355,-3.6129,1.0774,1.7199,2.3722,3.1620
-2.8635,4.7046,3.9169,2.9949,1.5358,-0.2490,-6.6200,-0.8523,-1.2689,0.7834,0.6274,3.8036
-3.4046,5.7964,1.0104,2.2228,2.3738,1.0563,-5.6000,1.6544,-2.4445,-1.0340,1.2380,3.5046
-3.1556,5.7389,-0.6345,0.5040,3.8079,2.2075,-4.7932,1.8771,-1.6472,-3.4963,1.5516,3.3598
-1.9992,4.1228,0.9768,-1.3671,4.3656,2.6449,-3.6272,1.4748,0.2466,-4.3657,2.6850,2.6664
-1.3647,3.0119,3.2250,-2.9483,4.3656,2.0765,-2.7725,0.5028,2.9904,-4.3657,3.4286,0.8380
-0.8356,1.5945,6.3686,-3.7916,4.3656,1.3061,-3.2657,-1.1349,3.1316,-4.3657,3.2865,-1.0994
2.0494,-0.0144,11.6454,-3.2314,-0.9978,-1.0575,-5.3750,-6.8522,9.5984,-0.4996,-0.7200,-4.2006
2.2146,-0.0838,17.8560,-1.9974,-2.6172,-2.2763,-8.7149,-10.3358,9.7396,1.8812,0.1865,-4.3657
-0.1676,-0.3711,16.0962,0.9370,-4.3657,-3.0983,-12.0093,-13.1561,12.1673,4.3656,-1.4221,-3.3538
0.2251,-0.5435,12.6749,1.9436,-3.9319,-3.4522,-8.5114,-11.4706,7.8482,4.3656,-1.0525,-1.6061
-0.7805,-0.0239,12.3062,2.5229,-3.9643,-3.9011,-6.7852,-9.5936,6.4596,4.3656,0.5183,-1.9332
-0.9673,1.8148,8.2289,2.5395,-4.1507,-3.5915,-8.3534,-7.8482,3.2561,4.3656,-0.1360,-1.5929
-1.3336,3.7373,6.4500,2.1529,-2.2569,-3.1399,-9.5289,-6.1483,2.8946,4.2968,1.0295,-0.0830
-2.3104,5.0230,6.4141,2.4609,-0.6403,-2.2451,-12.2559,-5.1308,0.8404,3.0511,1.8194,2.0719
-3.8523,5.7078,3.9959,2.5086,0.2104,-0.8792,-6.5984,-0.2610,-2.1141,1.7997,-0.2017,2.6255
-3.9480,6.3734,0.8763,1.6070,1.6717,0.4635,-8.5808,0.3112,-4.3287,-0.6864,1.5387,3.4663
-4.5681,6.2321,0.0814,0.2898,3.4095,1.9180,-6.3255,1.8244,-3.8211,-3.2702,0.9860,3.3197
-4.0510,5.3726,0.8978,-1.3474,4.3309,2.8330,-5.1858,1.6185,-2.1189,-4.3657,1.5318,2.7649
-1.6927,3.5937,1.2905,-3.0169,4.1733,3.2143,-2.8323,0.4932,1.1779,-4.3657,1.1643,1.5871
0.8212,1.6113,3.8379,-4.3657,3.8124,2.7055,-1.5826,-1.3024,4.1851,-4.3657,1.1247,0.0212
2.7964,-0.2227,7.9152,-4.3657,3.2270,1.6034,-1.4796,-4.6926,8.5521,-4.3657,1.9252,-2.1727
3.8283,-1.4533,16.5487,-4.3657,1.7854,-0.0292,-5.7868,-10.1754,14.7770,-2.7665,2.7765,-4.3657
3.3327,-0.6632,19.6127,-0.8599,-1.4409,-1.6706,-13.6469,-12.9694,13.0939,2.4580,2.3338,-2.9560
-0.6991,-0.0718,14.1330,2.1666,-3.2470,-2.6898,-10.6734,-9.8617,5.9400,4.3656,-2.8686,-1.2009
-2.1811,3.9241,8.0014,2.2060,-0.7258,-1.5306,-9.2895,-4.2593,1.5993,2.8502,1.0445,1.2668
-2.8515,4.6926,5.5952,2.5089,-0.1123,-0.8123,-10.9223,-3.2681,0.5435,1.8206,0.7298,2.2035
-4.1875,6.0597,3.5027,2.2491,1.2009,0.2775,-7.7476,0.0622,-3.5913,0.3471,0.6482,3.1754
-6.1794,6.1100,-0.1532,1.3438,2.7665,2.2111,-7.5322,1.6520,-7.3478,-2.9019,0.6971,2.9576
-3.5698,3.9433,-3.1484,-1.9041,4.3656,3.2247,-3.8906,0.8164,-3.2346,-4.3657,1.4398,2.8923
-2.6121,1.2785,2.0207,-4.3657,4.3656,2.7474,-0.5387,0.0910,-0.9936,-4.3657,2.6259,0.6524
0.3950,-1.8459,4.4029,-4.3657,3.6159,1.9248,0.4812,-4.1779,3.1316,-4.3657,1.3320,-2.0829
2.7102,-3.6176,11.9590,-4.3657,1.2877,0.4166,-1.7262,-9.8665,10.9319,-4.3657,0.4557,-4.3657
3.3232,-2.7078,19.3428,-3.8714,-0.5577,-1.2227,-7.8434,-12.7300,13.2854,-0.3556,2.3080,-4.3657
1.8028,-1.0534,16.1585,-0.6167,-4.1605,-2.4249,-10.8912,-12.1290,9.5313,3.3408,-2.0398,-3.5053
1.2833,-0.8787,11.6957,0.4162,-4.3657,-2.8453,-6.0621,-9.9814,8.5258,4.3656,-3.6066,-2.4247
1.7621,-0.8332,10.5704,0.8944,-3.0852,-3.2391,-5.7341,-9.8665,6.4189,3.9202,0.7460,-2.3930
-0.7494,0.3089,10.4220,1.5643,-1.9502,-3.0469,-9.0644,-9.6055,4.4412,3.7266,1.2003,-1.3771
-0.5914,1.4246,9.8067,1.5765,-1.4565,-2.1318,-10.6925,-9.5481,4.8483,2.9254,0.3151,0.2102
-0.4573,1.6592,11.0564,2.3056,-0.1994,-1.6033,-9.3685,-8.0445,5.1404,2.5330,1.6065,1.2871
-0.9457,2.1955,8.6886,3.0141,0.4447,-1.1118,-6.2968,-5.4324,2.5163,2.3919,0.9226,2.3339
-0.5219,3.2417,6.9216,2.6444,0.6278,-0.4975,-9.1028,-4.9057,2.7581,1.5320,1.5652,3.1642
-1.7621,4.0438,6.1914,2.5046,1.1381,0.1601,-6.3853,-1.6448,0.8356,0.6963,0.7910,2.6818
-1.4006,4.5322,3.7493,1.6587,1.6049,0.8430,-5.3319,0.0287,0.4645,-0.4660,0.6427,2.6179
-1.9297,5.5569,2.9425,0.5919,2.6325,1.4586,-7.4603,0.2514,-0.2921,-2.1250,1.4997,3.0691
-3.5027,5.1020,3.1987,-0.4676,3.5809,2.2957,-6.7133,0.6105,-2.7845,-3.8646,1.2700,2.8249
-3.0957,3.4644,1.2881,-2.0783,3.7704,2.7599,-4.2401,-0.4166,-0.3448,-4.3657,0.7890,1.9925
-2.6935,1.1803,4.3383,-3.4853,4.2678,2.8204,-3.8211,-1.7885,0.5219,-4.3657,2.0977,0.5348
-1.3910,-0.6584,5.4372,-4.3657,2.7948,3.0966,-2.4828,-3.7757,3.2298,-4.3657,1.0750,-1.5307
2.5762,-2.1308,9.2344,-4.3657,1.5005,1.4770,-3.6679,-5.7652,4.4245,-4.0309,0.7092,-2.6969
2.8036,-3.1173,10.5489,-4.0618,-0.2892,-0.9373,-2.4325,-8.0421,7.2856,-2.4004,-0.6009,-3.5799
2.7031,-3.0358,13.4147,-3.4067,-1.9624,-1.7131,-4.3287,-10.8840,11.5855,0.0509,-0.8628,-4.3657
2.6169,-2.7509,14.0707,-1.7140,-2.4273,-2.5566,-7.1539,-12.2032,9.1842,2.0010,0.7012,-4.2930
1.4676,-2.1284,13.1442,-0.4431,-2.6461,-2.8863,-8.7867,-12.0716,7.4795,3.1940,-0.5814,-2.7230
0.7901,-2.4804,11.7268,0.7008,-2.0820,-3.1123,-5.9424,-10.7404,6.1268,3.6036,0.1470,-2.0141
-0.5746,-1.9585,10.1227,1.1532,-1.4150,-2.7707,-6.5170,-9.9311,2.4493,3.4528,1.2569,-1.6669
0.0168,-1.6137,9.4858,1.0088,-1.4794,-2.4744,-6.7540,-9.2488,3.7493,2.9087,0.3103,-0.9859
-0.4405,-0.9768,9.2608,1.1736,-0.9425,-2.0630,-7.1084,-8.8753,3.4955,2.4309,0.7919,-0.3256
-0.4741,0.2586,9.6798,1.5756,-0.2289,-1.5448,-9.9096,-8.9304,3.8858,2.0896,1.4212,0.6618
-1.5371,1.2378,9.4332,2.3831,0.0774,-0.9168,-10.8338,-8.1044,1.6735,1.7908,0.7572,2.8230
-1.6352,1.5227,6.6918,2.7803,0.5573,0.3500,-7.5944,-5.1954,-0.3687,0.6720,-0.4134,4.0901
-0.4046,2.3224,3.8666,2.3341,1.5875,1.1395,-6.6439,-4.4772,0.9673,-0.8147,0.3231,4.3656
-1.3072,2.2434,3.1532,1.4875,2.9304,1.7941,0.8284,0.5531,0.7925,-1.7686,0.2886,3.8545
-0.3998,2.3535,1.2641,-0.3204,3.2418,2.2866,-2.2625,0.5243,0.3807,-3.1431,2.3061,2.1623
0.5315,1.0439,2.7438,-2.2140,3.8718,2.1909,-0.1724,0.4094,1.4509,-4.2770,2.1957,0.4357
4.8435,-0.5219,5.5833,-4.0302,2.0093,1.0277,1.4581,-1.5347,6.1746,-3.9103,1.4420,-1.6606
6.0214,-2.2410,9.2799,-4.3657,-0.3786,-0.5392,1.9345,-5.4516,9.2847,-2.3467,0.4603,-4.3632
4.9273,-2.9233,14.0540,-4.2537,-1.5641,-1.8981,-3.7900,-10.8649,11.0373,-0.3202,0.4369,-4.3657
4.2258,-3.2561,15.3061,-2.3314,-1.8355,-3.1806,-8.4587,-14.1449,11.2192,2.0011,0.9375,-4.3657
-0.5483,-3.9672,14.2838,0.3563,-1.8390,-3.7366,-9.1315,-14.6262,6.4739,3.7110,0.6607,-3.4208
-1.2761,-3.8595,10.6686,1.1766,-1.6248,-3.1550,-8.9926,-13.7667,3.1651,3.8606,0.7462,-1.4671
-1.9656,-3.0598,10.3597,1.7632,-0.7380,-2.5711,-8.7412,-11.7843,1.1732,3.1299,1.4633,-0.2703
-1.7166,-1.8986,9.0477,2.1252,-0.1949,-1.7722,-8.7245,-10.1035,1.3599,2.4937,0.8804,1.2853
-2.3152,-0.7590,8.5952,2.3582,0.2273,-1.1142,-6.8139,-7.6351,1.0870,1.9243,0.7485,1.7391
-2.2817,0.4549,7.5298,2.6307,1.0320,-0.3515,-8.0996,-6.7253,0.8930,1.2466,1.3655,2.7936
-2.5786,1.4174,6.9456,2.4838,1.3226,0.5862,-7.4388,-5.1547,-0.0239,0.3750,0.5837,3.6651
-2.1500,2.0734,5.8730,2.3960,1.5731,1.5218,-6.2153,-3.1627,0.0215,-0.4758,0.3332,3.6820
-1.8842,2.3990,3.1149,1.6467,2.4236,2.2725,-4.9560,-1.1396,-1.4676,-1.8551,0.4926,3.3464
-2.1165,2.7031,1.3695,-0.0402,3.5136,2.7625,-3.5769,-0.2083,-1.6927,-3.7162,1.1183,2.9358
-0.2322,1.2163,1.9992,-2.0070,3.4567,2.9683,-0.2418,-0.3065,1.4557,-4.3657,0.7667,1.6430
1.5682,-0.2059,5.0446,-3.7188,3.7952,2.2127,-0.3879,-2.4924,4.1515,-4.3657,1.4925,-0.9530
4.5346,-2.5091,9.9024,-4.3657,1.9831,0.7029,-1.7549,-5.9233,7.5322,-3.8741,2.5149,-3.0230
6.2991,-4.5921,13.5081,-4.3657,-3.2656,-1.5240,0.2969,-8.7436,11.2791,-0.3758,-2.0873,-4.3657
4.1300,-3.8235,15.2175,-3.0493,-4.3657,-2.7764,-3.3184,-12.6438,12.7659,2.1258,-4.1953,-4.3657
4.3048,-3.0311,13.2304,-1.8219,-3.5794,-3.5585,-5.8203,-13.5129,10.3980,2.7757,-0.0242,-4.3657
2.7007,-2.9113,12.5265,-0.0481,-2.5141,-3.7656,-7.7812,-13.3022,9.0357,3.4807,0.5331,-3.5507
2.3439,-3.0478,9.4930,0.7280,-1.8214,-3.5713,-5.5426,-11.6909,5.9664,3.5037,0.2224,-1.7223
2.4086,-2.6647,10.2831,0.9858,-0.4335,-3.0621,-4.4556,-10.1466,4.9799,2.9204,2.0162,-1.0323
1.0702,-1.4365,9.0477,1.3616,-0.4627,-2.4945,-6.2800,-9.3374,4.6855,2.6019,1.2187,-0.2868
1.7142,-0.4357,9.6726,1.4217,0.0175,-1.8768,-6.1052,-8.0206,5.4851,2.1550,1.1695,0.4375
0.6871,0.6895,8.6933,2.3180,0.9527,-1.3002,-7.5154,-6.9911,4.0127,1.9436,2.2521,1.6056
-0.9074,2.3128,6.5386,2.6124,1.3799,-0.4021,-7.5154,-4.8866,1.4892,1.1455,1.2393,2.6798
-2.1620,3.1532,5.0973,2.5643,2.2950,0.8010,-8.5497,-4.1037,-0.2538,-0.2781,1.7251,3.6035
-1.9704,2.9113,3.3543,1.8381,3.7255,2.0916,-4.7669,-1.7406,-1.5131,-2.1686,1.3592,4.2594
3.6320,-1.7023,11.1666,-3.1014,3.4190,1.8790,-1.9034,-5.2385,9.1147,-4.1951,2.6067,-0.2610
4.5945,-2.1500,12.6629,-2.4108,0.5055,-0.1081,-2.7964,-6.0047,9.2225,-1.2742,0.9333,-2.2761
3.6823,-1.9728,11.7053,-1.7154,-2.3445,-1.8812,-2.8563,-7.6112,9.9048,1.1892,-1.5884,-3.5907
2.2649,-1.8603,11.6023,-1.3223,-2.8956,-2.9783,-4.7381,-9.6079,8.6503,2.6909,-0.4935,-4.3657
1.9489,-2.2290,12.2320,-0.5625,-2.9993,-4.0436,-7.2616,-11.4275,7.7165,3.6605,0.3978,-3.9171
-0.9098,-1.4174,13.0053,0.4080,-3.0891,-4.0562,-7.9703,-11.2312,5.9209,4.1619,-0.2677,-3.3971
0.3639,-1.3623,10.8074,1.1433,-2.2210,-3.6331,-7.6998,-11.0397,6.7588,4.2561,0.6234,-2.2540
-0.1053,-0.5866,9.7252,1.6811,-1.4432,-3.3221,-7.2329,-8.9878,3.6943,3.9257,1.5040,-1.1700
0.4166,0.9553,9.8976,1.9145,-1.4654,-2.9432,-7.5968,-8.1403,6.8642,3.9019,0.9819,-0.4786
0.2777,0.9984,8.7149,2.8669,-0.8404,-2.5696,-7.7069,-7.1251,3.3591,4.0518,1.5989,0.6058
-0.6584,2.3463,7.3119,2.8441,-0.5664,-1.9553,-7.7716,-5.8945,2.3463,3.2151,0.9221,2.0817
-0.2155,2.8036,7.3382,2.8396,0.1604,-0.9172,-6.0382,-3.1987,1.5610,2.0511,0.6388,1.8495
-3.5578,5.0063,4.5993,2.0494,3.0823,1.5378,-7.1395,-0.4286,-1.1588,-1.7276,1.1102,3.5637
-1.1061,5.5761,0.5626,0.7242,4.3656,2.8607,-6.4117,-0.3232,0.6177,-3.9350,2.0315,3.8625
-1.1971,4.3718,2.9544,-1.3363,4.3656,2.3402,-5.2457,-0.8835,1.8483,-4.3657,3.1596,4.2226
-2.8898,2.8419,3.6057,-2.8714,4.3656,2.9236,-2.8994,0.1891,1.5945,-4.3657,1.6122,2.6971
0.7374,0.3352,5.0661,-4.3657,2.4384,2.7266,-1.0942,-0.9361,1.7861,-4.3657,0.7175,0.5850
2.2625,-1.7334,5.4851,-4.3657,1.1835,1.3861,2.8611,-2.2984,3.8978,-4.3657,0.2028,-2.2812
3.2609,-2.3679,9.0501,-4.3657,-0.5253,0.1480,-0.7111,-7.0940,6.8283,-3.6318,0.1835,-4.3657
4.6184,-3.5793,12.8640,-4.3657,-1.5696,-1.6670,-3.5985,-11.6981,10.4507,-1.3562,0.7823,-4.3657
3.2992,-3.2801,15.8903,-2.6013,-3.1271,-2.8468,-7.4268,-14.3604,12.8593,1.6942,-0.7298,-4.3657
3.0406,-3.1723,16.5559,-0.4858,-3.7598,-3.3358,-9.9695,-15.6557,12.2392,3.6938,-1.0420,-4.3363
3.1125,-3.5721,13.1250,1.5154,-2.4507,-3.8181,-8.0828,-13.9773,9.3182,4.3656,0.4499,-2.1440
1.4940,-2.6600,10.1442,2.2709,-1.4132,-4.0683,-5.4779,-10.6303,4.2306,4.3656,1.1435,-0.9082
0.9002,-0.7757,8.8346,2.0295,-1.1426,-3.1028,-4.9392,-7.9727,4.3383,3.7237,1.0774,-0.8288
0.9577,0.6009,8.8035,2.2263,-0.2975,-2.5054,-8.4396,-8.1235,5.1571,3.3454,1.9336,0.1960
0.0694,1.5323,8.8250,2.7977,0.0594,-2.0023,-6.9360,-6.3255,4.0223,3.0457,1.1969,1.3725
0.2107,2.1548,8.0038,3.0093,0.3844,-0.9129,-7.5154,-5.4755,3.6176,2.4680,1.2847,2.0239
-0.5578,3.3255,6.5338,3.3600,1.1947,0.0885,-7.8937,-3.8140,1.5419,1.4262,1.2197,2.9352
-0.9912,4.3431,4.7764,2.9180,1.9409,1.3348,-8.5018,-2.6288,0.1077,-0.1660,0.9457,4.3481
-1.8196,4.8315,1.9585,2.0018,3.2835,2.4050,-3.9672,0.2346,-1.3934,-2.2629,0.5469,4.3656
-1.7765,4.5418,1.2977,0.1319,4.3656,3.1977,-5.6336,-1.3264,0.6081,-4.3657,2.3855,4.3656
-2.5786,3.2872,4.2018,-1.4193,4.3656,3.6138,-4.7860,-1.6783,0.9601,-4.3657,3.2710,4.0136
-0.3017,-0.1580,3.3543,-4.0136,3.7615,3.6019,-0.5195,-2.3511,1.8914,-4.3657,0.5613,1.4478
2.1739,-3.0335,5.7628,-4.3657,2.9433,2.6309,1.5658,-5.1739,5.0015,-4.3657,1.7143,-1.8202
3.8954,-5.2577,9.9048,-4.3657,2.1166,1.0637,-1.1205,-9.9527,7.0006,-4.3657,2.3615,-4.1560
4.9847,-6.4500,14.6046,-4.3657,0.0512,-0.7380,-4.6974,-14.1928,10.8338,-2.4452,1.9281,-4.3657
3.4931,-6.3087,17.5950,-2.8963,-1.7428,-2.3561,-7.7692,-15.2343,10.1299,0.8391,0.3128,-4.3657
2.1452,-5.9256,16.3524,-0.6111,-2.5001,-3.4182,-7.2975,-15.2511,9.3565,3.0583,-0.8757,-3.7654
2.2266,-6.4476,13.1490,1.1130,-2.3916,-4.2242,-6.1268,-15.2391,8.4252,4.3656,0.6684,-2.7476
1.4150,-6.2417,11.4754,1.9205,-1.8450,-4.3657,-4.5873,-13.9582,5.7365,4.3656,1.3869,-2.0776
-0.1030,-4.8435,10.2400,2.6012,-1.4156,-4.3657,-5.4468,-12.7252,3.8523,4.3656,2.0318,-1.6546
0.2322,-3.4453,9.4332,2.7242,-1.1964,-4.3657,-5.3534,-11.2671,3.5769,4.3656,1.8351,-0.9959
-1.0080,-1.6400,9.6007,3.2666,-0.6860,-4.1439,-7.4867,-10.2041,2.8060,4.3656,2.4153,-0.2952
-2.4900,2.1404,6.4045,4.0229,0.4814,-1.7176,-8.7891,-5.9975,0.8116,3.3317,1.5224,1.9063
-2.6480,3.6368,4.2665,3.8331,1.9460,-0.4511,-8.1618,-3.1412,-2.7294,1.5992,2.1934,3.4291
-3.9792,5.1571,2.2745,3.0170,3.0908,1.3646,-7.5369,-1.3934,-2.3415,-0.6607,1.2582,4.3656
-2.3607,5.0422,-0.0168,1.3788,4.3656,2.7641,-4.4221,-0.0263,-0.8164,-3.2924,1.8273,4.3656
-2.3248,4.2737,1.5562,-0.5846,4.3656,3.1813,-3.2346,1.2282,0.3304,-4.3657,2.9412,3.9920
-1.1420,3.2082,1.8387,-2.3032,4.3656,2.7893,-2.7174,0.9481,1.2785,-4.3657,3.0908,2.9048
0.0622,1.5874,3.4596,-3.8756,3.9302,2.0825,-0.1891,1.0798,1.3144,-4.3657,1.5459,1.0194
2.0566,-1.1037,4.7238,-4.3657,1.1370,0.9397,3.3782,-1.2737,2.8443,-4.3657,0.1895,-1.9361
3.4381,-3.8068,6.3470,-4.3657,-1.3518,-0.0281,3.7326,-6.5577,3.9600,-4.3657,-0.8765,-4.3657
4.6950,-4.5418,10.7907,-4.3657,-2.2953,-0.7037,-0.8236,-12.9071,8.4683,-3.4222,-0.1344,-4.3657
4.3574,-4.3598,17.1760,-4.3657,-1.3765,-2.1481,-8.6239,-17.0491,12.5217,-0.5637,2.2567,-4.3657
2.7797,-4.0462,18.7298,-1.0407,-2.0547,-3.3400,-14.1114,-17.4585,11.6286,2.2584,0.6953,-3.7918
2.7078,-5.1236,13.5775,1.1182,-1.7393,-3.6361,-6.7086,-15.0188,10.9104,4.1865,-1.2982,-1.1099
2.9257,-6.5362,12.3277,2.3727,-0.4975,-4.3657,-2.9856,-14.4322,7.0868,4.3656,3.0698,-1.1536
0.3089,-4.7453,11.7172,3.4424,-0.6503,-4.3657,-5.8610,-13.4458,4.0821,4.3656,3.1099,-0.6639
-0.5555,-1.8842,9.6893,3.6280,-1.2165,-4.1685,-7.7716,-10.3046,1.4820,4.3656,0.9312,0.3210
-2.4301,0.5339,7.9583,3.9456,-0.2090,-3.2019,-8.3893,-7.9607,1.2258,4.3656,1.7710,1.4246
-2.9497,2.1859,5.9807,4.3087,1.4049,-1.7022,-9.2895,-5.8035,-0.9218,3.2305,1.9712,3.4999
-4.3215,3.6823,3.1268,3.6744,2.3455,0.1087,-6.0932,-1.3647,-4.0318,1.1638,1.2157,3.8153
-3.2034,4.9632,-1.6281,1.5996,3.4963,1.5539,-4.5394,1.0199,-3.4716,-1.9167,1.4741,4.3656
-5.4588,3.8283,-0.2801,-1.0588,4.3656,2.8197,-3.7038,1.8340,-2.6360,-4.3657,2.3104,3.6439
-3.4069,2.1141,3.3495,-3.1433,4.3656,3.1564,-2.7078,0.9098,-1.3647,-4.3657,4.3656,2.1923
-1.7310,0.2705,4.5610,-4.3050,4.3656,2.7855,-3.5626,-1.4700,1.3192,-4.3657,2.6498,0.1455
1.3312,-1.4700,6.1435,-4.3657,1.7163,1.9526,-0.5962,-2.6624,3.0191,-4.3657,-0.2509,-1.5248
3.1149,-3.8092,8.1427,-4.3657,-0.5665,0.5994,1.1732,-6.2345,5.1523,-4.1752,-0.0013,-4.1070
5.0326,-4.1899,13.5344,-4.3657,-3.2567,-0.7349,-3.0047,-11.3772,10.7859,-1.6113,-1.2434,-4.3657
6.3351,-3.9887,14.0635,-3.9243,-3.6802,-2.1330,-5.5210,-13.0628,10.4052,0.4451,-1.5215,-4.3657
3.9265,-3.7733,16.0986,-1.6968,-3.6295,-2.8641,-6.7924,-14.0468,11.5496,1.8748,-1.3535,-4.3657
3.1867,-3.5075,13.8002,-0.0233,-2.3112,-3.3582,-8.5425,-15.1170,12.6246,3.1872,-0.0313,-3.4504
3.5051,-4.1899,11.6310,1.7229,-0.2350,-3.6805,-7.2640,-13.6661,8.0565,4.1010,2.5141,-1.1718
1.1420,-3.3016,11.0014,2.4980,0.2078,-3.9490,-6.4452,-12.0907,5.2936,4.3656,2.4143,-0.0100
-0.0455,-1.6568,11.0229,3.3478,-0.0278,-3.5326,-8.6526,-11.0349,4.0917,4.3656,2.1390,1.5048
-1.4844,0.1987,9.1339,4.2257,0.8992,-2.6041,-9.3805,-8.5856,1.4892,4.0260,2.0151,2.4786
-3.4213,2.3798,6.2010,4.3656,1.9843,-1.1699,-9.4499,-6.1435,-0.3735,2.9707,1.9016,4.3656
-4.0414,3.2992,3.2346,4.3250,2.9532,0.5681,-4.9608,-1.1636,-3.8427,1.2257,1.2805,4.3656
-3.6631,3.9504,0.5578,2.2873,3.6333,2.1184,-5.1811,0.8547,-3.4979,-1.7002,1.7355,4.3656
-2.7797,3.9456,-0.0718,-0.3036,4.3656,2.5855,-1.8292,3.0119,0.0982,-3.9488,2.5566,3.8123
-2.8156,2.7174,2.3224,-2.3896,4.3656,2.6476,-3.3782,2.1548,-0.8978,-4.3657,4.2209,2.3337
-0.5195,0.5602,4.3790,-4.3657,3.7542,1.9208,-2.0806,-0.1269,1.6640,-4.3657,2.6252,-0.3091
1.5682,-1.4293,9.7683,-4.3657,0.6855,0.8434,-2.1859,-4.0127,7.4867,-4.3464,1.1608,-2.7539
3.7158,-1.3934,14.9278,-4.3657,-1.3651,-0.2112,-3.7182,-6.8307,9.2943,-1.3599,0.2987,-4.3657
4.5298,-1.6735,13.5488,-3.1856,-3.0760,-1.9949,-4.6304,-9.3302,10.4172,0.8604,-1.7096,-4.3657
3.5530,-1.2737,13.4794,-2.1340,-3.9062,-2.8382,-6.9025,-12.1027,12.0764,2.3009,-1.8904,-4.3657
1.9848,-1.6712,14.2934,-0.3146,-2.2653,-3.9203,-10.2113,-12.8784,9.5313,3.6062,1.7363,-4.3657
0.6608,-1.5706,12.3421,1.1343,-1.8630,-4.1563,-9.6965,-11.8274,8.0445,4.3656,0.6969,-2.0889
-0.3112,-1.5610,9.8210,1.9416,-1.1465,-4.1214,-7.3095,-10.1778,4.6352,4.3656,1.5819,-0.9153
-1.6113,0.4405,9.3972,2.2216,-0.3208,-4.0201,-11.0085,-9.9407,4.2760,4.3656,2.7835,0.9058
-3.3279,1.4006,9.5912,3.1932,0.7486,-3.0014,-8.9232,-7.2185,1.2450,4.0633,1.7964,2.3030
-4.3024,2.4852,7.0677,3.7283,1.5560,-1.6554,-9.5816,-4.7740,-1.8962,3.0393,2.2002,3.3203
-6.1459,3.3232,5.1571,3.4275,2.2605,0.3504,-8.6119,-1.9968,-4.9488,0.9182,1.5755,4.3656
-6.2872,3.9816,2.4612,2.6316,3.3125,2.0736,-7.1299,0.7733,-6.8642,-2.0109,1.1731,4.3656
-5.4061,3.1388,-1.4557,-0.1848,4.3656,3.5442,-2.8683,2.4732,-2.0135,-4.3657,0.9122,3.8296
-3.3327,2.0518,2.9185,-2.9628,4.3656,3.6111,-4.1587,1.5443,-2.4948,-4.3657,4.1633,2.3353
-0.8188,0.9505,5.7820,-4.0461,3.3592,2.9609,-3.0670,-0.1149,-0.1221,-4.3657,2.6533,-0.0221
2.0303,-0.4453,4.8147,-4.3657,-0.9054,2.1114,1.8866,-1.5945,4.9584,-4.3657,-3.4427,-2.1937
4.5681,-1.6568,6.2776,-4.3657,-2.9960,1.5604,-0.2442,-6.0478,10.4339,-3.8423,-3.2864,-3.9102
8.0828,-2.6624,11.2097,-4.3657,-0.1825,-0.4024,-1.3695,-7.6207,9.7899,-2.7535,2.6269,-4.3657
3.0981,-2.6360,14.1378,-3.4605,-0.1779,-2.6112,-4.8483,-10.7236,10.3525,-0.0465,2.2925,-4.3657
2.9521,-2.7078,14.3939,-2.3486,-2.6665,-3.1912,-9.2009,-13.3740,9.7444,2.1093,-0.6719,-4.3657
1.2929,-3.6224,14.8967,-0.2964,-1.7308,-3.5643,-10.6925,-14.2766,8.1666,3.0543,1.1481,-3.0635
0.8475,-4.8363,12.8353,1.1570,-1.1471,-3.6150,-6.9097,-13.2758,6.7205,3.8865,0.4455,-1.5108
0.8045,-4.8459,11.7483,1.9930,-0.7646,-4.1557,-6.1986,-12.7060,5.9687,4.3656,1.9335,-0.8312
-0.4836,-3.0478,11.1163,2.9080,-0.5307,-3.7678,-6.4332,-10.6063,3.3495,4.3656,1.6084,-0.2012
-0.3304,-1.2163,8.9328,3.2740,-0.0297,-3.3588,-7.8266,-9.2943,3.4524,4.3656,1.6317,0.4108
-3.2489,0.8404,8.6957,3.9243,1.3591,-2.0936,-8.7029,-8.3175,1.4748,3.8315,2.4079,2.2865
-3.0358,2.0518,6.2297,4.2651,2.7210,-0.3916,-9.8258,-5.7533,-2.2170,1.7837,2.9631,4.3656
-4.3862,2.6671,4.9416,3.5029,3.9494,1.7500,-5.3893,-1.2426,-2.2242,-0.5450,1.8020,4.3656
-2.6025,3.6272,2.8515,1.9799,4.3656,2.2047,-6.0621,-0.4405,0.8212,-2.4761,3.1786,4.3656
-3.3519,5.1451,4.8770,0.9991,4.2587,2.5483,-4.8674,2.4660,-0.1173,-2.7820,2.1452,4.1853
-3.2968,5.1978,2.2721,0.1283,3.3950,3.0274,-5.0661,3.5769,-1.2330,-3.5268,1.2408,2.9078
-1.0415,4.9392,1.2306,-1.3235,2.5508,2.9346,-2.8156,4.2617,0.1341,-4.2094,0.4831,1.6533
0.0407,3.6248,1.4892,-3.0040,1.5617,2.5632,-1.2594,3.5219,-0.0503,-4.3657,-0.1625,0.2519
2.1883,0.9792,2.2745,-4.3657,0.4013,1.7801,4.3814,1.1875,3.7541,-4.3657,-1.4414,-2.5903
7.8673,-1.7190,3.1316,-4.3657,-1.6089,0.1635,4.5250,-4.9129,8.9759,-4.2654,-0.7354,-4.3657
7.5417,-3.7804,11.8489,-4.3657,-0.6588,-1.5819,-0.3591,-10.2304,11.0732,-2.4321,2.4223,-4.3657
